OrderID,OrderDate,ShipDate,CustomerID,ProductID,RegionID,SalesChannel,PaymentMethod,Quantity,UnitPrice,Discount,TotalSales,TotalCost,TotalProfit
ORD-2023-01928,2023-01-01,2023-01-04,CUST-0207,PRD-002,R106,Online,PayPal,4,1699,0.1,6116.4,4400,1716.4
ORD-2023-00326,2023-01-02,2023-01-06,CUST-0027,PRD-008,R108,In-Store,Cash,4,49,0,196,72,124
ORD-2023-03317,2023-01-02,2023-01-03,CUST-0147,PRD-020,R108,Distributor,Cash,6,230,0.05,1311,660,651
ORD-2023-00818,2023-01-03,2023-01-04,CUST-0229,PRD-019,R107,Online,Cash,2,175,0,350,150,200
ORD-2023-01713,2023-01-03,2023-01-05,CUST-0084,PRD-026,R101,Distributor,Bank Transfer,6,210,0.05,1197,570,627
ORD-2023-03069,2023-01-03,2023-01-05,CUST-0224,PRD-019,R105,Distributor,Bank Transfer,5,175,0.15,743.75,375,368.75
ORD-2023-00447,2023-01-04,2023-01-07,CUST-0179,PRD-016,R108,In-Store,PayPal,4,24,0.05,91.2,36,55.2
ORD-2023-00968,2023-01-04,2023-01-06,CUST-0116,PRD-002,R106,In-Store,Cash,2,1699,0,3398,2200,1198
ORD-2023-01694,2023-01-04,2023-01-06,CUST-0112,PRD-020,R103,In-Store,Cash,4,230,0,920,440,480
ORD-2023-01726,2023-01-04,2023-01-09,CUST-0061,PRD-015,R108,In-Store,PayPal,1,15,0.05,14.25,5,9.25
ORD-2023-01109,2023-01-05,2023-01-07,CUST-0122,PRD-018,R106,Distributor,PayPal,1,85,0.1,76.5,40,36.5
ORD-2023-02166,2023-01-05,2023-01-08,CUST-0008,PRD-002,R103,Distributor,Cash,1,1699,0.05,1614.05,1100,514.05
ORD-2023-02105,2023-01-07,2023-01-10,CUST-0242,PRD-002,R105,In-Store,Cash,6,1699,0.15,8664.9,6600,2064.9
ORD-2023-03264,2023-01-07,2023-01-10,CUST-0064,PRD-017,R106,In-Store,Bank Transfer,4,139,0.05,528.2,260,268.2
ORD-2023-00512,2023-01-08,2023-01-09,CUST-0162,PRD-013,R108,In-Store,Bank Transfer,2,28,0.1,50.4,28,22.4
ORD-2023-01251,2023-01-08,2023-01-11,CUST-0218,PRD-008,R103,In-Store,Bank Transfer,2,49,0.2,78.4,36,42.4
ORD-2023-01966,2023-01-08,2023-01-09,CUST-0058,PRD-015,R105,Online,Cash,5,15,0.05,71.25,25,46.25
ORD-2023-01782,2023-01-09,2023-01-11,CUST-0215,PRD-015,R102,Distributor,Bank Transfer,6,15,0,90,30,60
ORD-2023-02612,2023-01-09,2023-01-10,CUST-0073,PRD-020,R106,Online,Bank Transfer,1,230,0,230,110,120
ORD-2023-02653,2023-01-09,2023-01-10,CUST-0185,PRD-027,R108,Online,Bank Transfer,5,260,0,1300,575,725
ORD-2023-02167,2023-01-10,2023-01-14,CUST-0173,PRD-005,R104,In-Store,PayPal,6,39,0,234,90,144
ORD-2023-02429,2023-01-10,2023-01-11,CUST-0027,PRD-011,R101,Distributor,Bank Transfer,3,499,0,1497,780,717
ORD-2023-00092,2023-01-11,2023-01-15,CUST-0180,PRD-003,R106,Online,Cash,3,749,0.15,1909.95,1440,469.95
ORD-2023-00524,2023-01-11,2023-01-12,CUST-0195,PRD-026,R101,In-Store,Cash,4,210,0,840,380,460
ORD-2023-00990,2023-01-11,2023-01-13,CUST-0173,PRD-006,R106,Online,Cash,1,89,0,89,35,54
ORD-2023-01189,2023-01-11,2023-01-13,CUST-0023,PRD-003,R103,Distributor,Bank Transfer,4,749,0.2,2396.8,1920,476.8
ORD-2023-01763,2023-01-11,2023-01-13,CUST-0220,PRD-013,R106,In-Store,Bank Transfer,3,28,0.05,79.8,42,37.8
ORD-2023-02282,2023-01-11,2023-01-14,CUST-0145,PRD-020,R107,Online,PayPal,3,230,0.1,621,330,291
ORD-2023-02519,2023-01-11,2023-01-12,CUST-0153,PRD-012,R108,In-Store,PayPal,4,199,0,796,360,436
ORD-2023-01761,2023-01-12,2023-01-16,CUST-0181,PRD-020,R107,In-Store,Bank Transfer,1,230,0.05,218.5,110,108.5
ORD-2023-01792,2023-01-12,2023-01-16,CUST-0086,PRD-001,R105,In-Store,PayPal,5,999,0.15,4245.75,3250,995.75
ORD-2023-01919,2023-01-12,2023-01-16,CUST-0107,PRD-018,R107,Distributor,Cash,6,85,0,510,240,270
ORD-2023-02896,2023-01-12,2023-01-13,CUST-0068,PRD-010,R106,In-Store,Bank Transfer,3,799,0.05,2277.15,1260,1017.15
ORD-2023-00832,2023-01-13,2023-01-17,CUST-0182,PRD-015,R101,Distributor,Cash,5,15,0,75,25,50
ORD-2023-02042,2023-01-13,2023-01-14,CUST-0066,PRD-005,R103,Online,Bank Transfer,5,39,0.05,185.25,75,110.25
ORD-2023-02769,2023-01-13,2023-01-16,CUST-0047,PRD-016,R105,Online,Cash,3,24,0.2,57.6,27,30.6
ORD-2023-01628,2023-01-14,2023-01-17,CUST-0093,PRD-003,R101,Distributor,Credit Card,6,749,0,4494,2880,1614
ORD-2023-00179,2023-01-15,2023-01-19,CUST-0042,PRD-027,R101,Online,Credit Card,3,260,0,780,345,435
ORD-2023-00091,2023-01-16,2023-01-17,CUST-0086,PRD-009,R106,Online,PayPal,6,329,0.2,1579.2,1080,499.2
ORD-2023-00123,2023-01-16,2023-01-18,CUST-0163,PRD-021,R101,Online,Credit Card,1,289,0.05,274.55,120,154.55
ORD-2023-00767,2023-01-16,2023-01-19,CUST-0062,PRD-017,R101,Distributor,Cash,6,139,0.1,750.6,390,360.6
ORD-2023-01760,2023-01-16,2023-01-18,CUST-0199,PRD-009,R103,In-Store,Bank Transfer,5,329,0.05,1562.75,900,662.75
ORD-2023-01880,2023-01-17,2023-01-20,CUST-0134,PRD-019,R102,In-Store,Credit Card,1,175,0.2,140,75,65
ORD-2023-01949,2023-01-17,2023-01-19,CUST-0126,PRD-025,R103,Online,Bank Transfer,1,620,0,620,290,330
ORD-2023-02031,2023-01-17,2023-01-22,CUST-0066,PRD-010,R103,Distributor,Cash,3,799,0,2397,1260,1137
ORD-2023-00449,2023-01-18,2023-01-23,CUST-0226,PRD-015,R107,In-Store,Bank Transfer,6,15,0.1,81,30,51
ORD-2023-02893,2023-01-18,2023-01-22,CUST-0204,PRD-002,R108,Online,Cash,6,1699,0.05,9684.3,6600,3084.3
ORD-2023-00678,2023-01-19,2023-01-22,CUST-0018,PRD-004,R105,Online,Cash,2,2199,0.05,4178.1,2800,1378.1
ORD-2023-03118,2023-01-19,2023-01-20,CUST-0127,PRD-009,R101,Online,Cash,5,329,0.15,1398.25,900,498.25
ORD-2023-02220,2023-01-20,2023-01-25,CUST-0201,PRD-027,R106,In-Store,Bank Transfer,1,260,0,260,115,145
ORD-2023-02383,2023-01-20,2023-01-23,CUST-0093,PRD-006,R103,Distributor,Cash,4,89,0,356,140,216
ORD-2023-00842,2023-01-21,2023-01-25,CUST-0107,PRD-028,R104,Distributor,Bank Transfer,2,135,0,270,120,150
ORD-2023-02743,2023-01-21,2023-01-24,CUST-0006,PRD-022,R103,Distributor,Credit Card,4,450,0,1800,840,960
ORD-2023-03328,2023-01-21,2023-01-22,CUST-0106,PRD-025,R103,Online,Credit Card,5,620,0.05,2945,1450,1495
ORD-2023-00371,2023-01-22,2023-01-27,CUST-0028,PRD-005,R108,Online,Bank Transfer,5,39,0,195,75,120
ORD-2023-02675,2023-01-22,2023-01-25,CUST-0026,PRD-014,R102,Distributor,Bank Transfer,3,22,0,66,24,42
ORD-2023-03174,2023-01-22,2023-01-25,CUST-0079,PRD-025,R106,Distributor,Credit Card,2,620,0.1,1116,580,536
ORD-2023-00325,2023-01-23,2023-01-24,CUST-0055,PRD-016,R104,Distributor,Bank Transfer,3,24,0.05,68.4,27,41.4
ORD-2023-00862,2023-01-23,2023-01-27,CUST-0157,PRD-014,R108,Online,PayPal,1,22,0.1,19.8,8,11.8
ORD-2023-02536,2023-01-23,2023-01-27,CUST-0003,PRD-024,R103,In-Store,PayPal,1,549,0.1,494.1,240,254.1
ORD-2023-03420,2023-01-23,2023-01-25,CUST-0084,PRD-025,R108,In-Store,PayPal,6,620,0.05,3534,1740,1794
ORD-2023-03474,2023-01-23,2023-01-26,CUST-0247,PRD-026,R102,Distributor,Bank Transfer,5,210,0,1050,475,575
ORD-2023-00040,2023-01-24,2023-01-26,CUST-0045,PRD-010,R103,In-Store,PayPal,3,799,0.15,2037.45,1260,777.45
ORD-2023-00831,2023-01-24,2023-01-27,CUST-0047,PRD-009,R103,Online,PayPal,6,329,0,1974,1080,894
ORD-2023-02277,2023-01-24,2023-01-26,CUST-0101,PRD-016,R106,Online,Cash,6,24,0.05,136.8,54,82.8
ORD-2023-00231,2023-01-25,2023-01-28,CUST-0220,PRD-012,R108,Online,PayPal,5,199,0,995,450,545
ORD-2023-01822,2023-01-25,2023-01-29,CUST-0086,PRD-017,R103,In-Store,Bank Transfer,1,139,0.05,132.05,65,67.05
ORD-2023-02528,2023-01-25,2023-01-29,CUST-0054,PRD-008,R104,Distributor,PayPal,4,49,0,196,72,124
ORD-2023-02570,2023-01-25,2023-01-28,CUST-0222,PRD-023,R102,In-Store,Bank Transfer,5,149,0,745,325,420
ORD-2023-03232,2023-01-25,2023-01-29,CUST-0026,PRD-011,R104,Online,Credit Card,3,499,0.2,1197.6,780,417.6
ORD-2023-01903,2023-01-26,2023-01-27,CUST-0120,PRD-021,R105,In-Store,PayPal,2,289,0,578,240,338
ORD-2023-02600,2023-01-26,2023-01-31,CUST-0025,PRD-014,R104,Distributor,Credit Card,5,22,0.05,104.5,40,64.5
ORD-2023-02758,2023-01-26,2023-01-28,CUST-0153,PRD-021,R108,Online,Cash,1,289,0,289,120,169
ORD-2023-03159,2023-01-26,2023-01-29,CUST-0114,PRD-005,R106,Online,PayPal,2,39,0.05,74.1,30,44.1
ORD-2023-03412,2023-01-26,2023-01-28,CUST-0023,PRD-012,R106,Distributor,Bank Transfer,2,199,0,398,180,218
ORD-2023-00900,2023-01-27,2023-01-28,CUST-0041,PRD-001,R102,In-Store,Bank Transfer,2,999,0.05,1898.1,1300,598.1
ORD-2023-01803,2023-01-27,2023-01-28,CUST-0161,PRD-011,R102,Online,Cash,1,499,0.05,474.05,260,214.05
ORD-2023-01927,2023-01-27,2023-01-29,CUST-0225,PRD-015,R101,In-Store,PayPal,1,15,0.1,13.5,5,8.5
ORD-2023-00834,2023-01-28,2023-02-02,CUST-0046,PRD-016,R103,Distributor,Cash,3,24,0.1,64.8,27,37.8
ORD-2023-00949,2023-01-28,2023-01-30,CUST-0121,PRD-026,R108,Distributor,Credit Card,3,210,0.05,598.5,285,313.5
ORD-2023-01357,2023-01-28,2023-01-31,CUST-0206,PRD-016,R101,In-Store,PayPal,4,24,0,96,36,60
ORD-2023-00197,2023-01-29,2023-02-01,CUST-0136,PRD-016,R102,In-Store,Bank Transfer,4,24,0.05,91.2,36,55.2
ORD-2023-00461,2023-01-29,2023-01-30,CUST-0047,PRD-028,R106,Distributor,Credit Card,1,135,0.15,114.75,60,54.75
ORD-2023-01397,2023-01-29,2023-02-02,CUST-0144,PRD-019,R101,Distributor,Bank Transfer,3,175,0.2,420,225,195
ORD-2023-01426,2023-01-29,2023-01-31,CUST-0090,PRD-018,R102,In-Store,Credit Card,6,85,0.05,484.5,240,244.5
ORD-2023-00688,2023-01-30,2023-02-04,CUST-0041,PRD-020,R108,Online,PayPal,4,230,0.05,874,440,434
ORD-2023-01407,2023-01-31,2023-02-03,CUST-0131,PRD-002,R105,In-Store,Credit Card,1,1699,0.05,1614.05,1100,514.05
ORD-2023-03289,2023-01-31,2023-02-02,CUST-0052,PRD-025,R106,Distributor,Bank Transfer,4,620,0.05,2356,1160,1196
ORD-2023-00384,2023-02-01,2023-02-05,CUST-0248,PRD-007,R106,Online,Bank Transfer,6,129,0.05,735.3,330,405.3
ORD-2023-00833,2023-02-01,2023-02-02,CUST-0122,PRD-025,R105,Distributor,Credit Card,4,620,0.15,2108,1160,948
ORD-2023-00845,2023-02-01,2023-02-06,CUST-0027,PRD-002,R103,In-Store,Bank Transfer,2,1699,0.1,3058.2,2200,858.2
ORD-2023-02444,2023-02-01,2023-02-03,CUST-0073,PRD-009,R103,Distributor,PayPal,1,329,0.05,312.55,180,132.55
ORD-2023-02761,2023-02-01,2023-02-02,CUST-0202,PRD-018,R107,Online,PayPal,4,85,0,340,160,180
ORD-2023-01227,2023-02-02,2023-02-06,CUST-0113,PRD-014,R101,Online,Cash,4,22,0,88,32,56
ORD-2023-01466,2023-02-02,2023-02-04,CUST-0233,PRD-004,R103,In-Store,Bank Transfer,6,2199,0,13194,8400,4794
ORD-2023-02160,2023-02-02,2023-02-07,CUST-0197,PRD-005,R101,In-Store,Credit Card,5,39,0,195,75,120
ORD-2023-00793,2023-02-03,2023-02-05,CUST-0008,PRD-011,R105,In-Store,PayPal,5,499,0,2495,1300,1195
ORD-2023-01294,2023-02-03,2023-02-07,CUST-0091,PRD-002,R103,Distributor,Bank Transfer,3,1699,0.2,4077.6,3300,777.6
ORD-2023-01516,2023-02-03,2023-02-05,CUST-0211,PRD-021,R108,In-Store,Credit Card,2,289,0,578,240,338
ORD-2023-01955,2023-02-03,2023-02-04,CUST-0226,PRD-023,R102,Online,Bank Transfer,2,149,0,298,130,168
ORD-2023-01983,2023-02-03,2023-02-04,CUST-0205,PRD-027,R105,Online,Cash,1,260,0.1,234,115,119
ORD-2023-02280,2023-02-03,2023-02-06,CUST-0245,PRD-023,R108,In-Store,Credit Card,6,149,0.05,849.3,390,459.3
ORD-2023-00170,2023-02-04,2023-02-06,CUST-0235,PRD-026,R106,Distributor,PayPal,3,210,0.1,567,285,282
ORD-2023-03101,2023-02-04,2023-02-07,CUST-0211,PRD-016,R104,Distributor,Bank Transfer,2,24,0,48,18,30
ORD-2023-00213,2023-02-05,2023-02-06,CUST-0096,PRD-008,R104,In-Store,PayPal,5,49,0.15,208.25,90,118.25
ORD-2023-00501,2023-02-05,2023-02-08,CUST-0199,PRD-024,R108,In-Store,PayPal,4,549,0.15,1866.6,960,906.6
ORD-2023-00555,2023-02-05,2023-02-06,CUST-0127,PRD-021,R101,Distributor,Bank Transfer,5,289,0,1445,600,845
ORD-2023-01936,2023-02-05,2023-02-08,CUST-0098,PRD-020,R104,Distributor,PayPal,3,230,0.05,655.5,330,325.5
ORD-2023-02034,2023-02-05,2023-02-09,CUST-0170,PRD-014,R102,Online,Credit Card,1,22,0,22,8,14
ORD-2023-01742,2023-02-06,2023-02-08,CUST-0177,PRD-005,R104,Distributor,PayPal,3,39,0.05,111.15,45,66.15
ORD-2023-02062,2023-02-06,2023-02-08,CUST-0036,PRD-007,R107,Distributor,Credit Card,4,129,0.2,412.8,220,192.8
ORD-2023-03239,2023-02-06,2023-02-07,CUST-0014,PRD-002,R108,Distributor,Bank Transfer,3,1699,0.15,4332.45,3300,1032.45
ORD-2023-03340,2023-02-06,2023-02-09,CUST-0152,PRD-003,R101,Online,PayPal,5,749,0,3745,2400,1345
ORD-2023-00249,2023-02-07,2023-02-12,CUST-0164,PRD-004,R104,Distributor,Cash,6,2199,0.05,12534.3,8400,4134.3
ORD-2023-01335,2023-02-08,2023-02-13,CUST-0247,PRD-002,R103,Online,PayPal,2,1699,0.1,3058.2,2200,858.2
ORD-2023-02208,2023-02-09,2023-02-10,CUST-0076,PRD-002,R105,In-Store,Bank Transfer,6,1699,0.15,8664.9,6600,2064.9
ORD-2023-03005,2023-02-09,2023-02-10,CUST-0245,PRD-005,R104,Distributor,PayPal,6,39,0,234,90,144
ORD-2023-00130,2023-02-10,2023-02-12,CUST-0178,PRD-004,R106,Distributor,Bank Transfer,6,2199,0.05,12534.3,8400,4134.3
ORD-2023-01132,2023-02-10,2023-02-13,CUST-0080,PRD-004,R106,Distributor,PayPal,1,2199,0.05,2089.05,1400,689.05
ORD-2023-02456,2023-02-10,2023-02-12,CUST-0173,PRD-022,R101,Distributor,Bank Transfer,5,450,0.2,1800,1050,750
ORD-2023-00013,2023-02-11,2023-02-12,CUST-0163,PRD-022,R102,In-Store,PayPal,5,450,0.1,2025,1050,975
ORD-2023-00934,2023-02-11,2023-02-14,CUST-0020,PRD-022,R104,Distributor,Cash,3,450,0,1350,630,720
ORD-2023-01719,2023-02-11,2023-02-12,CUST-0098,PRD-022,R104,Distributor,Bank Transfer,5,450,0.05,2137.5,1050,1087.5
ORD-2023-01758,2023-02-11,2023-02-12,CUST-0085,PRD-004,R105,Online,PayPal,2,2199,0.05,4178.1,2800,1378.1
ORD-2023-01834,2023-02-11,2023-02-15,CUST-0010,PRD-004,R107,Distributor,Credit Card,6,2199,0,13194,8400,4794
ORD-2023-01943,2023-02-11,2023-02-14,CUST-0122,PRD-013,R101,Online,Credit Card,4,28,0,112,56,56
ORD-2023-02984,2023-02-11,2023-02-13,CUST-0131,PRD-003,R101,In-Store,Credit Card,1,749,0.05,711.55,480,231.55
ORD-2023-00311,2023-02-12,2023-02-14,CUST-0002,PRD-027,R101,In-Store,Credit Card,4,260,0.05,988,460,528
ORD-2023-00586,2023-02-12,2023-02-13,CUST-0027,PRD-014,R104,In-Store,Bank Transfer,3,22,0,66,24,42
ORD-2023-01639,2023-02-12,2023-02-13,CUST-0217,PRD-003,R101,Distributor,PayPal,6,749,0.05,4269.3,2880,1389.3
ORD-2023-02635,2023-02-12,2023-02-14,CUST-0142,PRD-026,R103,Distributor,Cash,1,210,0,210,95,115
ORD-2023-02677,2023-02-12,2023-02-14,CUST-0072,PRD-008,R101,In-Store,Cash,2,49,0.2,78.4,36,42.4
ORD-2023-02764,2023-02-12,2023-02-15,CUST-0058,PRD-025,R108,In-Store,Bank Transfer,5,620,0,3100,1450,1650
ORD-2023-02965,2023-02-12,2023-02-15,CUST-0023,PRD-020,R107,Distributor,PayPal,3,230,0.2,552,330,222
ORD-2023-00653,2023-02-13,2023-02-14,CUST-0074,PRD-015,R104,Distributor,Bank Transfer,2,15,0,30,10,20
ORD-2023-01729,2023-02-13,2023-02-18,CUST-0238,PRD-025,R104,Online,Bank Transfer,2,620,0.05,1178,580,598
ORD-2023-02170,2023-02-13,2023-02-14,CUST-0063,PRD-025,R107,In-Store,Credit Card,3,620,0,1860,870,990
ORD-2023-03417,2023-02-14,2023-02-17,CUST-0123,PRD-013,R101,Online,PayPal,1,28,0.15,23.8,14,9.8
ORD-2023-00256,2023-02-15,2023-02-17,CUST-0049,PRD-028,R101,Online,Cash,2,135,0,270,120,150
ORD-2023-02077,2023-02-15,2023-02-19,CUST-0181,PRD-023,R107,Online,Credit Card,3,149,0.05,424.65,195,229.65
ORD-2023-02647,2023-02-15,2023-02-18,CUST-0212,PRD-014,R104,Online,Bank Transfer,2,22,0.1,39.6,16,23.6
ORD-2023-03104,2023-02-15,2023-02-18,CUST-0169,PRD-018,R106,Distributor,Credit Card,4,85,0.15,289,160,129
ORD-2023-01696,2023-02-17,2023-02-18,CUST-0019,PRD-002,R102,Online,Bank Transfer,3,1699,0.05,4842.15,3300,1542.15
ORD-2023-00288,2023-02-18,2023-02-20,CUST-0164,PRD-012,R107,Online,Credit Card,1,199,0.2,159.2,90,69.2
ORD-2023-00511,2023-02-18,2023-02-19,CUST-0029,PRD-004,R101,Distributor,Bank Transfer,5,2199,0.2,8796,7000,1796
ORD-2023-00685,2023-02-18,2023-02-21,CUST-0159,PRD-010,R105,Online,Bank Transfer,1,799,0,799,420,379
ORD-2023-00893,2023-02-18,2023-02-21,CUST-0194,PRD-007,R105,Distributor,Credit Card,2,129,0.05,245.1,110,135.1
ORD-2023-01309,2023-02-18,2023-02-19,CUST-0101,PRD-013,R101,Distributor,PayPal,1,28,0.15,23.8,14,9.8
ORD-2023-01678,2023-02-18,2023-02-21,CUST-0129,PRD-001,R103,Online,Bank Transfer,4,999,0.05,3796.2,2600,1196.2
ORD-2023-03110,2023-02-18,2023-02-20,CUST-0226,PRD-007,R102,In-Store,Cash,1,129,0,129,55,74
ORD-2023-03257,2023-02-19,2023-02-23,CUST-0002,PRD-013,R104,Online,PayPal,3,28,0.05,79.8,42,37.8
ORD-2023-00721,2023-02-20,2023-02-22,CUST-0221,PRD-019,R107,Online,Credit Card,3,175,0,525,225,300
ORD-2023-02015,2023-02-20,2023-02-23,CUST-0004,PRD-010,R105,Distributor,Credit Card,2,799,0.15,1358.3,840,518.3
ORD-2023-02999,2023-02-20,2023-02-25,CUST-0206,PRD-020,R102,Online,PayPal,2,230,0.2,368,220,148
ORD-2023-00732,2023-02-21,2023-02-24,CUST-0143,PRD-020,R105,Distributor,PayPal,3,230,0.1,621,330,291
ORD-2023-00986,2023-02-21,2023-02-24,CUST-0016,PRD-006,R103,Online,Bank Transfer,3,89,0.05,253.65,105,148.65
ORD-2023-02657,2023-02-21,2023-02-22,CUST-0140,PRD-015,R101,Distributor,PayPal,2,15,0.05,28.5,10,18.5
ORD-2023-02148,2023-02-22,2023-02-25,CUST-0098,PRD-006,R107,In-Store,PayPal,1,89,0.1,80.1,35,45.1
ORD-2023-02290,2023-02-22,2023-02-27,CUST-0065,PRD-024,R108,Distributor,Cash,5,549,0,2745,1200,1545
ORD-2023-03393,2023-02-22,2023-02-24,CUST-0040,PRD-018,R104,Distributor,PayPal,2,85,0.15,144.5,80,64.5
ORD-2023-03419,2023-02-22,2023-02-23,CUST-0119,PRD-022,R107,Online,Credit Card,5,450,0.05,2137.5,1050,1087.5
ORD-2023-00264,2023-02-23,2023-02-27,CUST-0213,PRD-026,R104,Distributor,Cash,2,210,0,420,190,230
ORD-2023-02378,2023-02-23,2023-02-24,CUST-0173,PRD-023,R108,Online,PayPal,4,149,0,596,260,336
ORD-2023-02713,2023-02-23,2023-02-24,CUST-0069,PRD-010,R103,Online,Cash,4,799,0.15,2716.6,1680,1036.6
ORD-2023-00619,2023-02-24,2023-02-28,CUST-0184,PRD-024,R106,In-Store,PayPal,1,549,0,549,240,309
ORD-2023-03332,2023-02-24,2023-02-25,CUST-0097,PRD-013,R105,In-Store,Credit Card,6,28,0.15,142.8,84,58.8
ORD-2023-01337,2023-02-25,2023-02-28,CUST-0201,PRD-001,R105,Online,Bank Transfer,4,999,0.15,3396.6,2600,796.6
ORD-2023-02549,2023-02-25,2023-02-27,CUST-0186,PRD-011,R106,Online,Cash,2,499,0.05,948.1,520,428.1
ORD-2023-02662,2023-02-25,2023-03-02,CUST-0091,PRD-001,R107,Distributor,Credit Card,1,999,0.05,949.05,650,299.05
ORD-2023-01781,2023-02-28,2023-03-03,CUST-0200,PRD-004,R104,Distributor,Cash,5,2199,0.15,9345.75,7000,2345.75
ORD-2023-01826,2023-02-28,2023-03-05,CUST-0150,PRD-003,R104,In-Store,Cash,5,749,0.05,3557.75,2400,1157.75
ORD-2023-02006,2023-03-01,2023-03-06,CUST-0143,PRD-012,R107,Online,Cash,5,199,0.1,895.5,450,445.5
ORD-2023-02433,2023-03-02,2023-03-04,CUST-0214,PRD-014,R102,Distributor,PayPal,2,22,0.05,41.8,16,25.8
ORD-2023-00346,2023-03-03,2023-03-07,CUST-0188,PRD-020,R107,Online,PayPal,1,230,0,230,110,120
ORD-2023-00784,2023-03-03,2023-03-05,CUST-0091,PRD-001,R104,In-Store,Cash,5,999,0.1,4495.5,3250,1245.5
ORD-2023-00954,2023-03-03,2023-03-05,CUST-0196,PRD-008,R103,Online,Credit Card,3,49,0,147,54,93
ORD-2023-03286,2023-03-03,2023-03-05,CUST-0220,PRD-016,R108,Distributor,Bank Transfer,1,24,0,24,9,15
ORD-2023-00165,2023-03-04,2023-03-05,CUST-0026,PRD-015,R102,In-Store,Credit Card,6,15,0,90,30,60
ORD-2023-00337,2023-03-04,2023-03-08,CUST-0114,PRD-017,R101,Distributor,PayPal,3,139,0,417,195,222
ORD-2023-00701,2023-03-04,2023-03-05,CUST-0145,PRD-004,R104,In-Store,PayPal,1,2199,0.2,1759.2,1400,359.2
ORD-2023-00297,2023-03-05,2023-03-10,CUST-0049,PRD-026,R107,Online,Bank Transfer,2,210,0.05,399,190,209
ORD-2023-00965,2023-03-05,2023-03-09,CUST-0128,PRD-012,R103,Distributor,PayPal,3,199,0.1,537.3,270,267.3
ORD-2023-01187,2023-03-05,2023-03-10,CUST-0062,PRD-016,R105,Distributor,Bank Transfer,1,24,0,24,9,15
ORD-2023-01209,2023-03-05,2023-03-07,CUST-0195,PRD-013,R105,Distributor,PayPal,1,28,0.05,26.6,14,12.6
ORD-2023-02875,2023-03-06,2023-03-11,CUST-0104,PRD-006,R102,Online,PayPal,3,89,0.2,213.6,105,108.6
ORD-2023-03157,2023-03-06,2023-03-07,CUST-0086,PRD-014,R106,Online,PayPal,5,22,0,110,40,70
ORD-2023-00496,2023-03-07,2023-03-11,CUST-0134,PRD-013,R103,Distributor,Cash,6,28,0.05,159.6,84,75.6
ORD-2023-00765,2023-03-07,2023-03-12,CUST-0231,PRD-018,R102,In-Store,Cash,1,85,0,85,40,45
ORD-2023-01506,2023-03-07,2023-03-08,CUST-0070,PRD-014,R101,Online,PayPal,1,22,0,22,8,14
ORD-2023-02450,2023-03-07,2023-03-12,CUST-0201,PRD-027,R103,In-Store,Bank Transfer,1,260,0.15,221,115,106
ORD-2023-02844,2023-03-07,2023-03-09,CUST-0217,PRD-023,R108,Online,Credit Card,2,149,0.1,268.2,130,138.2
ORD-2023-00530,2023-03-08,2023-03-09,CUST-0125,PRD-014,R104,Distributor,Credit Card,4,22,0.2,70.4,32,38.4
ORD-2023-00783,2023-03-08,2023-03-12,CUST-0108,PRD-008,R105,Online,Cash,2,49,0.05,93.1,36,57.1
ORD-2023-00930,2023-03-08,2023-03-13,CUST-0142,PRD-005,R105,Online,Credit Card,4,39,0.05,148.2,60,88.2
ORD-2023-01578,2023-03-08,2023-03-09,CUST-0126,PRD-003,R103,Distributor,Cash,1,749,0.05,711.55,480,231.55
ORD-2023-01902,2023-03-08,2023-03-12,CUST-0093,PRD-012,R102,Online,Bank Transfer,1,199,0.15,169.15,90,79.15
ORD-2023-01191,2023-03-09,2023-03-10,CUST-0167,PRD-026,R101,Online,Bank Transfer,5,210,0.1,945,475,470
ORD-2023-02095,2023-03-09,2023-03-13,CUST-0178,PRD-020,R108,Online,PayPal,6,230,0.05,1311,660,651
ORD-2023-02327,2023-03-09,2023-03-11,CUST-0037,PRD-020,R107,In-Store,PayPal,6,230,0.1,1242,660,582
ORD-2023-00855,2023-03-10,2023-03-14,CUST-0036,PRD-002,R105,Distributor,Bank Transfer,2,1699,0.05,3228.1,2200,1028.1
ORD-2023-00892,2023-03-10,2023-03-14,CUST-0049,PRD-014,R105,Online,PayPal,2,22,0,44,16,28
ORD-2023-01975,2023-03-10,2023-03-14,CUST-0011,PRD-020,R102,In-Store,Credit Card,4,230,0.05,874,440,434
ORD-2023-02627,2023-03-10,2023-03-11,CUST-0232,PRD-001,R103,Online,Cash,4,999,0,3996,2600,1396
ORD-2023-02955,2023-03-10,2023-03-13,CUST-0023,PRD-021,R103,In-Store,Credit Card,5,289,0.2,1156,600,556
ORD-2023-02474,2023-03-11,2023-03-15,CUST-0164,PRD-003,R104,In-Store,PayPal,6,749,0.2,3595.2,2880,715.2
ORD-2023-03323,2023-03-11,2023-03-14,CUST-0154,PRD-004,R102,Distributor,Credit Card,1,2199,0.1,1979.1,1400,579.1
ORD-2023-00153,2023-03-12,2023-03-13,CUST-0122,PRD-010,R102,Online,Cash,3,799,0.2,1917.6,1260,657.6
ORD-2023-01184,2023-03-12,2023-03-14,CUST-0150,PRD-007,R106,In-Store,Bank Transfer,2,129,0.05,245.1,110,135.1
ORD-2023-02044,2023-03-12,2023-03-16,CUST-0234,PRD-023,R108,Distributor,PayPal,4,149,0,596,260,336
ORD-2023-02556,2023-03-12,2023-03-14,CUST-0047,PRD-020,R101,In-Store,Cash,6,230,0.05,1311,660,651
ORD-2023-00553,2023-03-13,2023-03-16,CUST-0156,PRD-004,R103,In-Store,Cash,3,2199,0.2,5277.6,4200,1077.6
ORD-2023-01265,2023-03-13,2023-03-17,CUST-0015,PRD-018,R108,In-Store,Bank Transfer,6,85,0.05,484.5,240,244.5
ORD-2023-02546,2023-03-13,2023-03-14,CUST-0158,PRD-017,R108,In-Store,PayPal,6,139,0,834,390,444
ORD-2023-02977,2023-03-13,2023-03-16,CUST-0157,PRD-010,R104,In-Store,Cash,4,799,0.1,2876.4,1680,1196.4
ORD-2023-03182,2023-03-13,2023-03-14,CUST-0055,PRD-015,R107,Distributor,Bank Transfer,3,15,0,45,15,30
ORD-2023-03217,2023-03-13,2023-03-15,CUST-0123,PRD-001,R103,In-Store,Credit Card,1,999,0.1,899.1,650,249.1
ORD-2023-00230,2023-03-14,2023-03-19,CUST-0142,PRD-024,R103,Online,Cash,2,549,0.1,988.2,480,508.2
ORD-2023-00463,2023-03-14,2023-03-16,CUST-0114,PRD-002,R105,Online,Bank Transfer,4,1699,0.15,5776.6,4400,1376.6
ORD-2023-03097,2023-03-14,2023-03-16,CUST-0250,PRD-012,R101,In-Store,Bank Transfer,3,199,0.1,537.3,270,267.3
ORD-2023-00095,2023-03-15,2023-03-16,CUST-0214,PRD-011,R107,In-Store,Cash,1,499,0,499,260,239
ORD-2023-00440,2023-03-15,2023-03-17,CUST-0141,PRD-005,R103,Online,Bank Transfer,4,39,0,156,60,96
ORD-2023-01590,2023-03-15,2023-03-18,CUST-0240,PRD-002,R107,Distributor,PayPal,2,1699,0.05,3228.1,2200,1028.1
ORD-2023-02139,2023-03-15,2023-03-18,CUST-0037,PRD-028,R105,Online,Credit Card,2,135,0.1,243,120,123
ORD-2023-00318,2023-03-16,2023-03-19,CUST-0023,PRD-016,R107,Distributor,Bank Transfer,5,24,0.05,114,45,69
ORD-2023-00738,2023-03-16,2023-03-18,CUST-0100,PRD-026,R106,In-Store,PayPal,6,210,0.05,1197,570,627
ORD-2023-00499,2023-03-17,2023-03-20,CUST-0134,PRD-024,R102,Distributor,Bank Transfer,5,549,0.2,2196,1200,996
ORD-2023-00427,2023-03-18,2023-03-21,CUST-0036,PRD-025,R106,Distributor,Cash,3,620,0.05,1767,870,897
ORD-2023-00658,2023-03-18,2023-03-23,CUST-0197,PRD-023,R106,Online,Cash,2,149,0.15,253.3,130,123.3
ORD-2023-01762,2023-03-18,2023-03-22,CUST-0177,PRD-027,R103,In-Store,Bank Transfer,1,260,0.05,247,115,132
ORD-2023-02622,2023-03-18,2023-03-19,CUST-0095,PRD-012,R102,Distributor,Cash,3,199,0.1,537.3,270,267.3
ORD-2023-02554,2023-03-19,2023-03-20,CUST-0168,PRD-023,R107,Distributor,Cash,2,149,0,298,130,168
ORD-2023-03473,2023-03-19,2023-03-20,CUST-0022,PRD-024,R104,Distributor,Credit Card,3,549,0.2,1317.6,720,597.6
ORD-2023-02005,2023-03-20,2023-03-25,CUST-0008,PRD-010,R106,Distributor,PayPal,1,799,0,799,420,379
ORD-2023-02110,2023-03-20,2023-03-25,CUST-0154,PRD-001,R105,Online,Bank Transfer,6,999,0,5994,3900,2094
ORD-2023-02224,2023-03-20,2023-03-24,CUST-0064,PRD-016,R103,In-Store,Bank Transfer,1,24,0.2,19.2,9,10.2
ORD-2023-02415,2023-03-20,2023-03-21,CUST-0060,PRD-007,R108,In-Store,Bank Transfer,4,129,0,516,220,296
ORD-2023-02865,2023-03-20,2023-03-22,CUST-0065,PRD-012,R108,Distributor,Cash,5,199,0,995,450,545
ORD-2023-03428,2023-03-20,2023-03-24,CUST-0164,PRD-007,R101,Online,PayPal,6,129,0.05,735.3,330,405.3
ORD-2023-00365,2023-03-21,2023-03-23,CUST-0159,PRD-019,R103,Online,Cash,2,175,0.05,332.5,150,182.5
ORD-2023-00747,2023-03-21,2023-03-26,CUST-0212,PRD-002,R101,Distributor,Bank Transfer,4,1699,0,6796,4400,2396
ORD-2023-01921,2023-03-21,2023-03-22,CUST-0046,PRD-012,R101,Distributor,Credit Card,5,199,0.2,796,450,346
ORD-2023-02898,2023-03-22,2023-03-24,CUST-0245,PRD-018,R103,Distributor,Credit Card,3,85,0.2,204,120,84
ORD-2023-03169,2023-03-22,2023-03-26,CUST-0049,PRD-010,R104,Online,Cash,1,799,0.15,679.15,420,259.15
ORD-2023-00594,2023-03-23,2023-03-26,CUST-0145,PRD-003,R105,In-Store,Credit Card,2,749,0.15,1273.3,960,313.3
ORD-2023-00605,2023-03-23,2023-03-25,CUST-0096,PRD-015,R107,Distributor,Cash,3,15,0.1,40.5,15,25.5
ORD-2023-00869,2023-03-23,2023-03-28,CUST-0217,PRD-002,R101,Distributor,Bank Transfer,6,1699,0.1,9174.6,6600,2574.6
ORD-2023-01431,2023-03-23,2023-03-28,CUST-0018,PRD-023,R104,In-Store,PayPal,3,149,0.05,424.65,195,229.65
ORD-2023-01667,2023-03-23,2023-03-28,CUST-0055,PRD-009,R107,In-Store,Cash,2,329,0,658,360,298
ORD-2023-01027,2023-03-24,2023-03-28,CUST-0076,PRD-027,R108,Online,Cash,6,260,0.05,1482,690,792
ORD-2023-01459,2023-03-24,2023-03-26,CUST-0055,PRD-024,R103,Distributor,PayPal,3,549,0,1647,720,927
ORD-2023-00037,2023-03-25,2023-03-29,CUST-0089,PRD-024,R101,Online,Credit Card,1,549,0,549,240,309
ORD-2023-00730,2023-03-25,2023-03-26,CUST-0052,PRD-010,R102,Distributor,Bank Transfer,2,799,0,1598,840,758
ORD-2023-00916,2023-03-26,2023-03-28,CUST-0005,PRD-010,R105,Distributor,Credit Card,1,799,0.1,719.1,420,299.1
ORD-2023-01080,2023-03-26,2023-03-27,CUST-0145,PRD-009,R103,Distributor,Bank Transfer,4,329,0,1316,720,596
ORD-2023-02630,2023-03-26,2023-03-31,CUST-0124,PRD-005,R102,Online,Credit Card,5,39,0,195,75,120
ORD-2023-03207,2023-03-26,2023-03-28,CUST-0068,PRD-027,R103,Distributor,PayPal,3,260,0,780,345,435
ORD-2023-00289,2023-03-28,2023-04-02,CUST-0099,PRD-007,R103,In-Store,PayPal,6,129,0.05,735.3,330,405.3
ORD-2023-00316,2023-03-28,2023-03-31,CUST-0009,PRD-003,R108,Distributor,Bank Transfer,5,749,0,3745,2400,1345
ORD-2023-01110,2023-03-28,2023-04-01,CUST-0186,PRD-009,R108,Distributor,PayPal,3,329,0.1,888.3,540,348.3
ORD-2023-01668,2023-03-28,2023-03-31,CUST-0032,PRD-002,R102,Distributor,Cash,2,1699,0.15,2888.3,2200,688.3
ORD-2023-00012,2023-03-29,2023-03-30,CUST-0124,PRD-015,R101,Distributor,Credit Card,4,15,0.15,51,20,31
ORD-2023-00054,2023-03-29,2023-04-03,CUST-0125,PRD-007,R107,Online,Bank Transfer,4,129,0.05,490.2,220,270.2
ORD-2023-00284,2023-03-29,2023-03-30,CUST-0216,PRD-021,R105,In-Store,Bank Transfer,5,289,0.15,1228.25,600,628.25
ORD-2023-02464,2023-03-29,2023-03-31,CUST-0156,PRD-010,R106,Distributor,Bank Transfer,2,799,0,1598,840,758
ORD-2023-03401,2023-03-29,2023-04-01,CUST-0077,PRD-016,R107,Online,Bank Transfer,3,24,0.15,61.2,27,34.2
ORD-2023-00373,2023-03-30,2023-04-03,CUST-0183,PRD-021,R104,Distributor,Cash,5,289,0.1,1300.5,600,700.5
ORD-2023-01136,2023-03-30,2023-04-02,CUST-0146,PRD-009,R105,Distributor,Cash,5,329,0.2,1316,900,416
ORD-2023-01237,2023-03-31,2023-04-03,CUST-0226,PRD-006,R105,In-Store,Bank Transfer,3,89,0.05,253.65,105,148.65
ORD-2023-03027,2023-03-31,2023-04-01,CUST-0173,PRD-009,R103,In-Store,Credit Card,1,329,0.05,312.55,180,132.55
ORD-2023-03496,2023-03-31,2023-04-02,CUST-0112,PRD-015,R107,In-Store,Bank Transfer,6,15,0.2,72,30,42
ORD-2023-01676,2023-04-01,2023-04-03,CUST-0223,PRD-014,R106,Online,Credit Card,2,22,0,44,16,28
ORD-2023-02098,2023-04-01,2023-04-04,CUST-0180,PRD-015,R108,Online,Bank Transfer,3,15,0.2,36,15,21
ORD-2023-03164,2023-04-02,2023-04-04,CUST-0049,PRD-009,R102,Distributor,PayPal,6,329,0,1974,1080,894
ORD-2023-00317,2023-04-03,2023-04-07,CUST-0150,PRD-025,R107,In-Store,PayPal,5,620,0.15,2635,1450,1185
ORD-2023-01664,2023-04-03,2023-04-07,CUST-0185,PRD-016,R102,Distributor,Credit Card,3,24,0,72,27,45
ORD-2023-02857,2023-04-03,2023-04-04,CUST-0205,PRD-009,R107,Online,PayPal,2,329,0.15,559.3,360,199.3
ORD-2023-00806,2023-04-04,2023-04-08,CUST-0071,PRD-002,R103,Distributor,Cash,4,1699,0,6796,4400,2396
ORD-2023-00926,2023-04-04,2023-04-08,CUST-0083,PRD-008,R104,Online,PayPal,1,49,0,49,18,31
ORD-2023-02374,2023-04-04,2023-04-09,CUST-0035,PRD-009,R104,Online,Credit Card,4,329,0.05,1250.2,720,530.2
ORD-2023-02522,2023-04-04,2023-04-09,CUST-0027,PRD-027,R108,Online,PayPal,4,260,0.15,884,460,424
ORD-2023-02781,2023-04-04,2023-04-09,CUST-0046,PRD-027,R104,Online,PayPal,6,260,0,1560,690,870
ORD-2023-03285,2023-04-04,2023-04-08,CUST-0021,PRD-005,R107,Online,Bank Transfer,4,39,0.05,148.2,60,88.2
ORD-2023-02018,2023-04-05,2023-04-06,CUST-0082,PRD-018,R107,Distributor,Bank Transfer,6,85,0.15,433.5,240,193.5
ORD-2023-02158,2023-04-05,2023-04-08,CUST-0024,PRD-007,R106,Online,Cash,2,129,0,258,110,148
ORD-2023-00237,2023-04-06,2023-04-08,CUST-0001,PRD-014,R105,In-Store,Cash,1,22,0.05,20.9,8,12.9
ORD-2023-00526,2023-04-06,2023-04-10,CUST-0123,PRD-016,R107,In-Store,Credit Card,5,24,0.15,102,45,57
ORD-2023-02091,2023-04-06,2023-04-08,CUST-0048,PRD-002,R104,Online,Bank Transfer,5,1699,0.2,6796,5500,1296
ORD-2023-02191,2023-04-07,2023-04-12,CUST-0027,PRD-002,R104,Online,Bank Transfer,1,1699,0.05,1614.05,1100,514.05
ORD-2023-03406,2023-04-07,2023-04-10,CUST-0245,PRD-009,R102,In-Store,Cash,6,329,0.05,1875.3,1080,795.3
ORD-2023-00242,2023-04-08,2023-04-10,CUST-0023,PRD-027,R106,Distributor,PayPal,6,260,0,1560,690,870
ORD-2023-01273,2023-04-08,2023-04-10,CUST-0024,PRD-020,R101,Online,Cash,3,230,0,690,330,360
ORD-2023-02606,2023-04-08,2023-04-11,CUST-0182,PRD-015,R102,In-Store,Bank Transfer,5,15,0.1,67.5,25,42.5
ORD-2023-02905,2023-04-08,2023-04-13,CUST-0117,PRD-004,R105,Distributor,Cash,5,2199,0.2,8796,7000,1796
ORD-2023-03374,2023-04-08,2023-04-09,CUST-0176,PRD-017,R102,In-Store,PayPal,3,139,0.1,375.3,195,180.3
ORD-2023-01276,2023-04-09,2023-04-14,CUST-0088,PRD-006,R103,Online,Cash,4,89,0,356,140,216
ORD-2023-01112,2023-04-10,2023-04-12,CUST-0160,PRD-008,R104,Online,PayPal,5,49,0,245,90,155
ORD-2023-02804,2023-04-10,2023-04-13,CUST-0017,PRD-027,R106,Distributor,Credit Card,3,260,0.1,702,345,357
ORD-2023-03057,2023-04-10,2023-04-11,CUST-0061,PRD-021,R105,Distributor,PayPal,2,289,0.15,491.3,240,251.3
ORD-2023-01221,2023-04-11,2023-04-15,CUST-0200,PRD-026,R103,Distributor,Cash,2,210,0.05,399,190,209
ORD-2023-01711,2023-04-11,2023-04-16,CUST-0084,PRD-017,R107,In-Store,Bank Transfer,6,139,0,834,390,444
ORD-2023-02275,2023-04-11,2023-04-16,CUST-0173,PRD-008,R106,Distributor,Credit Card,1,49,0.2,39.2,18,21.2
ORD-2023-01168,2023-04-12,2023-04-17,CUST-0147,PRD-022,R103,Distributor,PayPal,2,450,0.15,765,420,345
ORD-2023-01685,2023-04-12,2023-04-17,CUST-0053,PRD-009,R108,Online,Cash,3,329,0.15,838.95,540,298.95
ORD-2023-01715,2023-04-12,2023-04-16,CUST-0036,PRD-004,R101,Distributor,Bank Transfer,4,2199,0.2,7036.8,5600,1436.8
ORD-2023-01766,2023-04-12,2023-04-17,CUST-0065,PRD-021,R107,In-Store,Credit Card,4,289,0.15,982.6,480,502.6
ORD-2023-01753,2023-04-14,2023-04-16,CUST-0061,PRD-024,R105,Online,PayPal,1,549,0,549,240,309
ORD-2023-02495,2023-04-14,2023-04-18,CUST-0234,PRD-022,R104,In-Store,Bank Transfer,4,450,0.2,1440,840,600
ORD-2023-03405,2023-04-14,2023-04-18,CUST-0084,PRD-023,R107,Distributor,PayPal,6,149,0,894,390,504
ORD-2023-00472,2023-04-15,2023-04-20,CUST-0057,PRD-010,R105,Online,PayPal,3,799,0.1,2157.3,1260,897.3
ORD-2023-02597,2023-04-15,2023-04-19,CUST-0122,PRD-002,R101,In-Store,Cash,5,1699,0.1,7645.5,5500,2145.5
ORD-2023-03326,2023-04-15,2023-04-18,CUST-0138,PRD-019,R105,Distributor,Credit Card,6,175,0.15,892.5,450,442.5
ORD-2023-00575,2023-04-16,2023-04-18,CUST-0207,PRD-013,R108,In-Store,Credit Card,5,28,0.1,126,70,56
ORD-2023-01403,2023-04-16,2023-04-17,CUST-0222,PRD-021,R108,Online,Cash,1,289,0,289,120,169
ORD-2023-01539,2023-04-16,2023-04-20,CUST-0168,PRD-004,R101,Online,PayPal,5,2199,0,10995,7000,3995
ORD-2023-01627,2023-04-17,2023-04-19,CUST-0135,PRD-016,R108,In-Store,Cash,6,24,0.05,136.8,54,82.8
ORD-2023-01041,2023-04-18,2023-04-23,CUST-0195,PRD-017,R104,Distributor,Bank Transfer,5,139,0.2,556,325,231
ORD-2023-01749,2023-04-18,2023-04-22,CUST-0171,PRD-024,R107,Online,Bank Transfer,3,549,0.05,1564.65,720,844.65
ORD-2023-02223,2023-04-18,2023-04-21,CUST-0236,PRD-023,R101,In-Store,Credit Card,3,149,0,447,195,252
ORD-2023-02379,2023-04-18,2023-04-19,CUST-0019,PRD-017,R104,Distributor,Credit Card,6,139,0.2,667.2,390,277.2
ORD-2023-00557,2023-04-19,2023-04-23,CUST-0196,PRD-006,R103,Distributor,PayPal,6,89,0.1,480.6,210,270.6
ORD-2023-01052,2023-04-19,2023-04-23,CUST-0225,PRD-017,R106,In-Store,Cash,3,139,0.2,333.6,195,138.6
ORD-2023-02331,2023-04-19,2023-04-22,CUST-0240,PRD-021,R102,In-Store,Bank Transfer,1,289,0.15,245.65,120,125.65
ORD-2023-01721,2023-04-20,2023-04-23,CUST-0160,PRD-020,R107,Online,Bank Transfer,4,230,0.15,782,440,342
ORD-2023-02767,2023-04-20,2023-04-23,CUST-0233,PRD-018,R104,Online,Cash,6,85,0.15,433.5,240,193.5
ORD-2023-01634,2023-04-21,2023-04-25,CUST-0169,PRD-020,R102,In-Store,Cash,5,230,0.15,977.5,550,427.5
ORD-2023-01827,2023-04-21,2023-04-24,CUST-0017,PRD-007,R105,Online,Credit Card,3,129,0,387,165,222
ORD-2023-01980,2023-04-21,2023-04-24,CUST-0187,PRD-015,R103,Distributor,Bank Transfer,6,15,0,90,30,60
ORD-2023-02087,2023-04-21,2023-04-22,CUST-0242,PRD-002,R108,Distributor,Cash,1,1699,0.05,1614.05,1100,514.05
ORD-2023-02239,2023-04-21,2023-04-23,CUST-0004,PRD-022,R103,In-Store,Credit Card,4,450,0.05,1710,840,870
ORD-2023-00100,2023-04-22,2023-04-25,CUST-0033,PRD-012,R104,Online,Credit Card,3,199,0.05,567.15,270,297.15
ORD-2023-02134,2023-04-22,2023-04-25,CUST-0221,PRD-017,R106,Distributor,PayPal,2,139,0.05,264.1,130,134.1
ORD-2023-03003,2023-04-22,2023-04-23,CUST-0022,PRD-007,R101,Distributor,Credit Card,6,129,0.15,657.9,330,327.9
ORD-2023-00989,2023-04-23,2023-04-28,CUST-0056,PRD-022,R107,Distributor,Cash,3,450,0.15,1147.5,630,517.5
ORD-2023-01264,2023-04-23,2023-04-24,CUST-0002,PRD-008,R106,Online,Cash,3,49,0,147,54,93
ORD-2023-01645,2023-04-23,2023-04-25,CUST-0023,PRD-026,R104,Distributor,Credit Card,2,210,0,420,190,230
ORD-2023-02112,2023-04-23,2023-04-28,CUST-0200,PRD-026,R104,Online,Credit Card,4,210,0.15,714,380,334
ORD-2023-00350,2023-04-24,2023-04-28,CUST-0100,PRD-008,R103,Distributor,Credit Card,1,49,0.2,39.2,18,21.2
ORD-2023-00269,2023-04-25,2023-04-29,CUST-0034,PRD-009,R103,In-Store,Bank Transfer,3,329,0,987,540,447
ORD-2023-01484,2023-04-25,2023-04-30,CUST-0171,PRD-018,R104,In-Store,Cash,5,85,0,425,200,225
ORD-2023-01641,2023-04-25,2023-04-27,CUST-0099,PRD-028,R106,In-Store,Cash,5,135,0.05,641.25,300,341.25
ORD-2023-01887,2023-04-25,2023-04-28,CUST-0022,PRD-001,R101,In-Store,PayPal,1,999,0,999,650,349
ORD-2023-02891,2023-04-25,2023-04-29,CUST-0015,PRD-027,R102,Distributor,Cash,4,260,0,1040,460,580
ORD-2023-03156,2023-04-25,2023-04-28,CUST-0023,PRD-001,R106,Distributor,Bank Transfer,5,999,0.15,4245.75,3250,995.75
ORD-2023-00958,2023-04-26,2023-04-30,CUST-0064,PRD-003,R104,Distributor,Bank Transfer,6,749,0.1,4044.6,2880,1164.6
ORD-2023-01334,2023-04-26,2023-04-27,CUST-0121,PRD-016,R105,In-Store,Bank Transfer,4,24,0.05,91.2,36,55.2
ORD-2023-02388,2023-04-26,2023-04-30,CUST-0196,PRD-002,R107,In-Store,PayPal,2,1699,0.15,2888.3,2200,688.3
ORD-2023-00539,2023-04-27,2023-04-28,CUST-0066,PRD-006,R104,Distributor,Cash,1,89,0,89,35,54
ORD-2023-00011,2023-04-28,2023-04-30,CUST-0094,PRD-001,R107,Distributor,Cash,5,999,0.2,3996,3250,746
ORD-2023-00446,2023-04-28,2023-04-29,CUST-0149,PRD-013,R101,In-Store,PayPal,3,28,0.2,67.2,42,25.2
ORD-2023-01895,2023-04-28,2023-05-02,CUST-0188,PRD-020,R105,Distributor,Credit Card,6,230,0.1,1242,660,582
ORD-2023-03176,2023-04-28,2023-04-30,CUST-0135,PRD-014,R103,In-Store,Bank Transfer,5,22,0.2,88,40,48
ORD-2023-03218,2023-04-28,2023-04-29,CUST-0038,PRD-027,R106,Online,PayPal,2,260,0.1,468,230,238
ORD-2023-00819,2023-04-29,2023-05-04,CUST-0098,PRD-018,R102,Online,Bank Transfer,6,85,0,510,240,270
ORD-2023-02826,2023-04-29,2023-05-02,CUST-0161,PRD-005,R104,Online,PayPal,5,39,0.05,185.25,75,110.25
ORD-2023-02103,2023-04-30,2023-05-05,CUST-0138,PRD-026,R102,Distributor,Credit Card,3,210,0.05,598.5,285,313.5
ORD-2023-00387,2023-05-01,2023-05-06,CUST-0207,PRD-019,R103,Distributor,Credit Card,6,175,0,1050,450,600
ORD-2023-00400,2023-05-01,2023-05-04,CUST-0066,PRD-021,R103,Online,Bank Transfer,4,289,0,1156,480,676
ORD-2023-01303,2023-05-01,2023-05-05,CUST-0055,PRD-002,R108,In-Store,Credit Card,1,1699,0,1699,1100,599
ORD-2023-01920,2023-05-01,2023-05-06,CUST-0144,PRD-016,R106,In-Store,Credit Card,4,24,0.1,86.4,36,50.4
ORD-2023-02434,2023-05-01,2023-05-06,CUST-0065,PRD-024,R104,Distributor,Cash,6,549,0.15,2799.9,1440,1359.9
ORD-2023-02553,2023-05-01,2023-05-03,CUST-0135,PRD-002,R108,Online,Cash,6,1699,0.05,9684.3,6600,3084.3
ORD-2023-00119,2023-05-02,2023-05-05,CUST-0180,PRD-024,R107,In-Store,PayPal,1,549,0.15,466.65,240,226.65
ORD-2023-01358,2023-05-02,2023-05-04,CUST-0144,PRD-012,R103,Online,Cash,4,199,0,796,360,436
ORD-2023-01916,2023-05-02,2023-05-04,CUST-0083,PRD-014,R103,Distributor,Credit Card,2,22,0.2,35.2,16,19.2
ORD-2023-01079,2023-05-03,2023-05-05,CUST-0143,PRD-009,R108,Distributor,Cash,3,329,0,987,540,447
ORD-2023-02120,2023-05-03,2023-05-06,CUST-0227,PRD-003,R104,Distributor,Bank Transfer,5,749,0.1,3370.5,2400,970.5
ORD-2023-02457,2023-05-04,2023-05-06,CUST-0002,PRD-027,R104,In-Store,Bank Transfer,1,260,0,260,115,145
ORD-2023-02960,2023-05-04,2023-05-09,CUST-0128,PRD-022,R105,Online,Cash,2,450,0,900,420,480
ORD-2023-03469,2023-05-04,2023-05-08,CUST-0033,PRD-010,R105,Distributor,Cash,3,799,0,2397,1260,1137
ORD-2023-00911,2023-05-05,2023-05-06,CUST-0066,PRD-004,R106,Online,Cash,6,2199,0.2,10555.2,8400,2155.2
ORD-2023-02347,2023-05-05,2023-05-10,CUST-0166,PRD-019,R102,Online,PayPal,5,175,0,875,375,500
ORD-2023-02660,2023-05-05,2023-05-07,CUST-0061,PRD-018,R107,Distributor,Bank Transfer,2,85,0.1,153,80,73
ORD-2023-03396,2023-05-05,2023-05-09,CUST-0087,PRD-026,R105,In-Store,Cash,1,210,0,210,95,115
ORD-2023-00278,2023-05-06,2023-05-10,CUST-0007,PRD-001,R102,Online,Cash,5,999,0.2,3996,3250,746
ORD-2023-00429,2023-05-06,2023-05-07,CUST-0106,PRD-027,R108,Distributor,Cash,5,260,0,1300,575,725
ORD-2023-01570,2023-05-06,2023-05-10,CUST-0139,PRD-001,R106,In-Store,Credit Card,6,999,0.1,5394.6,3900,1494.6
ORD-2023-01603,2023-05-06,2023-05-09,CUST-0004,PRD-003,R107,Online,PayPal,2,749,0.15,1273.3,960,313.3
ORD-2023-01453,2023-05-07,2023-05-08,CUST-0133,PRD-020,R102,In-Store,Credit Card,4,230,0.2,736,440,296
ORD-2023-03132,2023-05-07,2023-05-08,CUST-0129,PRD-010,R104,Online,PayPal,6,799,0.1,4314.6,2520,1794.6
ORD-2023-02317,2023-05-08,2023-05-12,CUST-0021,PRD-010,R107,Online,PayPal,3,799,0,2397,1260,1137
ORD-2023-00148,2023-05-09,2023-05-10,CUST-0011,PRD-027,R103,Distributor,Cash,5,260,0.05,1235,575,660
ORD-2023-01461,2023-05-09,2023-05-12,CUST-0224,PRD-027,R101,Online,PayPal,1,260,0,260,115,145
ORD-2023-02376,2023-05-09,2023-05-13,CUST-0034,PRD-028,R104,Online,Bank Transfer,1,135,0.1,121.5,60,61.5
ORD-2023-02504,2023-05-09,2023-05-10,CUST-0098,PRD-027,R104,Distributor,Cash,3,260,0.05,741,345,396
ORD-2023-00716,2023-05-10,2023-05-11,CUST-0136,PRD-028,R107,Online,PayPal,1,135,0.05,128.25,60,68.25
ORD-2023-00864,2023-05-10,2023-05-12,CUST-0161,PRD-010,R101,Distributor,Cash,5,799,0,3995,2100,1895
ORD-2023-03103,2023-05-10,2023-05-12,CUST-0175,PRD-027,R106,In-Store,PayPal,5,260,0,1300,575,725
ORD-2023-01019,2023-05-11,2023-05-15,CUST-0166,PRD-023,R106,In-Store,Credit Card,6,149,0.15,759.9,390,369.9
ORD-2023-02515,2023-05-11,2023-05-13,CUST-0121,PRD-005,R107,In-Store,Cash,3,39,0,117,45,72
ORD-2023-02691,2023-05-11,2023-05-14,CUST-0030,PRD-001,R102,Online,PayPal,3,999,0,2997,1950,1047
ORD-2023-02741,2023-05-11,2023-05-14,CUST-0045,PRD-012,R106,In-Store,Cash,6,199,0,1194,540,654
ORD-2023-02797,2023-05-11,2023-05-14,CUST-0119,PRD-019,R101,Distributor,Cash,3,175,0,525,225,300
ORD-2023-00726,2023-05-12,2023-05-13,CUST-0147,PRD-027,R108,Distributor,PayPal,5,260,0.1,1170,575,595
ORD-2023-01180,2023-05-12,2023-05-15,CUST-0027,PRD-020,R104,Online,Bank Transfer,5,230,0.1,1035,550,485
ORD-2023-02342,2023-05-12,2023-05-14,CUST-0142,PRD-018,R106,Online,Cash,1,85,0,85,40,45
ORD-2023-02353,2023-05-13,2023-05-15,CUST-0013,PRD-008,R101,Distributor,PayPal,6,49,0.15,249.9,108,141.9
ORD-2023-03147,2023-05-13,2023-05-17,CUST-0037,PRD-014,R105,Distributor,PayPal,6,22,0,132,48,84
ORD-2023-03004,2023-05-14,2023-05-18,CUST-0173,PRD-014,R103,Distributor,PayPal,2,22,0.1,39.6,16,23.6
ORD-2023-01200,2023-05-15,2023-05-20,CUST-0095,PRD-013,R103,Distributor,Cash,6,28,0,168,84,84
ORD-2023-02386,2023-05-15,2023-05-18,CUST-0037,PRD-016,R107,In-Store,Bank Transfer,4,24,0.05,91.2,36,55.2
ORD-2023-02617,2023-05-15,2023-05-20,CUST-0127,PRD-019,R107,In-Store,Bank Transfer,2,175,0.2,280,150,130
ORD-2023-00940,2023-05-16,2023-05-20,CUST-0078,PRD-005,R108,Online,Cash,2,39,0.1,70.2,30,40.2
ORD-2023-01452,2023-05-16,2023-05-20,CUST-0068,PRD-003,R104,Distributor,PayPal,4,749,0.2,2396.8,1920,476.8
ORD-2023-01495,2023-05-16,2023-05-21,CUST-0150,PRD-016,R104,Distributor,Bank Transfer,5,24,0.15,102,45,57
ORD-2023-01646,2023-05-16,2023-05-20,CUST-0146,PRD-004,R106,Online,Bank Transfer,1,2199,0.05,2089.05,1400,689.05
ORD-2023-02399,2023-05-16,2023-05-21,CUST-0132,PRD-028,R105,Online,Bank Transfer,5,135,0.15,573.75,300,273.75
ORD-2023-02831,2023-05-16,2023-05-17,CUST-0146,PRD-005,R103,Online,Bank Transfer,1,39,0.1,35.1,15,20.1
ORD-2023-02949,2023-05-16,2023-05-20,CUST-0016,PRD-004,R107,In-Store,PayPal,3,2199,0.05,6267.15,4200,2067.15
ORD-2023-00004,2023-05-17,2023-05-21,CUST-0160,PRD-003,R108,In-Store,Cash,1,749,0.1,674.1,480,194.1
ORD-2023-00041,2023-05-17,2023-05-19,CUST-0189,PRD-010,R104,Online,Credit Card,2,799,0.1,1438.2,840,598.2
ORD-2023-00523,2023-05-17,2023-05-21,CUST-0058,PRD-015,R101,In-Store,Cash,3,15,0.15,38.25,15,23.25
ORD-2023-00005,2023-05-18,2023-05-22,CUST-0035,PRD-015,R105,Distributor,PayPal,4,15,0,60,20,40
ORD-2023-00257,2023-05-18,2023-05-21,CUST-0008,PRD-019,R103,Online,PayPal,2,175,0.1,315,150,165
ORD-2023-00995,2023-05-18,2023-05-19,CUST-0023,PRD-009,R103,Distributor,Bank Transfer,5,329,0,1645,900,745
ORD-2023-01081,2023-05-18,2023-05-19,CUST-0190,PRD-003,R106,Distributor,Credit Card,3,749,0.1,2022.3,1440,582.3
ORD-2023-02421,2023-05-18,2023-05-19,CUST-0247,PRD-021,R107,Distributor,Bank Transfer,2,289,0.05,549.1,240,309.1
ORD-2023-03198,2023-05-18,2023-05-21,CUST-0026,PRD-028,R101,In-Store,Credit Card,1,135,0,135,60,75
ORD-2023-01275,2023-05-19,2023-05-20,CUST-0162,PRD-006,R107,Online,PayPal,6,89,0,534,210,324
ORD-2023-01290,2023-05-19,2023-05-20,CUST-0129,PRD-008,R103,In-Store,PayPal,3,49,0.05,139.65,54,85.65
ORD-2023-01905,2023-05-20,2023-05-25,CUST-0078,PRD-028,R108,Online,Credit Card,1,135,0.05,128.25,60,68.25
ORD-2023-01918,2023-05-20,2023-05-23,CUST-0154,PRD-016,R107,Online,Credit Card,4,24,0,96,36,60
ORD-2023-02149,2023-05-20,2023-05-21,CUST-0101,PRD-010,R105,Online,Credit Card,2,799,0.05,1518.1,840,678.1
ORD-2023-02686,2023-05-20,2023-05-24,CUST-0177,PRD-013,R107,Distributor,Bank Transfer,4,28,0.05,106.4,56,50.4
ORD-2023-01252,2023-05-21,2023-05-24,CUST-0058,PRD-001,R101,Distributor,PayPal,3,999,0.1,2697.3,1950,747.3
ORD-2023-01997,2023-05-21,2023-05-24,CUST-0040,PRD-025,R106,Distributor,Credit Card,1,620,0,620,290,330
ORD-2023-02581,2023-05-21,2023-05-22,CUST-0208,PRD-001,R102,Online,Bank Transfer,6,999,0.1,5394.6,3900,1494.6
ORD-2023-00502,2023-05-22,2023-05-24,CUST-0109,PRD-014,R101,Distributor,Bank Transfer,6,22,0.15,112.2,48,64.2
ORD-2023-02521,2023-05-22,2023-05-27,CUST-0223,PRD-011,R107,Online,Credit Card,5,499,0,2495,1300,1195
ORD-2023-00085,2023-05-23,2023-05-27,CUST-0026,PRD-016,R102,Distributor,Credit Card,1,24,0.05,22.8,9,13.8
ORD-2023-00198,2023-05-23,2023-05-26,CUST-0233,PRD-026,R105,In-Store,PayPal,6,210,0.05,1197,570,627
ORD-2023-02371,2023-05-23,2023-05-25,CUST-0234,PRD-006,R108,In-Store,Cash,6,89,0.2,427.2,210,217.2
ORD-2023-00922,2023-05-24,2023-05-29,CUST-0104,PRD-014,R101,Distributor,PayPal,5,22,0.05,104.5,40,64.5
ORD-2023-01089,2023-05-24,2023-05-26,CUST-0128,PRD-001,R105,In-Store,PayPal,6,999,0.05,5694.3,3900,1794.3
ORD-2023-02226,2023-05-24,2023-05-28,CUST-0076,PRD-003,R101,In-Store,Bank Transfer,6,749,0.1,4044.6,2880,1164.6
ORD-2023-02674,2023-05-25,2023-05-29,CUST-0141,PRD-002,R107,Distributor,Credit Card,6,1699,0.15,8664.9,6600,2064.9
ORD-2023-00359,2023-05-26,2023-05-31,CUST-0042,PRD-021,R102,Distributor,PayPal,4,289,0.05,1098.2,480,618.2
ORD-2023-01776,2023-05-26,2023-05-30,CUST-0083,PRD-019,R107,Distributor,Cash,3,175,0,525,225,300
ORD-2023-02983,2023-05-26,2023-05-31,CUST-0070,PRD-026,R103,Distributor,PayPal,5,210,0.05,997.5,475,522.5
ORD-2023-00008,2023-05-27,2023-05-28,CUST-0116,PRD-006,R107,Online,Cash,4,89,0,356,140,216
ORD-2023-00736,2023-05-27,2023-05-30,CUST-0010,PRD-009,R102,Online,PayPal,1,329,0.05,312.55,180,132.55
ORD-2023-00904,2023-05-27,2023-05-29,CUST-0210,PRD-009,R102,Distributor,Bank Transfer,4,329,0,1316,720,596
ORD-2023-01199,2023-05-27,2023-05-29,CUST-0132,PRD-004,R106,In-Store,PayPal,2,2199,0.15,3738.3,2800,938.3
ORD-2023-02253,2023-05-27,2023-05-30,CUST-0230,PRD-002,R104,In-Store,Credit Card,3,1699,0.1,4587.3,3300,1287.3
ORD-2023-00057,2023-05-28,2023-05-29,CUST-0186,PRD-005,R101,Online,Bank Transfer,1,39,0,39,15,24
ORD-2023-00112,2023-05-28,2023-06-01,CUST-0248,PRD-010,R104,Online,PayPal,4,799,0,3196,1680,1516
ORD-2023-00915,2023-05-28,2023-05-29,CUST-0216,PRD-020,R105,Online,PayPal,5,230,0.2,920,550,370
ORD-2023-01367,2023-05-28,2023-05-29,CUST-0170,PRD-024,R102,In-Store,Cash,2,549,0.05,1043.1,480,563.1
ORD-2023-01835,2023-05-28,2023-06-02,CUST-0216,PRD-007,R102,Online,Bank Transfer,3,129,0,387,165,222
ORD-2023-02897,2023-05-28,2023-06-01,CUST-0180,PRD-007,R105,Online,Bank Transfer,6,129,0,774,330,444
ORD-2023-03489,2023-05-28,2023-05-31,CUST-0166,PRD-007,R103,In-Store,Bank Transfer,2,129,0,258,110,148
ORD-2023-01154,2023-05-29,2023-06-01,CUST-0082,PRD-025,R105,Online,Cash,3,620,0.05,1767,870,897
ORD-2023-01885,2023-05-29,2023-06-02,CUST-0089,PRD-012,R101,Distributor,Credit Card,3,199,0,597,270,327
ORD-2023-02271,2023-05-29,2023-05-30,CUST-0121,PRD-011,R107,Online,Cash,6,499,0.05,2844.3,1560,1284.3
ORD-2023-02306,2023-05-29,2023-05-31,CUST-0064,PRD-006,R105,Distributor,PayPal,5,89,0.15,378.25,175,203.25
ORD-2023-02665,2023-05-29,2023-05-30,CUST-0032,PRD-007,R104,Online,Bank Transfer,4,129,0.2,412.8,220,192.8
ORD-2023-02678,2023-05-29,2023-06-03,CUST-0053,PRD-012,R103,Online,Credit Card,2,199,0,398,180,218
ORD-2023-02689,2023-05-29,2023-06-03,CUST-0184,PRD-022,R105,Online,Bank Transfer,6,450,0,2700,1260,1440
ORD-2023-01434,2023-05-30,2023-06-03,CUST-0121,PRD-013,R101,Online,PayPal,4,28,0.05,106.4,56,50.4
ORD-2023-01684,2023-05-30,2023-06-03,CUST-0137,PRD-017,R107,Online,Bank Transfer,3,139,0.1,375.3,195,180.3
ORD-2023-01809,2023-05-30,2023-06-04,CUST-0020,PRD-018,R102,Online,Credit Card,6,85,0,510,240,270
ORD-2023-01828,2023-05-30,2023-06-03,CUST-0177,PRD-023,R103,Online,Cash,3,149,0.1,402.3,195,207.3
ORD-2023-03455,2023-05-30,2023-06-03,CUST-0084,PRD-026,R105,Distributor,Credit Card,6,210,0,1260,570,690
ORD-2023-02027,2023-05-31,2023-06-05,CUST-0151,PRD-024,R108,In-Store,Bank Transfer,5,549,0,2745,1200,1545
ORD-2023-03173,2023-05-31,2023-06-01,CUST-0078,PRD-023,R101,In-Store,PayPal,6,149,0,894,390,504
ORD-2023-00846,2023-06-01,2023-06-06,CUST-0191,PRD-020,R106,Online,PayPal,4,230,0,920,440,480
ORD-2023-00943,2023-06-01,2023-06-05,CUST-0150,PRD-018,R101,Distributor,PayPal,6,85,0,510,240,270
ORD-2023-01207,2023-06-01,2023-06-04,CUST-0152,PRD-014,R104,Online,PayPal,2,22,0.05,41.8,16,25.8
ORD-2023-02236,2023-06-01,2023-06-02,CUST-0136,PRD-004,R108,Online,Bank Transfer,2,2199,0,4398,2800,1598
ORD-2023-02624,2023-06-01,2023-06-04,CUST-0240,PRD-027,R102,In-Store,Bank Transfer,6,260,0.05,1482,690,792
ORD-2023-02784,2023-06-01,2023-06-05,CUST-0197,PRD-019,R101,Online,Cash,3,175,0,525,225,300
ORD-2023-03425,2023-06-01,2023-06-06,CUST-0102,PRD-015,R104,Distributor,Bank Transfer,3,15,0.05,42.75,15,27.75
ORD-2023-03462,2023-06-01,2023-06-04,CUST-0049,PRD-021,R105,Distributor,Cash,4,289,0.1,1040.4,480,560.4
ORD-2023-00548,2023-06-02,2023-06-06,CUST-0241,PRD-020,R105,Distributor,PayPal,2,230,0,460,220,240
ORD-2023-01038,2023-06-02,2023-06-07,CUST-0070,PRD-005,R106,Online,Bank Transfer,4,39,0,156,60,96
ORD-2023-01361,2023-06-02,2023-06-06,CUST-0066,PRD-014,R103,In-Store,PayPal,6,22,0.1,118.8,48,70.8
ORD-2023-00372,2023-06-03,2023-06-07,CUST-0202,PRD-017,R106,Distributor,PayPal,2,139,0,278,130,148
ORD-2023-01912,2023-06-03,2023-06-06,CUST-0141,PRD-012,R102,Online,Credit Card,5,199,0,995,450,545
ORD-2023-02673,2023-06-03,2023-06-08,CUST-0245,PRD-015,R108,In-Store,Credit Card,2,15,0.2,24,10,14
ORD-2023-00635,2023-06-04,2023-06-07,CUST-0204,PRD-014,R108,Distributor,PayPal,5,22,0.15,93.5,40,53.5
ORD-2023-02928,2023-06-04,2023-06-09,CUST-0133,PRD-003,R106,Online,Cash,1,749,0,749,480,269
ORD-2023-02190,2023-06-05,2023-06-10,CUST-0154,PRD-013,R106,In-Store,Bank Transfer,6,28,0.05,159.6,84,75.6
ORD-2023-02250,2023-06-05,2023-06-07,CUST-0151,PRD-006,R107,Distributor,Bank Transfer,1,89,0.15,75.65,35,40.65
ORD-2023-00108,2023-06-06,2023-06-09,CUST-0230,PRD-002,R101,Online,PayPal,1,1699,0,1699,1100,599
ORD-2023-00339,2023-06-06,2023-06-11,CUST-0213,PRD-026,R106,Distributor,Cash,3,210,0.05,598.5,285,313.5
ORD-2023-01215,2023-06-06,2023-06-09,CUST-0089,PRD-011,R101,Distributor,PayPal,4,499,0,1996,1040,956
ORD-2023-03320,2023-06-06,2023-06-07,CUST-0210,PRD-017,R105,In-Store,Cash,2,139,0.05,264.1,130,134.1
ORD-2023-03375,2023-06-06,2023-06-07,CUST-0092,PRD-009,R107,Distributor,Bank Transfer,5,329,0.15,1398.25,900,498.25
ORD-2023-01788,2023-06-07,2023-06-11,CUST-0146,PRD-014,R106,Distributor,Bank Transfer,1,22,0,22,8,14
ORD-2023-02406,2023-06-07,2023-06-08,CUST-0201,PRD-014,R105,Distributor,PayPal,1,22,0.15,18.7,8,10.7
ORD-2023-02931,2023-06-07,2023-06-10,CUST-0245,PRD-028,R106,Distributor,Bank Transfer,6,135,0,810,360,450
ORD-2023-00895,2023-06-08,2023-06-12,CUST-0193,PRD-008,R105,Distributor,Credit Card,3,49,0.05,139.65,54,85.65
ORD-2023-01414,2023-06-08,2023-06-10,CUST-0001,PRD-001,R107,Distributor,PayPal,4,999,0,3996,2600,1396
ORD-2023-03128,2023-06-08,2023-06-10,CUST-0166,PRD-009,R106,Online,Cash,2,329,0.2,526.4,360,166.4
ORD-2023-00672,2023-06-09,2023-06-13,CUST-0201,PRD-009,R108,Online,Cash,2,329,0,658,360,298
ORD-2023-00745,2023-06-09,2023-06-10,CUST-0192,PRD-015,R105,Distributor,Cash,5,15,0.05,71.25,25,46.25
ORD-2023-01642,2023-06-09,2023-06-11,CUST-0115,PRD-006,R103,In-Store,Cash,1,89,0,89,35,54
ORD-2023-02819,2023-06-09,2023-06-13,CUST-0113,PRD-012,R101,Distributor,Bank Transfer,5,199,0,995,450,545
ORD-2023-02338,2023-06-10,2023-06-13,CUST-0176,PRD-024,R104,In-Store,Bank Transfer,5,549,0.05,2607.75,1200,1407.75
ORD-2023-01032,2023-06-11,2023-06-13,CUST-0202,PRD-020,R101,Distributor,PayPal,5,230,0,1150,550,600
ORD-2023-01739,2023-06-11,2023-06-14,CUST-0154,PRD-025,R108,In-Store,PayPal,1,620,0.15,527,290,237
ORD-2023-02886,2023-06-11,2023-06-12,CUST-0181,PRD-020,R106,Online,Credit Card,3,230,0.2,552,330,222
ORD-2023-00234,2023-06-12,2023-06-13,CUST-0139,PRD-023,R104,In-Store,Credit Card,3,149,0.1,402.3,195,207.3
ORD-2023-00309,2023-06-12,2023-06-16,CUST-0225,PRD-021,R101,Distributor,Bank Transfer,3,289,0.05,823.65,360,463.65
ORD-2023-03480,2023-06-12,2023-06-16,CUST-0038,PRD-006,R101,Online,PayPal,3,89,0.15,226.95,105,121.95
ORD-2023-01360,2023-06-13,2023-06-15,CUST-0112,PRD-002,R104,Distributor,Credit Card,2,1699,0,3398,2200,1198
ORD-2023-02881,2023-06-13,2023-06-14,CUST-0086,PRD-025,R102,In-Store,PayPal,4,620,0.1,2232,1160,1072
ORD-2023-00829,2023-06-14,2023-06-18,CUST-0146,PRD-007,R108,In-Store,PayPal,3,129,0,387,165,222
ORD-2023-01255,2023-06-14,2023-06-16,CUST-0227,PRD-025,R106,In-Store,PayPal,6,620,0.05,3534,1740,1794
ORD-2023-01609,2023-06-14,2023-06-18,CUST-0145,PRD-025,R105,In-Store,Credit Card,6,620,0,3720,1740,1980
ORD-2023-01996,2023-06-14,2023-06-19,CUST-0007,PRD-015,R103,In-Store,Credit Card,5,15,0,75,25,50
ORD-2023-01604,2023-06-15,2023-06-17,CUST-0078,PRD-005,R108,Distributor,Credit Card,2,39,0,78,30,48
ORD-2023-02827,2023-06-15,2023-06-20,CUST-0200,PRD-018,R102,In-Store,PayPal,5,85,0.1,382.5,200,182.5
ORD-2023-02903,2023-06-15,2023-06-18,CUST-0113,PRD-011,R101,In-Store,PayPal,2,499,0.05,948.1,520,428.1
ORD-2023-03491,2023-06-15,2023-06-19,CUST-0047,PRD-009,R103,Online,PayPal,4,329,0.05,1250.2,720,530.2
ORD-2023-00305,2023-06-16,2023-06-17,CUST-0190,PRD-012,R104,Distributor,Bank Transfer,4,199,0.05,756.2,360,396.2
ORD-2023-00541,2023-06-17,2023-06-20,CUST-0018,PRD-018,R107,Distributor,Bank Transfer,3,85,0.05,242.25,120,122.25
ORD-2023-01799,2023-06-17,2023-06-21,CUST-0169,PRD-027,R108,Distributor,PayPal,1,260,0.05,247,115,132
ORD-2023-02092,2023-06-17,2023-06-18,CUST-0086,PRD-020,R103,Online,Credit Card,4,230,0.05,874,440,434
ORD-2023-02302,2023-06-17,2023-06-22,CUST-0020,PRD-012,R106,Distributor,PayPal,1,199,0.15,169.15,90,79.15
ORD-2023-03036,2023-06-17,2023-06-22,CUST-0241,PRD-007,R104,Distributor,Credit Card,1,129,0.05,122.55,55,67.55
ORD-2023-03449,2023-06-17,2023-06-21,CUST-0203,PRD-020,R104,Distributor,Cash,2,230,0,460,220,240
ORD-2023-00194,2023-06-18,2023-06-20,CUST-0071,PRD-001,R103,Online,PayPal,5,999,0.05,4745.25,3250,1495.25
ORD-2023-00217,2023-06-18,2023-06-20,CUST-0212,PRD-023,R107,Online,PayPal,4,149,0.05,566.2,260,306.2
ORD-2023-01128,2023-06-18,2023-06-21,CUST-0219,PRD-016,R101,Online,PayPal,2,24,0.2,38.4,18,20.4
ORD-2023-02437,2023-06-18,2023-06-20,CUST-0058,PRD-010,R101,Distributor,Credit Card,6,799,0,4794,2520,2274
ORD-2023-01377,2023-06-19,2023-06-20,CUST-0057,PRD-021,R107,Online,Cash,1,289,0.1,260.1,120,140.1
ORD-2023-01133,2023-06-20,2023-06-21,CUST-0016,PRD-023,R107,In-Store,Bank Transfer,3,149,0.15,379.95,195,184.95
ORD-2023-01659,2023-06-21,2023-06-25,CUST-0072,PRD-015,R107,Distributor,Credit Card,3,15,0.1,40.5,15,25.5
ORD-2023-01923,2023-06-21,2023-06-22,CUST-0117,PRD-028,R107,Online,PayPal,1,135,0.05,128.25,60,68.25
ORD-2023-02150,2023-06-21,2023-06-23,CUST-0137,PRD-015,R107,Distributor,Bank Transfer,6,15,0.2,72,30,42
ORD-2023-03151,2023-06-21,2023-06-22,CUST-0125,PRD-010,R104,Online,Bank Transfer,2,799,0,1598,840,758
ORD-2023-00642,2023-06-22,2023-06-25,CUST-0228,PRD-025,R107,In-Store,PayPal,5,620,0.05,2945,1450,1495
ORD-2023-02438,2023-06-22,2023-06-26,CUST-0152,PRD-009,R106,Online,Credit Card,2,329,0.05,625.1,360,265.1
ORD-2023-03369,2023-06-22,2023-06-25,CUST-0009,PRD-001,R108,In-Store,Cash,5,999,0.15,4245.75,3250,995.75
ORD-2023-00362,2023-06-23,2023-06-25,CUST-0042,PRD-012,R108,Online,Bank Transfer,3,199,0,597,270,327
ORD-2023-01527,2023-06-23,2023-06-24,CUST-0074,PRD-010,R108,Online,Credit Card,5,799,0.2,3196,2100,1096
ORD-2023-01608,2023-06-23,2023-06-28,CUST-0013,PRD-026,R102,In-Store,Cash,6,210,0,1260,570,690
ORD-2023-00758,2023-06-24,2023-06-27,CUST-0125,PRD-024,R107,In-Store,Credit Card,3,549,0,1647,720,927
ORD-2023-01573,2023-06-25,2023-06-30,CUST-0224,PRD-026,R103,Online,Cash,2,210,0.1,378,190,188
ORD-2023-03139,2023-06-25,2023-06-27,CUST-0186,PRD-006,R107,In-Store,PayPal,2,89,0,178,70,108
ORD-2023-03270,2023-06-25,2023-06-30,CUST-0184,PRD-026,R108,In-Store,Cash,2,210,0.05,399,190,209
ORD-2023-00552,2023-06-26,2023-06-27,CUST-0206,PRD-020,R102,Distributor,Cash,5,230,0.1,1035,550,485
ORD-2023-01915,2023-06-26,2023-06-27,CUST-0183,PRD-022,R105,Online,Cash,5,450,0.05,2137.5,1050,1087.5
ORD-2023-02203,2023-06-26,2023-06-29,CUST-0104,PRD-018,R107,Online,PayPal,5,85,0.15,361.25,200,161.25
ORD-2023-02339,2023-06-26,2023-06-27,CUST-0037,PRD-008,R103,Online,Cash,3,49,0.05,139.65,54,85.65
ORD-2023-02714,2023-06-26,2023-06-30,CUST-0205,PRD-015,R103,Distributor,Cash,4,15,0,60,20,40
ORD-2023-02969,2023-06-26,2023-07-01,CUST-0048,PRD-001,R102,In-Store,Cash,5,999,0,4995,3250,1745
ORD-2023-03338,2023-06-26,2023-06-27,CUST-0135,PRD-012,R102,In-Store,Bank Transfer,1,199,0,199,90,109
ORD-2023-00583,2023-06-27,2023-07-01,CUST-0230,PRD-026,R106,Distributor,Bank Transfer,4,210,0.2,672,380,292
ORD-2023-02563,2023-06-27,2023-07-02,CUST-0127,PRD-004,R102,In-Store,PayPal,2,2199,0.1,3958.2,2800,1158.2
ORD-2023-01253,2023-06-28,2023-06-30,CUST-0031,PRD-003,R106,In-Store,Cash,3,749,0.1,2022.3,1440,582.3
ORD-2023-01454,2023-06-28,2023-07-01,CUST-0034,PRD-026,R105,In-Store,Bank Transfer,3,210,0.15,535.5,285,250.5
ORD-2023-01950,2023-06-28,2023-07-03,CUST-0072,PRD-024,R104,In-Store,Bank Transfer,5,549,0.2,2196,1200,996
ORD-2023-02916,2023-06-28,2023-07-03,CUST-0091,PRD-010,R101,In-Store,Cash,6,799,0.05,4554.3,2520,2034.3
ORD-2023-03400,2023-06-28,2023-06-30,CUST-0244,PRD-004,R108,In-Store,PayPal,6,2199,0,13194,8400,4794
ORD-2023-01478,2023-06-29,2023-07-02,CUST-0207,PRD-010,R104,In-Store,Cash,6,799,0.05,4554.3,2520,2034.3
ORD-2023-03105,2023-06-29,2023-07-03,CUST-0231,PRD-026,R108,Distributor,Cash,6,210,0,1260,570,690
ORD-2023-00731,2023-06-30,2023-07-02,CUST-0032,PRD-027,R108,Online,PayPal,2,260,0.15,442,230,212
ORD-2023-01045,2023-06-30,2023-07-04,CUST-0181,PRD-021,R102,Distributor,Cash,4,289,0.05,1098.2,480,618.2
ORD-2023-02126,2023-06-30,2023-07-02,CUST-0010,PRD-008,R107,In-Store,Bank Transfer,1,49,0,49,18,31
ORD-2023-00566,2023-07-01,2023-07-04,CUST-0042,PRD-015,R101,Online,Credit Card,3,15,0.2,36,15,21
ORD-2023-01332,2023-07-01,2023-07-05,CUST-0249,PRD-005,R107,In-Store,Credit Card,2,39,0.05,74.1,30,44.1
ORD-2023-01690,2023-07-01,2023-07-06,CUST-0139,PRD-023,R105,Distributor,Credit Card,3,149,0,447,195,252
ORD-2023-01871,2023-07-01,2023-07-06,CUST-0097,PRD-015,R107,In-Store,Credit Card,1,15,0.05,14.25,5,9.25
ORD-2023-01954,2023-07-01,2023-07-02,CUST-0036,PRD-007,R104,Online,Cash,3,129,0,387,165,222
ORD-2023-02623,2023-07-01,2023-07-05,CUST-0089,PRD-008,R107,Distributor,Cash,3,49,0.2,117.6,54,63.6
ORD-2023-03296,2023-07-01,2023-07-06,CUST-0090,PRD-025,R101,Distributor,Bank Transfer,6,620,0,3720,1740,1980
ORD-2023-03494,2023-07-01,2023-07-06,CUST-0080,PRD-020,R106,Distributor,Bank Transfer,2,230,0,460,220,240
ORD-2023-00629,2023-07-02,2023-07-06,CUST-0076,PRD-003,R107,Online,PayPal,2,749,0,1498,960,538
ORD-2023-01472,2023-07-02,2023-07-04,CUST-0220,PRD-014,R105,In-Store,Bank Transfer,1,22,0.2,17.6,8,9.6
ORD-2023-02045,2023-07-02,2023-07-03,CUST-0231,PRD-008,R108,Distributor,Credit Card,3,49,0,147,54,93
ORD-2023-00226,2023-07-03,2023-07-08,CUST-0227,PRD-010,R102,In-Store,Bank Transfer,2,799,0,1598,840,758
ORD-2023-01161,2023-07-03,2023-07-04,CUST-0033,PRD-013,R108,Distributor,Cash,5,28,0,140,70,70
ORD-2023-01536,2023-07-03,2023-07-06,CUST-0242,PRD-007,R103,Online,Cash,3,129,0,387,165,222
ORD-2023-01557,2023-07-03,2023-07-05,CUST-0065,PRD-028,R102,Distributor,Cash,4,135,0.2,432,240,192
ORD-2023-00356,2023-07-04,2023-07-07,CUST-0113,PRD-023,R106,Online,Bank Transfer,1,149,0.1,134.1,65,69.1
ORD-2023-01599,2023-07-04,2023-07-07,CUST-0071,PRD-022,R103,Distributor,Bank Transfer,6,450,0.2,2160,1260,900
ORD-2023-01881,2023-07-04,2023-07-08,CUST-0086,PRD-021,R105,Distributor,Credit Card,5,289,0.1,1300.5,600,700.5
ORD-2023-00825,2023-07-05,2023-07-07,CUST-0011,PRD-025,R104,Online,Bank Transfer,4,620,0,2480,1160,1320
ORD-2023-01566,2023-07-05,2023-07-10,CUST-0085,PRD-004,R107,Distributor,PayPal,3,2199,0,6597,4200,2397
ORD-2023-03478,2023-07-05,2023-07-10,CUST-0128,PRD-012,R105,In-Store,Credit Card,5,199,0.2,796,450,346
ORD-2023-00521,2023-07-06,2023-07-08,CUST-0048,PRD-021,R108,Distributor,Credit Card,6,289,0,1734,720,1014
ORD-2023-01118,2023-07-06,2023-07-08,CUST-0163,PRD-002,R107,Online,Credit Card,2,1699,0.05,3228.1,2200,1028.1
ORD-2023-02739,2023-07-06,2023-07-10,CUST-0004,PRD-006,R102,In-Store,Cash,5,89,0.15,378.25,175,203.25
ORD-2023-02842,2023-07-06,2023-07-11,CUST-0203,PRD-023,R102,Distributor,Cash,4,149,0.2,476.8,260,216.8
ORD-2023-03336,2023-07-06,2023-07-11,CUST-0206,PRD-008,R106,In-Store,Bank Transfer,1,49,0.05,46.55,18,28.55
ORD-2023-00345,2023-07-07,2023-07-11,CUST-0183,PRD-022,R103,Distributor,Bank Transfer,4,450,0,1800,840,960
ORD-2023-00360,2023-07-08,2023-07-11,CUST-0071,PRD-003,R105,Distributor,Cash,5,749,0.1,3370.5,2400,970.5
ORD-2023-02394,2023-07-08,2023-07-11,CUST-0221,PRD-006,R101,In-Store,Cash,5,89,0.05,422.75,175,247.75
ORD-2023-02529,2023-07-08,2023-07-10,CUST-0087,PRD-025,R104,Distributor,Bank Transfer,3,620,0.2,1488,870,618
ORD-2023-02644,2023-07-08,2023-07-13,CUST-0132,PRD-023,R102,Online,Cash,1,149,0,149,65,84
ORD-2023-00961,2023-07-09,2023-07-10,CUST-0024,PRD-015,R105,Online,PayPal,3,15,0.05,42.75,15,27.75
ORD-2023-02417,2023-07-09,2023-07-13,CUST-0049,PRD-005,R104,In-Store,Bank Transfer,3,39,0.05,111.15,45,66.15
ORD-2023-00152,2023-07-10,2023-07-12,CUST-0192,PRD-012,R104,Distributor,PayPal,3,199,0.05,567.15,270,297.15
ORD-2023-01464,2023-07-10,2023-07-11,CUST-0073,PRD-022,R104,In-Store,Credit Card,3,450,0,1350,630,720
ORD-2023-02185,2023-07-10,2023-07-14,CUST-0243,PRD-008,R108,Distributor,Cash,2,49,0.2,78.4,36,42.4
ORD-2023-02466,2023-07-10,2023-07-13,CUST-0133,PRD-016,R101,Online,Credit Card,6,24,0,144,54,90
ORD-2023-02498,2023-07-10,2023-07-15,CUST-0242,PRD-011,R106,Online,Bank Transfer,3,499,0.15,1272.45,780,492.45
ORD-2023-02874,2023-07-10,2023-07-12,CUST-0226,PRD-026,R106,Distributor,PayPal,5,210,0.1,945,475,470
ORD-2023-01946,2023-07-11,2023-07-15,CUST-0069,PRD-016,R101,Online,PayPal,1,24,0.1,21.6,9,12.6
ORD-2023-03023,2023-07-11,2023-07-15,CUST-0034,PRD-028,R103,In-Store,Credit Card,2,135,0.05,256.5,120,136.5
ORD-2023-00128,2023-07-12,2023-07-16,CUST-0017,PRD-009,R103,Distributor,Credit Card,6,329,0.1,1776.6,1080,696.6
ORD-2023-02311,2023-07-12,2023-07-14,CUST-0027,PRD-011,R105,In-Store,Cash,2,499,0.05,948.1,520,428.1
ORD-2023-01695,2023-07-13,2023-07-18,CUST-0237,PRD-008,R102,Online,PayPal,5,49,0.05,232.75,90,142.75
ORD-2023-01211,2023-07-15,2023-07-17,CUST-0107,PRD-013,R105,Online,Credit Card,4,28,0,112,56,56
ORD-2023-03014,2023-07-15,2023-07-18,CUST-0024,PRD-026,R107,Distributor,PayPal,3,210,0.05,598.5,285,313.5
ORD-2023-03267,2023-07-15,2023-07-17,CUST-0079,PRD-027,R108,In-Store,Cash,4,260,0,1040,460,580
ORD-2023-00580,2023-07-16,2023-07-21,CUST-0231,PRD-020,R104,In-Store,PayPal,1,230,0.2,184,110,74
ORD-2023-01754,2023-07-16,2023-07-19,CUST-0226,PRD-025,R106,Distributor,PayPal,2,620,0,1240,580,660
ORD-2023-03078,2023-07-16,2023-07-17,CUST-0187,PRD-001,R107,In-Store,Bank Transfer,2,999,0,1998,1300,698
ORD-2023-00232,2023-07-17,2023-07-20,CUST-0008,PRD-014,R102,Online,Credit Card,5,22,0.05,104.5,40,64.5
ORD-2023-01394,2023-07-17,2023-07-22,CUST-0011,PRD-003,R101,Distributor,Cash,2,749,0,1498,960,538
ORD-2023-01409,2023-07-17,2023-07-20,CUST-0108,PRD-002,R102,Online,Cash,1,1699,0,1699,1100,599
ORD-2023-01660,2023-07-17,2023-07-19,CUST-0128,PRD-009,R105,In-Store,Credit Card,1,329,0,329,180,149
ORD-2023-02774,2023-07-17,2023-07-20,CUST-0159,PRD-013,R101,Distributor,Credit Card,5,28,0.15,119,70,49
ORD-2023-00477,2023-07-18,2023-07-19,CUST-0049,PRD-012,R108,Online,PayPal,4,199,0,796,360,436
ORD-2023-01072,2023-07-19,2023-07-24,CUST-0001,PRD-015,R104,In-Store,Credit Card,5,15,0.15,63.75,25,38.75
ORD-2023-01687,2023-07-19,2023-07-21,CUST-0091,PRD-015,R104,Distributor,Cash,3,15,0.15,38.25,15,23.25
ORD-2023-01861,2023-07-19,2023-07-23,CUST-0116,PRD-020,R105,In-Store,PayPal,6,230,0,1380,660,720
ORD-2023-00992,2023-07-20,2023-07-24,CUST-0080,PRD-019,R107,Online,Credit Card,3,175,0,525,225,300
ORD-2023-01977,2023-07-20,2023-07-24,CUST-0172,PRD-027,R103,Online,Bank Transfer,6,260,0.05,1482,690,792
ORD-2023-02970,2023-07-20,2023-07-24,CUST-0142,PRD-023,R107,Distributor,PayPal,5,149,0,745,325,420
ORD-2023-01447,2023-07-21,2023-07-24,CUST-0121,PRD-006,R107,In-Store,Credit Card,1,89,0,89,35,54
ORD-2023-03008,2023-07-21,2023-07-22,CUST-0151,PRD-006,R102,Distributor,PayPal,4,89,0,356,140,216
ORD-2023-03309,2023-07-21,2023-07-26,CUST-0117,PRD-026,R102,Online,PayPal,1,210,0.1,189,95,94
ORD-2023-01126,2023-07-22,2023-07-24,CUST-0014,PRD-023,R104,In-Store,PayPal,1,149,0,149,65,84
ORD-2023-01268,2023-07-22,2023-07-27,CUST-0155,PRD-011,R103,Distributor,Credit Card,1,499,0.15,424.15,260,164.15
ORD-2023-01712,2023-07-22,2023-07-25,CUST-0096,PRD-012,R102,Distributor,Credit Card,5,199,0.1,895.5,450,445.5
ORD-2023-02211,2023-07-22,2023-07-27,CUST-0023,PRD-004,R107,In-Store,Credit Card,1,2199,0,2199,1400,799
ORD-2023-02413,2023-07-22,2023-07-26,CUST-0227,PRD-018,R108,Distributor,PayPal,6,85,0.05,484.5,240,244.5
ORD-2023-03048,2023-07-22,2023-07-27,CUST-0130,PRD-023,R101,In-Store,Credit Card,1,149,0.05,141.55,65,76.55
ORD-2023-03137,2023-07-22,2023-07-24,CUST-0020,PRD-024,R101,In-Store,Cash,1,549,0.2,439.2,240,199.2
ORD-2023-00877,2023-07-23,2023-07-26,CUST-0027,PRD-002,R105,In-Store,Credit Card,1,1699,0.05,1614.05,1100,514.05
ORD-2023-01607,2023-07-23,2023-07-26,CUST-0006,PRD-005,R105,Online,Cash,1,39,0.2,31.2,15,16.2
ORD-2023-02219,2023-07-23,2023-07-24,CUST-0060,PRD-015,R103,Online,PayPal,2,15,0,30,10,20
ORD-2023-00411,2023-07-24,2023-07-28,CUST-0165,PRD-001,R107,Online,PayPal,5,999,0,4995,3250,1745
ORD-2023-00582,2023-07-24,2023-07-26,CUST-0014,PRD-001,R101,In-Store,Credit Card,2,999,0,1998,1300,698
ORD-2023-00762,2023-07-24,2023-07-27,CUST-0023,PRD-020,R104,Online,Credit Card,1,230,0.05,218.5,110,108.5
ORD-2023-01186,2023-07-24,2023-07-29,CUST-0220,PRD-012,R101,In-Store,Bank Transfer,3,199,0.2,477.6,270,207.6
ORD-2023-03439,2023-07-24,2023-07-26,CUST-0116,PRD-019,R103,Distributor,PayPal,5,175,0,875,375,500
ORD-2023-01098,2023-07-25,2023-07-30,CUST-0213,PRD-027,R101,Online,Credit Card,3,260,0,780,345,435
ORD-2023-01193,2023-07-25,2023-07-27,CUST-0208,PRD-016,R103,In-Store,Credit Card,5,24,0.15,102,45,57
ORD-2023-01771,2023-07-26,2023-07-30,CUST-0241,PRD-009,R107,In-Store,PayPal,5,329,0.05,1562.75,900,662.75
ORD-2023-02021,2023-07-26,2023-07-31,CUST-0212,PRD-006,R105,Online,PayPal,4,89,0.2,284.8,140,144.8
ORD-2023-03213,2023-07-26,2023-07-27,CUST-0116,PRD-012,R103,Distributor,PayPal,1,199,0.05,189.05,90,99.05
ORD-2023-01371,2023-07-27,2023-07-31,CUST-0174,PRD-012,R102,Distributor,Bank Transfer,4,199,0,796,360,436
ORD-2023-01769,2023-07-27,2023-08-01,CUST-0092,PRD-003,R106,Distributor,Bank Transfer,1,749,0.05,711.55,480,231.55
ORD-2023-02454,2023-07-27,2023-07-30,CUST-0234,PRD-022,R107,In-Store,Cash,6,450,0.1,2430,1260,1170
ORD-2023-02884,2023-07-27,2023-07-28,CUST-0247,PRD-024,R102,Online,PayPal,4,549,0.05,2086.2,960,1126.2
ORD-2023-03222,2023-07-27,2023-07-29,CUST-0098,PRD-017,R106,In-Store,PayPal,2,139,0.2,222.4,130,92.4
ORD-2023-03409,2023-07-27,2023-07-31,CUST-0111,PRD-023,R101,Distributor,PayPal,5,149,0.15,633.25,325,308.25
ORD-2023-00206,2023-07-28,2023-08-02,CUST-0017,PRD-019,R105,Online,Bank Transfer,4,175,0.15,595,300,295
ORD-2023-00996,2023-07-28,2023-07-31,CUST-0118,PRD-016,R102,In-Store,PayPal,5,24,0.1,108,45,63
ORD-2023-01179,2023-07-28,2023-07-29,CUST-0123,PRD-013,R106,In-Store,Credit Card,1,28,0.05,26.6,14,12.6
ORD-2023-02291,2023-07-28,2023-08-02,CUST-0001,PRD-024,R105,In-Store,PayPal,4,549,0.15,1866.6,960,906.6
ORD-2023-00156,2023-07-29,2023-07-30,CUST-0063,PRD-023,R103,Online,Cash,5,149,0.15,633.25,325,308.25
ORD-2023-00168,2023-07-29,2023-08-01,CUST-0201,PRD-002,R103,Distributor,Credit Card,5,1699,0.05,8070.25,5500,2570.25
ORD-2023-00554,2023-07-29,2023-08-01,CUST-0129,PRD-009,R104,Distributor,Bank Transfer,2,329,0,658,360,298
ORD-2023-03359,2023-07-29,2023-07-30,CUST-0112,PRD-002,R104,In-Store,PayPal,3,1699,0,5097,3300,1797
ORD-2023-00766,2023-07-30,2023-08-01,CUST-0153,PRD-019,R105,Online,Credit Card,6,175,0,1050,450,600
ORD-2023-01102,2023-07-30,2023-07-31,CUST-0142,PRD-016,R108,Distributor,PayPal,6,24,0.2,115.2,54,61.2
ORD-2023-01648,2023-07-30,2023-08-01,CUST-0206,PRD-013,R106,Distributor,Cash,2,28,0,56,28,28
ORD-2023-02164,2023-07-30,2023-08-04,CUST-0143,PRD-027,R105,Distributor,Bank Transfer,4,260,0,1040,460,580
ORD-2023-01480,2023-07-31,2023-08-02,CUST-0246,PRD-012,R101,Online,Bank Transfer,3,199,0,597,270,327
ORD-2023-01538,2023-07-31,2023-08-03,CUST-0187,PRD-018,R105,Online,Credit Card,1,85,0.2,68,40,28
ORD-2023-01770,2023-07-31,2023-08-04,CUST-0246,PRD-023,R107,In-Store,Credit Card,5,149,0.15,633.25,325,308.25
ORD-2023-02526,2023-07-31,2023-08-01,CUST-0019,PRD-022,R103,Distributor,Bank Transfer,4,450,0,1800,840,960
ORD-2023-00849,2023-08-01,2023-08-06,CUST-0048,PRD-003,R108,In-Store,PayPal,1,749,0,749,480,269
ORD-2023-01831,2023-08-01,2023-08-04,CUST-0181,PRD-028,R108,Distributor,Cash,4,135,0,540,240,300
ORD-2023-02209,2023-08-01,2023-08-03,CUST-0211,PRD-007,R102,In-Store,PayPal,6,129,0,774,330,444
ORD-2023-03216,2023-08-01,2023-08-02,CUST-0032,PRD-013,R106,Online,PayPal,5,28,0,140,70,70
ORD-2023-03284,2023-08-01,2023-08-04,CUST-0144,PRD-016,R107,In-Store,Bank Transfer,6,24,0.05,136.8,54,82.8
ORD-2023-00826,2023-08-02,2023-08-04,CUST-0119,PRD-021,R103,Online,Cash,5,289,0,1445,600,845
ORD-2023-02595,2023-08-02,2023-08-03,CUST-0109,PRD-021,R106,In-Store,Bank Transfer,2,289,0,578,240,338
ORD-2023-03140,2023-08-02,2023-08-07,CUST-0093,PRD-009,R103,Distributor,Credit Card,6,329,0.05,1875.3,1080,795.3
ORD-2023-02049,2023-08-03,2023-08-08,CUST-0009,PRD-010,R103,In-Store,Cash,4,799,0,3196,1680,1516
ORD-2023-02475,2023-08-03,2023-08-08,CUST-0054,PRD-009,R106,Distributor,Credit Card,5,329,0.15,1398.25,900,498.25
ORD-2023-00696,2023-08-04,2023-08-06,CUST-0194,PRD-018,R104,Distributor,Credit Card,3,85,0.1,229.5,120,109.5
ORD-2023-03053,2023-08-04,2023-08-05,CUST-0003,PRD-007,R103,In-Store,PayPal,6,129,0,774,330,444
ORD-2023-00138,2023-08-05,2023-08-10,CUST-0085,PRD-018,R106,Distributor,Cash,1,85,0.05,80.75,40,40.75
ORD-2023-00794,2023-08-05,2023-08-10,CUST-0097,PRD-026,R101,Distributor,PayPal,2,210,0.2,336,190,146
ORD-2023-01547,2023-08-05,2023-08-08,CUST-0142,PRD-018,R108,Distributor,Cash,6,85,0,510,240,270
ORD-2023-01926,2023-08-05,2023-08-10,CUST-0125,PRD-006,R107,Online,Bank Transfer,3,89,0.15,226.95,105,121.95
ORD-2023-02234,2023-08-05,2023-08-06,CUST-0096,PRD-017,R102,Distributor,PayPal,1,139,0.2,111.2,65,46.2
ORD-2023-01375,2023-08-06,2023-08-09,CUST-0207,PRD-026,R104,Distributor,PayPal,2,210,0,420,190,230
ORD-2023-00469,2023-08-07,2023-08-12,CUST-0114,PRD-003,R106,In-Store,PayPal,1,749,0,749,480,269
ORD-2023-00273,2023-08-09,2023-08-10,CUST-0164,PRD-021,R105,Distributor,Bank Transfer,6,289,0.05,1647.3,720,927.3
ORD-2023-01146,2023-08-09,2023-08-10,CUST-0094,PRD-003,R107,Online,Bank Transfer,2,749,0,1498,960,538
ORD-2023-01300,2023-08-09,2023-08-10,CUST-0083,PRD-019,R106,In-Store,PayPal,1,175,0,175,75,100
ORD-2023-01329,2023-08-09,2023-08-11,CUST-0140,PRD-001,R106,Online,PayPal,6,999,0,5994,3900,2094
ORD-2023-02756,2023-08-09,2023-08-10,CUST-0227,PRD-003,R107,Distributor,Cash,1,749,0.1,674.1,480,194.1
ORD-2023-02818,2023-08-09,2023-08-13,CUST-0237,PRD-012,R108,In-Store,Bank Transfer,5,199,0,995,450,545
ORD-2023-02861,2023-08-09,2023-08-13,CUST-0199,PRD-028,R108,In-Store,Cash,6,135,0,810,360,450
ORD-2023-03025,2023-08-09,2023-08-12,CUST-0058,PRD-025,R108,Distributor,Cash,4,620,0,2480,1160,1320
ORD-2023-01155,2023-08-11,2023-08-15,CUST-0207,PRD-003,R103,Online,Bank Transfer,4,749,0.15,2546.6,1920,626.6
ORD-2023-02443,2023-08-11,2023-08-12,CUST-0227,PRD-023,R104,In-Store,Credit Card,5,149,0,745,325,420
ORD-2023-02683,2023-08-11,2023-08-16,CUST-0073,PRD-025,R103,Online,Cash,5,620,0.05,2945,1450,1495
ORD-2023-00020,2023-08-13,2023-08-18,CUST-0153,PRD-001,R103,Distributor,Bank Transfer,6,999,0.05,5694.3,3900,1794.3
ORD-2023-01765,2023-08-13,2023-08-17,CUST-0035,PRD-018,R101,In-Store,PayPal,3,85,0.2,204,120,84
ORD-2023-02548,2023-08-13,2023-08-16,CUST-0228,PRD-024,R101,Online,Credit Card,2,549,0.2,878.4,480,398.4
ORD-2023-03282,2023-08-13,2023-08-16,CUST-0181,PRD-008,R101,Online,Credit Card,1,49,0.1,44.1,18,26.1
ORD-2023-00055,2023-08-14,2023-08-16,CUST-0225,PRD-011,R105,In-Store,Cash,5,499,0.05,2370.25,1300,1070.25
ORD-2023-00902,2023-08-14,2023-08-18,CUST-0053,PRD-018,R108,Distributor,Bank Transfer,3,85,0.15,216.75,120,96.75
ORD-2023-03062,2023-08-14,2023-08-15,CUST-0203,PRD-007,R102,Distributor,Credit Card,4,129,0.05,490.2,220,270.2
ORD-2023-00353,2023-08-15,2023-08-17,CUST-0006,PRD-008,R106,Online,Credit Card,4,49,0.05,186.2,72,114.2
ORD-2023-01028,2023-08-15,2023-08-16,CUST-0184,PRD-025,R103,Distributor,Bank Transfer,6,620,0,3720,1740,1980
ORD-2023-03195,2023-08-16,2023-08-20,CUST-0096,PRD-019,R101,In-Store,Cash,5,175,0,875,375,500
ORD-2023-03411,2023-08-16,2023-08-19,CUST-0027,PRD-003,R106,In-Store,Cash,6,749,0,4494,2880,1614
ORD-2023-02964,2023-08-17,2023-08-22,CUST-0198,PRD-016,R103,Online,Bank Transfer,4,24,0,96,36,60
ORD-2023-03310,2023-08-17,2023-08-21,CUST-0076,PRD-011,R105,Distributor,Bank Transfer,4,499,0.15,1696.6,1040,656.6
ORD-2023-00498,2023-08-18,2023-08-23,CUST-0202,PRD-021,R107,Online,PayPal,6,289,0.1,1560.6,720,840.6
ORD-2023-01071,2023-08-18,2023-08-23,CUST-0088,PRD-007,R103,Online,Credit Card,4,129,0.05,490.2,220,270.2
ORD-2023-02133,2023-08-18,2023-08-19,CUST-0136,PRD-028,R107,In-Store,PayPal,1,135,0.2,108,60,48
ORD-2023-02610,2023-08-18,2023-08-20,CUST-0089,PRD-005,R106,In-Store,PayPal,4,39,0,156,60,96
ORD-2023-03259,2023-08-18,2023-08-19,CUST-0065,PRD-011,R104,Online,PayPal,1,499,0,499,260,239
ORD-2023-00073,2023-08-19,2023-08-20,CUST-0104,PRD-027,R104,Distributor,Cash,2,260,0.2,416,230,186
ORD-2023-00275,2023-08-19,2023-08-21,CUST-0067,PRD-024,R103,Online,Credit Card,3,549,0.05,1564.65,720,844.65
ORD-2023-00389,2023-08-19,2023-08-21,CUST-0180,PRD-002,R106,Online,Cash,1,1699,0,1699,1100,599
ORD-2023-00850,2023-08-19,2023-08-24,CUST-0112,PRD-005,R101,Distributor,Cash,2,39,0,78,30,48
ORD-2023-00891,2023-08-19,2023-08-24,CUST-0061,PRD-007,R105,In-Store,Credit Card,4,129,0,516,220,296
ORD-2023-03029,2023-08-19,2023-08-20,CUST-0124,PRD-010,R108,In-Store,Bank Transfer,3,799,0,2397,1260,1137
ORD-2023-00697,2023-08-20,2023-08-21,CUST-0055,PRD-015,R103,Distributor,Cash,3,15,0.1,40.5,15,25.5
ORD-2023-01083,2023-08-20,2023-08-23,CUST-0149,PRD-027,R106,Online,PayPal,3,260,0.15,663,345,318
ORD-2023-01565,2023-08-20,2023-08-22,CUST-0040,PRD-022,R106,In-Store,Credit Card,4,450,0,1800,840,960
ORD-2023-01580,2023-08-20,2023-08-23,CUST-0003,PRD-001,R104,Online,Credit Card,3,999,0.1,2697.3,1950,747.3
ORD-2023-00486,2023-08-21,2023-08-26,CUST-0151,PRD-012,R102,In-Store,Cash,3,199,0,597,270,327
ORD-2023-00700,2023-08-21,2023-08-26,CUST-0185,PRD-010,R105,Online,Cash,2,799,0,1598,840,758
ORD-2023-01682,2023-08-21,2023-08-26,CUST-0208,PRD-015,R101,Online,Credit Card,3,15,0,45,15,30
ORD-2023-01773,2023-08-21,2023-08-26,CUST-0053,PRD-023,R102,In-Store,Bank Transfer,3,149,0.2,357.6,195,162.6
ORD-2023-02499,2023-08-21,2023-08-26,CUST-0010,PRD-023,R101,Online,Bank Transfer,5,149,0.1,670.5,325,345.5
ORD-2023-03426,2023-08-21,2023-08-23,CUST-0091,PRD-025,R108,In-Store,Bank Transfer,5,620,0.1,2790,1450,1340
ORD-2023-01486,2023-08-22,2023-08-25,CUST-0033,PRD-009,R101,Online,PayPal,4,329,0,1316,720,596
ORD-2023-01900,2023-08-22,2023-08-25,CUST-0093,PRD-023,R105,Distributor,Cash,3,149,0.15,379.95,195,184.95
ORD-2023-02278,2023-08-22,2023-08-23,CUST-0136,PRD-009,R108,Online,Bank Transfer,4,329,0.05,1250.2,720,530.2
ORD-2023-00352,2023-08-23,2023-08-26,CUST-0063,PRD-006,R101,Online,Credit Card,1,89,0.15,75.65,35,40.65
ORD-2023-00682,2023-08-23,2023-08-26,CUST-0205,PRD-027,R104,In-Store,PayPal,4,260,0,1040,460,580
ORD-2023-01085,2023-08-23,2023-08-26,CUST-0242,PRD-019,R107,In-Store,Bank Transfer,4,175,0.2,560,300,260
ORD-2023-02565,2023-08-23,2023-08-27,CUST-0202,PRD-005,R107,Online,Bank Transfer,6,39,0.05,222.3,90,132.3
ORD-2023-02919,2023-08-23,2023-08-25,CUST-0128,PRD-014,R108,Distributor,Credit Card,4,22,0,88,32,56
ORD-2023-03122,2023-08-24,2023-08-29,CUST-0203,PRD-010,R106,In-Store,Credit Card,3,799,0.15,2037.45,1260,777.45
ORD-2023-00018,2023-08-25,2023-08-29,CUST-0249,PRD-027,R106,In-Store,Cash,4,260,0,1040,460,580
ORD-2023-00258,2023-08-25,2023-08-27,CUST-0141,PRD-007,R103,Distributor,PayPal,6,129,0,774,330,444
ORD-2023-00542,2023-08-25,2023-08-30,CUST-0092,PRD-003,R101,In-Store,Bank Transfer,3,749,0.05,2134.65,1440,694.65
ORD-2023-00752,2023-08-25,2023-08-27,CUST-0196,PRD-028,R103,In-Store,Cash,5,135,0,675,300,375
ORD-2023-00977,2023-08-25,2023-08-27,CUST-0215,PRD-007,R102,In-Store,Credit Card,4,129,0.05,490.2,220,270.2
ORD-2023-01483,2023-08-26,2023-08-30,CUST-0007,PRD-007,R102,In-Store,Bank Transfer,3,129,0,387,165,222
ORD-2023-01883,2023-08-26,2023-08-29,CUST-0092,PRD-002,R103,Online,Cash,5,1699,0.05,8070.25,5500,2570.25
ORD-2023-02180,2023-08-26,2023-08-30,CUST-0213,PRD-003,R108,Online,Bank Transfer,5,749,0,3745,2400,1345
ORD-2023-00019,2023-08-27,2023-08-30,CUST-0118,PRD-028,R105,Online,Bank Transfer,2,135,0.05,256.5,120,136.5
ORD-2023-01035,2023-08-27,2023-09-01,CUST-0214,PRD-015,R107,In-Store,Bank Transfer,2,15,0.15,25.5,10,15.5
ORD-2023-01104,2023-08-27,2023-08-30,CUST-0232,PRD-004,R102,Online,Credit Card,3,2199,0,6597,4200,2397
ORD-2023-01262,2023-08-27,2023-08-30,CUST-0166,PRD-027,R102,In-Store,PayPal,6,260,0,1560,690,870
ORD-2023-01964,2023-08-27,2023-08-30,CUST-0092,PRD-016,R106,Distributor,PayPal,6,24,0.05,136.8,54,82.8
ORD-2023-02075,2023-08-27,2023-08-29,CUST-0022,PRD-013,R107,Online,Bank Transfer,3,28,0.2,67.2,42,25.2
ORD-2023-02266,2023-08-27,2023-09-01,CUST-0195,PRD-026,R107,Online,Bank Transfer,3,210,0.05,598.5,285,313.5
ORD-2023-00070,2023-08-28,2023-08-29,CUST-0044,PRD-019,R101,Online,Bank Transfer,5,175,0,875,375,500
ORD-2023-00106,2023-08-28,2023-08-29,CUST-0050,PRD-015,R104,In-Store,Credit Card,4,15,0,60,20,40
ORD-2023-01156,2023-08-28,2023-08-29,CUST-0017,PRD-016,R104,Distributor,Cash,3,24,0.15,61.2,27,34.2
ORD-2023-01841,2023-08-28,2023-09-01,CUST-0144,PRD-022,R106,Distributor,Cash,6,450,0.2,2160,1260,900
ORD-2023-02449,2023-08-28,2023-09-02,CUST-0036,PRD-011,R104,Online,Credit Card,4,499,0,1996,1040,956
ORD-2023-00921,2023-08-29,2023-09-01,CUST-0082,PRD-003,R105,In-Store,Bank Transfer,3,749,0,2247,1440,807
ORD-2023-01662,2023-08-29,2023-08-30,CUST-0214,PRD-002,R104,Distributor,PayPal,1,1699,0.15,1444.15,1100,344.15
ORD-2023-01650,2023-08-30,2023-09-04,CUST-0062,PRD-016,R104,Online,Credit Card,6,24,0.1,129.6,54,75.6
ORD-2023-01981,2023-08-30,2023-09-02,CUST-0249,PRD-006,R103,Distributor,Cash,4,89,0.1,320.4,140,180.4
ORD-2023-03435,2023-08-30,2023-09-01,CUST-0142,PRD-013,R107,Online,Bank Transfer,6,28,0,168,84,84
ORD-2023-00528,2023-08-31,2023-09-02,CUST-0106,PRD-024,R103,In-Store,Credit Card,2,549,0.1,988.2,480,508.2
ORD-2023-01856,2023-08-31,2023-09-05,CUST-0103,PRD-007,R106,Online,Cash,1,129,0,129,55,74
ORD-2023-01523,2023-09-01,2023-09-03,CUST-0223,PRD-024,R107,Online,PayPal,2,549,0,1098,480,618
ORD-2023-02221,2023-09-01,2023-09-06,CUST-0130,PRD-001,R101,Online,Credit Card,4,999,0.05,3796.2,2600,1196.2
ORD-2023-03298,2023-09-01,2023-09-03,CUST-0039,PRD-008,R108,In-Store,PayPal,3,49,0.05,139.65,54,85.65
ORD-2023-00577,2023-09-02,2023-09-07,CUST-0046,PRD-002,R106,Online,Cash,6,1699,0,10194,6600,3594
ORD-2023-01872,2023-09-02,2023-09-06,CUST-0017,PRD-018,R102,Distributor,PayPal,1,85,0,85,40,45
ORD-2023-02274,2023-09-02,2023-09-03,CUST-0188,PRD-009,R108,In-Store,Bank Transfer,1,329,0.1,296.1,180,116.1
ORD-2023-02936,2023-09-02,2023-09-03,CUST-0142,PRD-006,R104,Online,PayPal,6,89,0.1,480.6,210,270.6
ORD-2023-00517,2023-09-03,2023-09-05,CUST-0194,PRD-018,R103,Online,PayPal,1,85,0.2,68,40,28
ORD-2023-01226,2023-09-03,2023-09-05,CUST-0149,PRD-013,R107,Online,Cash,5,28,0.05,133,70,63
ORD-2023-03242,2023-09-03,2023-09-05,CUST-0015,PRD-020,R105,Distributor,Bank Transfer,5,230,0.1,1035,550,485
ORD-2023-03333,2023-09-03,2023-09-05,CUST-0017,PRD-011,R108,In-Store,Cash,2,499,0,998,520,478
ORD-2023-02448,2023-09-04,2023-09-06,CUST-0019,PRD-007,R107,In-Store,Credit Card,1,129,0,129,55,74
ORD-2023-01531,2023-09-05,2023-09-08,CUST-0211,PRD-015,R108,Distributor,Credit Card,2,15,0.1,27,10,17
ORD-2023-01865,2023-09-05,2023-09-10,CUST-0244,PRD-018,R102,In-Store,Credit Card,5,85,0.05,403.75,200,203.75
ORD-2023-02704,2023-09-05,2023-09-08,CUST-0088,PRD-019,R104,Online,Bank Transfer,6,175,0,1050,450,600
ORD-2023-03040,2023-09-05,2023-09-08,CUST-0008,PRD-012,R106,In-Store,PayPal,2,199,0,398,180,218
ORD-2023-03120,2023-09-05,2023-09-10,CUST-0134,PRD-010,R101,In-Store,Cash,1,799,0.2,639.2,420,219.2
ORD-2023-01026,2023-09-06,2023-09-11,CUST-0122,PRD-012,R102,Online,PayPal,6,199,0.15,1014.9,540,474.9
ORD-2023-00045,2023-09-07,2023-09-09,CUST-0177,PRD-004,R107,Online,Credit Card,1,2199,0.05,2089.05,1400,689.05
ORD-2023-01854,2023-09-07,2023-09-11,CUST-0101,PRD-021,R101,In-Store,PayPal,1,289,0,289,120,169
ORD-2023-02687,2023-09-07,2023-09-12,CUST-0191,PRD-002,R107,Online,Credit Card,5,1699,0,8495,5500,2995
ORD-2023-02779,2023-09-07,2023-09-12,CUST-0230,PRD-027,R105,Online,PayPal,1,260,0,260,115,145
ORD-2023-03088,2023-09-07,2023-09-08,CUST-0076,PRD-021,R107,Online,Bank Transfer,6,289,0,1734,720,1014
ORD-2023-00715,2023-09-08,2023-09-13,CUST-0150,PRD-007,R106,Online,PayPal,5,129,0.05,612.75,275,337.75
ORD-2023-01509,2023-09-08,2023-09-12,CUST-0089,PRD-013,R102,Distributor,Bank Transfer,2,28,0.05,53.2,28,25.2
ORD-2023-03276,2023-09-08,2023-09-11,CUST-0030,PRD-028,R101,In-Store,Credit Card,4,135,0.2,432,240,192
ORD-2023-01178,2023-09-09,2023-09-14,CUST-0232,PRD-017,R102,In-Store,Cash,1,139,0,139,65,74
ORD-2023-02994,2023-09-09,2023-09-13,CUST-0061,PRD-014,R108,Distributor,PayPal,3,22,0,66,24,42
ORD-2023-01254,2023-09-10,2023-09-13,CUST-0078,PRD-026,R106,In-Store,PayPal,6,210,0,1260,570,690
ORD-2023-02568,2023-09-10,2023-09-11,CUST-0052,PRD-011,R106,In-Store,Cash,1,499,0.05,474.05,260,214.05
ORD-2023-00956,2023-09-11,2023-09-13,CUST-0185,PRD-009,R102,In-Store,PayPal,4,329,0.05,1250.2,720,530.2
ORD-2023-01137,2023-09-11,2023-09-16,CUST-0138,PRD-028,R101,In-Store,Cash,2,135,0,270,120,150
ORD-2023-01670,2023-09-11,2023-09-14,CUST-0053,PRD-026,R107,Distributor,Credit Card,3,210,0,630,285,345
ORD-2023-02976,2023-09-11,2023-09-14,CUST-0074,PRD-001,R104,In-Store,Credit Card,3,999,0.1,2697.3,1950,747.3
ORD-2023-00338,2023-09-12,2023-09-17,CUST-0100,PRD-018,R103,Online,Cash,4,85,0,340,160,180
ORD-2023-00394,2023-09-12,2023-09-16,CUST-0228,PRD-022,R104,Distributor,PayPal,3,450,0.1,1215,630,585
ORD-2023-00398,2023-09-12,2023-09-15,CUST-0232,PRD-014,R106,Distributor,Cash,1,22,0.1,19.8,8,11.8
ORD-2023-02679,2023-09-13,2023-09-16,CUST-0119,PRD-025,R108,Distributor,Bank Transfer,6,620,0,3720,1740,1980
ORD-2023-00618,2023-09-14,2023-09-19,CUST-0162,PRD-005,R101,In-Store,Bank Transfer,3,39,0,117,45,72
ORD-2023-01013,2023-09-14,2023-09-17,CUST-0115,PRD-009,R103,Distributor,Cash,3,329,0,987,540,447
ORD-2023-00082,2023-09-15,2023-09-20,CUST-0111,PRD-024,R104,Distributor,PayPal,1,549,0.1,494.1,240,254.1
ORD-2023-00425,2023-09-15,2023-09-18,CUST-0040,PRD-004,R105,In-Store,Cash,5,2199,0.15,9345.75,7000,2345.75
ORD-2023-00500,2023-09-15,2023-09-16,CUST-0009,PRD-014,R106,In-Store,Bank Transfer,5,22,0.1,99,40,59
ORD-2023-01558,2023-09-16,2023-09-20,CUST-0017,PRD-016,R108,In-Store,Cash,6,24,0.05,136.8,54,82.8
ORD-2023-00154,2023-09-17,2023-09-20,CUST-0043,PRD-005,R108,Distributor,Bank Transfer,6,39,0,234,90,144
ORD-2023-00661,2023-09-17,2023-09-21,CUST-0148,PRD-015,R101,Distributor,Bank Transfer,3,15,0.1,40.5,15,25.5
ORD-2023-00785,2023-09-17,2023-09-19,CUST-0062,PRD-015,R106,Online,PayPal,3,15,0.05,42.75,15,27.75
ORD-2023-01121,2023-09-17,2023-09-21,CUST-0162,PRD-026,R103,In-Store,Bank Transfer,6,210,0,1260,570,690
ORD-2023-01514,2023-09-17,2023-09-18,CUST-0208,PRD-024,R103,Online,Bank Transfer,3,549,0.1,1482.3,720,762.3
ORD-2023-02746,2023-09-17,2023-09-18,CUST-0048,PRD-019,R106,Distributor,Credit Card,2,175,0,350,150,200
ORD-2023-02541,2023-09-18,2023-09-21,CUST-0237,PRD-020,R107,Online,Cash,6,230,0.05,1311,660,651
ORD-2023-00823,2023-09-19,2023-09-20,CUST-0176,PRD-026,R106,Online,Cash,5,210,0,1050,475,575
ORD-2023-01487,2023-09-19,2023-09-22,CUST-0209,PRD-021,R104,In-Store,Bank Transfer,1,289,0,289,120,169
ORD-2023-02789,2023-09-19,2023-09-22,CUST-0048,PRD-026,R107,Online,Bank Transfer,6,210,0,1260,570,690
ORD-2023-00044,2023-09-20,2023-09-21,CUST-0136,PRD-009,R102,Distributor,Credit Card,1,329,0.05,312.55,180,132.55
ORD-2023-01247,2023-09-20,2023-09-25,CUST-0176,PRD-013,R107,Distributor,Cash,3,28,0,84,42,42
ORD-2023-00410,2023-09-21,2023-09-24,CUST-0131,PRD-028,R107,Distributor,Cash,5,135,0,675,300,375
ORD-2023-02321,2023-09-21,2023-09-25,CUST-0211,PRD-023,R106,In-Store,PayPal,1,149,0.2,119.2,65,54.2
ORD-2023-02588,2023-09-21,2023-09-24,CUST-0210,PRD-001,R101,Distributor,Bank Transfer,5,999,0.05,4745.25,3250,1495.25
ORD-2023-03220,2023-09-21,2023-09-22,CUST-0058,PRD-022,R103,In-Store,Bank Transfer,6,450,0,2700,1260,1440
ORD-2023-01673,2023-09-22,2023-09-25,CUST-0247,PRD-013,R102,Online,Bank Transfer,2,28,0.05,53.2,28,25.2
ORD-2023-02097,2023-09-22,2023-09-23,CUST-0090,PRD-019,R101,Online,Credit Card,4,175,0.1,630,300,330
ORD-2023-03397,2023-09-22,2023-09-24,CUST-0153,PRD-018,R106,Online,Credit Card,3,85,0.15,216.75,120,96.75
ORD-2023-00016,2023-09-23,2023-09-26,CUST-0123,PRD-020,R108,Distributor,Bank Transfer,3,230,0,690,330,360
ORD-2023-02320,2023-09-23,2023-09-28,CUST-0106,PRD-007,R105,In-Store,Bank Transfer,3,129,0.1,348.3,165,183.3
ORD-2023-00648,2023-09-24,2023-09-27,CUST-0033,PRD-027,R108,Online,Cash,4,260,0.05,988,460,528
ORD-2023-00837,2023-09-24,2023-09-28,CUST-0103,PRD-012,R103,Online,PayPal,5,199,0,995,450,545
ORD-2023-01959,2023-09-24,2023-09-25,CUST-0227,PRD-010,R107,In-Store,Credit Card,1,799,0.2,639.2,420,219.2
ORD-2023-02315,2023-09-24,2023-09-28,CUST-0174,PRD-004,R102,Online,Credit Card,5,2199,0,10995,7000,3995
ORD-2023-02722,2023-09-24,2023-09-26,CUST-0118,PRD-011,R101,Online,Cash,3,499,0.2,1197.6,780,417.6
ORD-2023-03322,2023-09-24,2023-09-27,CUST-0138,PRD-019,R101,Online,Bank Transfer,4,175,0.05,665,300,365
ORD-2023-00630,2023-09-25,2023-09-27,CUST-0141,PRD-027,R108,In-Store,Credit Card,6,260,0.2,1248,690,558
ORD-2023-01240,2023-09-25,2023-09-28,CUST-0023,PRD-013,R107,Online,Credit Card,5,28,0,140,70,70
ORD-2023-01323,2023-09-25,2023-09-30,CUST-0034,PRD-011,R105,Online,Credit Card,3,499,0.15,1272.45,780,492.45
ORD-2023-01709,2023-09-25,2023-09-27,CUST-0213,PRD-011,R108,Online,PayPal,2,499,0.15,848.3,520,328.3
ORD-2023-02231,2023-09-25,2023-09-29,CUST-0062,PRD-008,R107,Online,Credit Card,2,49,0.2,78.4,36,42.4
ORD-2023-01898,2023-09-26,2023-09-28,CUST-0075,PRD-007,R108,Online,Bank Transfer,6,129,0.2,619.2,330,289.2
ORD-2023-02698,2023-09-26,2023-09-30,CUST-0193,PRD-027,R106,In-Store,Bank Transfer,5,260,0.15,1105,575,530
ORD-2023-00382,2023-09-27,2023-10-02,CUST-0201,PRD-028,R107,Online,Cash,2,135,0.05,256.5,120,136.5
ORD-2023-02754,2023-09-27,2023-10-02,CUST-0136,PRD-006,R101,In-Store,Cash,5,89,0.2,356,175,181
ORD-2023-02948,2023-09-27,2023-10-02,CUST-0030,PRD-026,R106,Distributor,Bank Transfer,3,210,0,630,285,345
ORD-2023-02951,2023-09-27,2023-10-02,CUST-0014,PRD-009,R104,In-Store,Bank Transfer,1,329,0.1,296.1,180,116.1
ORD-2023-00276,2023-09-28,2023-10-02,CUST-0160,PRD-019,R108,In-Store,Credit Card,3,175,0.05,498.75,225,273.75
ORD-2023-00471,2023-09-28,2023-10-03,CUST-0171,PRD-021,R104,Online,PayPal,3,289,0,867,360,507
ORD-2023-01390,2023-09-29,2023-10-02,CUST-0020,PRD-014,R105,Distributor,Credit Card,6,22,0.2,105.6,48,57.6
ORD-2023-01944,2023-09-30,2023-10-04,CUST-0246,PRD-024,R108,Online,Credit Card,4,549,0.2,1756.8,960,796.8
ORD-2023-03293,2023-09-30,2023-10-04,CUST-0220,PRD-026,R104,In-Store,Credit Card,4,210,0.15,714,380,334
ORD-2023-03347,2023-09-30,2023-10-01,CUST-0145,PRD-015,R103,Distributor,Credit Card,2,15,0.05,28.5,10,18.5
ORD-2023-00693,2023-10-01,2023-10-05,CUST-0197,PRD-003,R104,Online,PayPal,6,749,0.2,3595.2,2880,715.2
ORD-2023-02183,2023-10-01,2023-10-05,CUST-0074,PRD-004,R105,Distributor,Cash,1,2199,0.1,1979.1,1400,579.1
ORD-2023-03214,2023-10-02,2023-10-07,CUST-0020,PRD-004,R104,Online,Cash,5,2199,0.2,8796,7000,1796
ORD-2023-03044,2023-10-03,2023-10-05,CUST-0074,PRD-015,R106,In-Store,Bank Transfer,1,15,0.1,13.5,5,8.5
ORD-2023-03124,2023-10-03,2023-10-07,CUST-0022,PRD-026,R106,Online,PayPal,2,210,0.15,357,190,167
ORD-2023-00865,2023-10-04,2023-10-05,CUST-0239,PRD-026,R104,In-Store,Credit Card,1,210,0,210,95,115
ORD-2023-01535,2023-10-04,2023-10-09,CUST-0162,PRD-002,R107,Online,Credit Card,4,1699,0,6796,4400,2396
ORD-2023-02143,2023-10-05,2023-10-07,CUST-0134,PRD-008,R106,Distributor,Bank Transfer,4,49,0.05,186.2,72,114.2
ORD-2023-02676,2023-10-05,2023-10-08,CUST-0161,PRD-015,R107,Online,Cash,1,15,0.05,14.25,5,9.25
ORD-2023-02930,2023-10-05,2023-10-10,CUST-0100,PRD-028,R107,Online,Cash,3,135,0.1,364.5,180,184.5
ORD-2023-00122,2023-10-06,2023-10-10,CUST-0166,PRD-008,R104,Distributor,Bank Transfer,6,49,0.05,279.3,108,171.3
ORD-2023-01489,2023-10-07,2023-10-11,CUST-0124,PRD-008,R106,Distributor,Cash,6,49,0,294,108,186
ORD-2023-01785,2023-10-07,2023-10-08,CUST-0063,PRD-006,R106,Distributor,Credit Card,6,89,0.1,480.6,210,270.6
ORD-2023-01378,2023-10-08,2023-10-09,CUST-0092,PRD-016,R103,Online,PayPal,5,24,0.15,102,45,57
ORD-2023-01830,2023-10-08,2023-10-11,CUST-0160,PRD-013,R103,In-Store,Bank Transfer,6,28,0.05,159.6,84,75.6
ORD-2023-02602,2023-10-08,2023-10-13,CUST-0151,PRD-005,R105,Distributor,PayPal,2,39,0,78,30,48
ORD-2023-03351,2023-10-08,2023-10-09,CUST-0141,PRD-001,R107,Online,Cash,5,999,0.2,3996,3250,746
ORD-2023-00193,2023-10-09,2023-10-10,CUST-0175,PRD-022,R108,In-Store,PayPal,4,450,0.1,1620,840,780
ORD-2023-00246,2023-10-09,2023-10-14,CUST-0107,PRD-020,R104,Distributor,Cash,2,230,0.2,368,220,148
ORD-2023-01987,2023-10-09,2023-10-14,CUST-0203,PRD-023,R101,Distributor,PayPal,1,149,0.15,126.65,65,61.65
ORD-2023-02081,2023-10-09,2023-10-13,CUST-0165,PRD-019,R105,Distributor,Cash,5,175,0.15,743.75,375,368.75
ORD-2023-02562,2023-10-09,2023-10-11,CUST-0158,PRD-021,R107,In-Store,Cash,6,289,0,1734,720,1014
ORD-2023-00191,2023-10-10,2023-10-11,CUST-0169,PRD-004,R108,Distributor,Credit Card,6,2199,0.05,12534.3,8400,4134.3
ORD-2023-02237,2023-10-10,2023-10-14,CUST-0217,PRD-028,R101,Distributor,Cash,5,135,0.05,641.25,300,341.25
ORD-2023-00516,2023-10-11,2023-10-12,CUST-0026,PRD-016,R101,Distributor,PayPal,5,24,0,120,45,75
ORD-2023-00614,2023-10-11,2023-10-14,CUST-0096,PRD-027,R103,Distributor,Bank Transfer,2,260,0,520,230,290
ORD-2023-00689,2023-10-11,2023-10-13,CUST-0115,PRD-026,R106,Online,Credit Card,1,210,0,210,95,115
ORD-2023-01455,2023-10-11,2023-10-16,CUST-0063,PRD-016,R102,Online,Bank Transfer,1,24,0.2,19.2,9,10.2
ORD-2023-02003,2023-10-11,2023-10-14,CUST-0235,PRD-020,R104,Online,PayPal,2,230,0,460,220,240
ORD-2023-00076,2023-10-12,2023-10-14,CUST-0231,PRD-003,R108,Distributor,Cash,3,749,0.15,1909.95,1440,469.95
ORD-2023-00812,2023-10-12,2023-10-15,CUST-0214,PRD-007,R105,Distributor,Cash,6,129,0.2,619.2,330,289.2
ORD-2023-01344,2023-10-12,2023-10-17,CUST-0201,PRD-007,R105,In-Store,PayPal,2,129,0,258,110,148
ORD-2023-02435,2023-10-12,2023-10-17,CUST-0120,PRD-013,R103,Distributor,Bank Transfer,2,28,0.05,53.2,28,25.2
ORD-2023-02566,2023-10-12,2023-10-17,CUST-0145,PRD-007,R105,In-Store,Credit Card,2,129,0.1,232.2,110,122.2
ORD-2023-00617,2023-10-13,2023-10-15,CUST-0071,PRD-015,R107,Online,Bank Transfer,5,15,0.1,67.5,25,42.5
ORD-2023-01845,2023-10-13,2023-10-15,CUST-0146,PRD-018,R108,Distributor,Credit Card,6,85,0,510,240,270
ORD-2023-02424,2023-10-13,2023-10-17,CUST-0214,PRD-028,R102,Distributor,Cash,6,135,0.15,688.5,360,328.5
ORD-2023-02505,2023-10-13,2023-10-16,CUST-0199,PRD-021,R101,Distributor,PayPal,2,289,0,578,240,338
ORD-2023-03350,2023-10-13,2023-10-18,CUST-0124,PRD-001,R106,Online,Cash,6,999,0.05,5694.3,3900,1794.3
ORD-2023-00380,2023-10-14,2023-10-17,CUST-0178,PRD-025,R103,In-Store,Credit Card,5,620,0.05,2945,1450,1495
ORD-2023-01062,2023-10-14,2023-10-16,CUST-0095,PRD-017,R101,Online,Credit Card,1,139,0.05,132.05,65,67.05
ORD-2023-02001,2023-10-14,2023-10-16,CUST-0148,PRD-018,R104,Distributor,Cash,1,85,0.15,72.25,40,32.25
ORD-2023-02364,2023-10-14,2023-10-19,CUST-0241,PRD-028,R104,In-Store,Cash,4,135,0.1,486,240,246
ORD-2023-02909,2023-10-14,2023-10-18,CUST-0220,PRD-017,R102,In-Store,Cash,6,139,0,834,390,444
ORD-2023-03148,2023-10-14,2023-10-19,CUST-0234,PRD-006,R104,Online,Cash,2,89,0.05,169.1,70,99.1
ORD-2023-01034,2023-10-15,2023-10-20,CUST-0034,PRD-007,R102,Online,Credit Card,2,129,0,258,110,148
ORD-2023-01242,2023-10-15,2023-10-17,CUST-0009,PRD-003,R106,Distributor,Credit Card,4,749,0.15,2546.6,1920,626.6
ORD-2023-02725,2023-10-15,2023-10-20,CUST-0107,PRD-003,R108,Online,PayPal,4,749,0.1,2696.4,1920,776.4
ORD-2023-02773,2023-10-15,2023-10-18,CUST-0083,PRD-017,R108,Online,Credit Card,4,139,0.1,500.4,260,240.4
ORD-2023-02775,2023-10-15,2023-10-19,CUST-0025,PRD-009,R104,Distributor,Cash,1,329,0.05,312.55,180,132.55
ORD-2023-00947,2023-10-16,2023-10-19,CUST-0108,PRD-028,R101,Online,Bank Transfer,6,135,0,810,360,450
ORD-2023-01024,2023-10-16,2023-10-17,CUST-0020,PRD-009,R102,Online,Credit Card,5,329,0.15,1398.25,900,498.25
ORD-2023-02297,2023-10-16,2023-10-17,CUST-0215,PRD-028,R103,Online,Cash,6,135,0.2,648,360,288
ORD-2023-02362,2023-10-16,2023-10-19,CUST-0169,PRD-001,R108,In-Store,Bank Transfer,5,999,0,4995,3250,1745
ORD-2023-03117,2023-10-16,2023-10-21,CUST-0236,PRD-017,R107,Online,Cash,2,139,0.1,250.2,130,120.2
ORD-2023-00649,2023-10-17,2023-10-20,CUST-0185,PRD-004,R104,Distributor,Cash,4,2199,0.2,7036.8,5600,1436.8
ORD-2023-01018,2023-10-17,2023-10-18,CUST-0047,PRD-001,R103,In-Store,Credit Card,4,999,0.05,3796.2,2600,1196.2
ORD-2023-01496,2023-10-17,2023-10-19,CUST-0017,PRD-008,R106,Online,PayPal,3,49,0.05,139.65,54,85.65
ORD-2023-02798,2023-10-17,2023-10-21,CUST-0186,PRD-018,R107,In-Store,Credit Card,4,85,0,340,160,180
ORD-2023-00420,2023-10-18,2023-10-22,CUST-0100,PRD-011,R101,Distributor,Credit Card,2,499,0.15,848.3,520,328.3
ORD-2023-02188,2023-10-18,2023-10-21,CUST-0120,PRD-006,R103,In-Store,Cash,4,89,0,356,140,216
ORD-2023-00177,2023-10-19,2023-10-21,CUST-0044,PRD-019,R106,Online,Credit Card,3,175,0,525,225,300
ORD-2023-01655,2023-10-19,2023-10-22,CUST-0085,PRD-025,R108,In-Store,Cash,4,620,0.1,2232,1160,1072
ORD-2023-02116,2023-10-19,2023-10-20,CUST-0194,PRD-027,R103,In-Store,Credit Card,1,260,0.05,247,115,132
ORD-2023-02996,2023-10-19,2023-10-20,CUST-0131,PRD-013,R101,In-Store,Credit Card,6,28,0,168,84,84
ORD-2023-02523,2023-10-20,2023-10-25,CUST-0122,PRD-007,R105,In-Store,Credit Card,5,129,0.05,612.75,275,337.75
ORD-2023-02594,2023-10-20,2023-10-24,CUST-0021,PRD-026,R103,Distributor,Bank Transfer,4,210,0.2,672,380,292
ORD-2023-03348,2023-10-20,2023-10-21,CUST-0086,PRD-001,R102,Online,Credit Card,1,999,0.1,899.1,650,249.1
ORD-2023-01183,2023-10-21,2023-10-23,CUST-0205,PRD-012,R107,Online,Bank Transfer,6,199,0,1194,540,654
ORD-2023-01693,2023-10-21,2023-10-26,CUST-0121,PRD-012,R105,Online,Bank Transfer,4,199,0,796,360,436
ORD-2023-01705,2023-10-21,2023-10-22,CUST-0129,PRD-005,R101,Online,Credit Card,3,39,0.2,93.6,45,48.6
ORD-2023-03230,2023-10-21,2023-10-24,CUST-0085,PRD-001,R105,Online,Bank Transfer,4,999,0,3996,2600,1396
ORD-2023-00908,2023-10-22,2023-10-25,CUST-0244,PRD-001,R102,Distributor,Bank Transfer,2,999,0,1998,1300,698
ORD-2023-00139,2023-10-23,2023-10-27,CUST-0194,PRD-020,R103,In-Store,Credit Card,6,230,0.05,1311,660,651
ORD-2023-02878,2023-10-23,2023-10-27,CUST-0193,PRD-014,R103,In-Store,PayPal,6,22,0,132,48,84
ORD-2023-02956,2023-10-23,2023-10-27,CUST-0020,PRD-003,R101,In-Store,PayPal,4,749,0.05,2846.2,1920,926.2
ORD-2023-00102,2023-10-24,2023-10-26,CUST-0237,PRD-007,R105,In-Store,Bank Transfer,5,129,0.05,612.75,275,337.75
ORD-2023-00636,2023-10-24,2023-10-27,CUST-0174,PRD-028,R101,Online,Cash,5,135,0.1,607.5,300,307.5
ORD-2023-01047,2023-10-25,2023-10-30,CUST-0235,PRD-011,R108,Distributor,Bank Transfer,1,499,0.1,449.1,260,189.1
ORD-2023-01647,2023-10-25,2023-10-28,CUST-0008,PRD-021,R108,Distributor,Bank Transfer,2,289,0,578,240,338
ORD-2023-03237,2023-10-25,2023-10-30,CUST-0082,PRD-006,R105,Online,Credit Card,5,89,0,445,175,270
ORD-2023-03380,2023-10-25,2023-10-29,CUST-0206,PRD-007,R103,Online,Cash,4,129,0.2,412.8,220,192.8
ORD-2023-00294,2023-10-26,2023-10-31,CUST-0044,PRD-018,R102,Online,Bank Transfer,5,85,0.05,403.75,200,203.75
ORD-2023-00507,2023-10-26,2023-10-30,CUST-0184,PRD-003,R106,In-Store,Cash,3,749,0.15,1909.95,1440,469.95
ORD-2023-00936,2023-10-26,2023-10-31,CUST-0112,PRD-017,R106,Distributor,Credit Card,1,139,0.15,118.15,65,53.15
ORD-2023-00942,2023-10-26,2023-10-27,CUST-0004,PRD-007,R101,Online,Bank Transfer,5,129,0.05,612.75,275,337.75
ORD-2023-00492,2023-10-27,2023-10-28,CUST-0011,PRD-017,R105,Distributor,Bank Transfer,1,139,0.05,132.05,65,67.05
ORD-2023-00522,2023-10-27,2023-11-01,CUST-0179,PRD-015,R106,Online,Credit Card,2,15,0,30,10,20
ORD-2023-02129,2023-10-27,2023-10-28,CUST-0065,PRD-001,R103,In-Store,Credit Card,5,999,0.15,4245.75,3250,995.75
ORD-2023-02161,2023-10-27,2023-10-28,CUST-0207,PRD-013,R104,In-Store,PayPal,4,28,0,112,56,56
ORD-2023-02652,2023-10-27,2023-11-01,CUST-0083,PRD-016,R102,In-Store,Bank Transfer,5,24,0.1,108,45,63
ORD-2023-02727,2023-10-27,2023-10-29,CUST-0136,PRD-002,R106,In-Store,Credit Card,6,1699,0,10194,6600,3594
ORD-2023-03210,2023-10-27,2023-10-31,CUST-0166,PRD-012,R107,Distributor,Bank Transfer,3,199,0.05,567.15,270,297.15
ORD-2023-03234,2023-10-27,2023-10-31,CUST-0187,PRD-018,R107,Distributor,Bank Transfer,4,85,0,340,160,180
ORD-2023-03466,2023-10-27,2023-10-28,CUST-0046,PRD-014,R104,Distributor,Credit Card,5,22,0.05,104.5,40,64.5
ORD-2023-00224,2023-10-28,2023-10-31,CUST-0089,PRD-015,R108,Online,PayPal,1,15,0.05,14.25,5,9.25
ORD-2023-01448,2023-10-28,2023-10-29,CUST-0052,PRD-004,R108,Distributor,PayPal,5,2199,0.15,9345.75,7000,2345.75
ORD-2023-01934,2023-10-28,2023-10-30,CUST-0116,PRD-020,R105,Distributor,Credit Card,5,230,0.05,1092.5,550,542.5
ORD-2023-00573,2023-10-29,2023-11-02,CUST-0202,PRD-012,R107,In-Store,Cash,3,199,0.1,537.3,270,267.3
ORD-2023-02024,2023-10-29,2023-11-03,CUST-0103,PRD-007,R104,Distributor,Credit Card,6,129,0.05,735.3,330,405.3
ORD-2023-02633,2023-10-29,2023-10-30,CUST-0076,PRD-010,R102,In-Store,Cash,5,799,0.2,3196,2100,1096
ORD-2023-00857,2023-10-30,2023-11-02,CUST-0115,PRD-019,R102,Online,PayPal,5,175,0.05,831.25,375,456.25
ORD-2023-02113,2023-10-30,2023-11-01,CUST-0033,PRD-018,R105,Distributor,Cash,6,85,0.05,484.5,240,244.5
ORD-2023-01212,2023-10-31,2023-11-04,CUST-0122,PRD-022,R105,Distributor,Bank Transfer,3,450,0.05,1282.5,630,652.5
ORD-2023-01352,2023-10-31,2023-11-05,CUST-0015,PRD-014,R107,In-Store,Cash,3,22,0.05,62.7,24,38.7
ORD-2023-01381,2023-10-31,2023-11-01,CUST-0122,PRD-018,R106,Online,Cash,1,85,0.05,80.75,40,40.75
ORD-2023-01500,2023-10-31,2023-11-02,CUST-0150,PRD-018,R108,Online,Credit Card,4,85,0,340,160,180
ORD-2023-03079,2023-10-31,2023-11-03,CUST-0239,PRD-002,R107,In-Store,PayPal,6,1699,0.1,9174.6,6600,2574.6
ORD-2023-00274,2023-11-01,2023-11-03,CUST-0109,PRD-005,R105,Distributor,PayPal,4,39,0.05,148.2,60,88.2
ORD-2023-00746,2023-11-01,2023-11-05,CUST-0238,PRD-006,R102,In-Store,Credit Card,5,89,0.15,378.25,175,203.25
ORD-2023-00906,2023-11-01,2023-11-03,CUST-0134,PRD-012,R106,Online,Cash,6,199,0.15,1014.9,540,474.9
ORD-2023-02684,2023-11-02,2023-11-03,CUST-0089,PRD-001,R101,In-Store,PayPal,4,999,0.05,3796.2,2600,1196.2
ORD-2023-02707,2023-11-02,2023-11-05,CUST-0049,PRD-005,R107,In-Store,Credit Card,1,39,0.15,33.15,15,18.15
ORD-2023-03125,2023-11-02,2023-11-03,CUST-0020,PRD-014,R102,Distributor,Cash,6,22,0,132,48,84
ORD-2023-00291,2023-11-03,2023-11-05,CUST-0065,PRD-008,R108,Online,PayPal,2,49,0.05,93.1,36,57.1
ORD-2023-01152,2023-11-03,2023-11-07,CUST-0167,PRD-026,R107,Distributor,Cash,5,210,0,1050,475,575
ORD-2023-02539,2023-11-03,2023-11-08,CUST-0072,PRD-023,R102,Distributor,PayPal,4,149,0.2,476.8,260,216.8
ORD-2023-02580,2023-11-03,2023-11-05,CUST-0066,PRD-024,R107,Distributor,Bank Transfer,3,549,0.1,1482.3,720,762.3
ORD-2023-00888,2023-11-04,2023-11-08,CUST-0040,PRD-009,R108,In-Store,Bank Transfer,4,329,0.15,1118.6,720,398.6
ORD-2023-00064,2023-11-05,2023-11-06,CUST-0039,PRD-007,R107,In-Store,PayPal,2,129,0.1,232.2,110,122.2
ORD-2023-01637,2023-11-05,2023-11-10,CUST-0213,PRD-008,R103,In-Store,Cash,4,49,0,196,72,124
ORD-2023-02425,2023-11-05,2023-11-09,CUST-0087,PRD-014,R102,Distributor,Credit Card,5,22,0.15,93.5,40,53.5
ORD-2023-02557,2023-11-05,2023-11-09,CUST-0145,PRD-018,R107,In-Store,Bank Transfer,1,85,0.15,72.25,40,32.25
ORD-2023-01876,2023-11-06,2023-11-11,CUST-0137,PRD-022,R106,Distributor,Cash,5,450,0.2,1800,1050,750
ORD-2023-02078,2023-11-06,2023-11-09,CUST-0064,PRD-017,R104,In-Store,Credit Card,2,139,0.1,250.2,130,120.2
ORD-2023-02509,2023-11-06,2023-11-08,CUST-0054,PRD-014,R101,Distributor,Cash,3,22,0,66,24,42
ORD-2023-03441,2023-11-06,2023-11-08,CUST-0182,PRD-025,R101,Distributor,PayPal,4,620,0.05,2356,1160,1196
ORD-2023-01241,2023-11-07,2023-11-10,CUST-0169,PRD-025,R105,In-Store,Credit Card,1,620,0,620,290,330
ORD-2023-00405,2023-11-08,2023-11-09,CUST-0190,PRD-004,R107,Online,Credit Card,5,2199,0.05,10445.25,7000,3445.25
ORD-2023-01343,2023-11-08,2023-11-10,CUST-0191,PRD-027,R108,In-Store,Bank Transfer,1,260,0.15,221,115,106
ORD-2023-02067,2023-11-08,2023-11-13,CUST-0057,PRD-005,R105,Online,Bank Transfer,2,39,0.05,74.1,30,44.1
ORD-2023-02300,2023-11-08,2023-11-11,CUST-0011,PRD-014,R106,Distributor,PayPal,1,22,0.2,17.6,8,9.6
ORD-2023-00322,2023-11-09,2023-11-11,CUST-0068,PRD-017,R107,In-Store,Bank Transfer,5,139,0.05,660.25,325,335.25
ORD-2023-01674,2023-11-09,2023-11-11,CUST-0194,PRD-016,R101,Online,Credit Card,4,24,0.2,76.8,36,40.8
ORD-2023-02182,2023-11-09,2023-11-11,CUST-0219,PRD-022,R108,Online,PayPal,4,450,0,1800,840,960
ORD-2023-01010,2023-11-10,2023-11-13,CUST-0127,PRD-014,R106,Online,Credit Card,4,22,0.05,83.6,32,51.6
ORD-2023-02887,2023-11-10,2023-11-13,CUST-0059,PRD-014,R101,Online,Credit Card,1,22,0.1,19.8,8,11.8
ORD-2023-03253,2023-11-10,2023-11-13,CUST-0031,PRD-017,R107,Online,Bank Transfer,6,139,0.2,667.2,390,277.2
ORD-2023-00048,2023-11-11,2023-11-12,CUST-0155,PRD-020,R104,Online,PayPal,5,230,0.15,977.5,550,427.5
ORD-2023-00559,2023-11-11,2023-11-16,CUST-0045,PRD-008,R106,In-Store,Cash,6,49,0.1,264.6,108,156.6
ORD-2023-00679,2023-11-11,2023-11-13,CUST-0150,PRD-006,R107,Online,PayPal,2,89,0,178,70,108
ORD-2023-02763,2023-11-11,2023-11-14,CUST-0164,PRD-011,R101,Online,Credit Card,5,499,0,2495,1300,1195
ORD-2023-00036,2023-11-12,2023-11-16,CUST-0146,PRD-020,R104,Online,Cash,4,230,0.05,874,440,434
ORD-2023-01588,2023-11-12,2023-11-13,CUST-0212,PRD-007,R102,Distributor,Cash,1,129,0,129,55,74
ORD-2023-02138,2023-11-12,2023-11-16,CUST-0212,PRD-010,R105,Online,Credit Card,5,799,0.2,3196,2100,1096
ORD-2023-00927,2023-11-13,2023-11-14,CUST-0150,PRD-028,R101,In-Store,Credit Card,4,135,0,540,240,300
ORD-2023-02634,2023-11-13,2023-11-16,CUST-0223,PRD-007,R106,Online,Cash,1,129,0.2,103.2,55,48.2
ORD-2023-00600,2023-11-14,2023-11-15,CUST-0006,PRD-024,R102,In-Store,Bank Transfer,2,549,0.15,933.3,480,453.3
ORD-2023-00858,2023-11-14,2023-11-18,CUST-0096,PRD-013,R106,Online,Cash,4,28,0.05,106.4,56,50.4
ORD-2023-01819,2023-11-14,2023-11-15,CUST-0024,PRD-007,R102,Online,PayPal,4,129,0,516,220,296
ORD-2023-02176,2023-11-14,2023-11-16,CUST-0046,PRD-012,R101,In-Store,PayPal,4,199,0.05,756.2,360,396.2
ORD-2023-02488,2023-11-14,2023-11-19,CUST-0020,PRD-005,R104,Distributor,PayPal,4,39,0,156,60,96
ORD-2023-01327,2023-11-15,2023-11-19,CUST-0019,PRD-019,R105,Online,Credit Card,1,175,0,175,75,100
ORD-2023-00898,2023-11-16,2023-11-19,CUST-0087,PRD-027,R101,In-Store,Credit Card,6,260,0.05,1482,690,792
ORD-2023-02542,2023-11-16,2023-11-19,CUST-0209,PRD-018,R108,In-Store,Cash,5,85,0.05,403.75,200,203.75
ORD-2023-03238,2023-11-16,2023-11-21,CUST-0180,PRD-002,R106,Distributor,PayPal,4,1699,0.05,6456.2,4400,2056.2
ORD-2023-03458,2023-11-17,2023-11-20,CUST-0223,PRD-024,R102,In-Store,Cash,4,549,0,2196,960,1236
ORD-2023-00361,2023-11-18,2023-11-19,CUST-0056,PRD-021,R108,Online,PayPal,2,289,0.05,549.1,240,309.1
ORD-2023-01308,2023-11-18,2023-11-23,CUST-0218,PRD-014,R106,In-Store,Credit Card,5,22,0.05,104.5,40,64.5
ORD-2023-01006,2023-11-19,2023-11-20,CUST-0102,PRD-001,R104,In-Store,Bank Transfer,1,999,0.2,799.2,650,149.2
ORD-2023-01932,2023-11-19,2023-11-22,CUST-0013,PRD-025,R106,Online,Bank Transfer,3,620,0.05,1767,870,897
ORD-2023-03121,2023-11-19,2023-11-22,CUST-0008,PRD-027,R102,Online,Credit Card,1,260,0,260,115,145
ORD-2023-00403,2023-11-20,2023-11-25,CUST-0072,PRD-010,R102,Online,PayPal,5,799,0.1,3595.5,2100,1495.5
ORD-2023-00534,2023-11-20,2023-11-25,CUST-0013,PRD-006,R105,Distributor,PayPal,3,89,0,267,105,162
ORD-2023-01087,2023-11-20,2023-11-25,CUST-0224,PRD-024,R105,In-Store,PayPal,1,549,0.15,466.65,240,226.65
ORD-2023-01159,2023-11-20,2023-11-24,CUST-0154,PRD-025,R103,Distributor,Credit Card,2,620,0.15,1054,580,474
ORD-2023-02153,2023-11-20,2023-11-23,CUST-0052,PRD-021,R105,Distributor,Cash,1,289,0,289,120,169
ORD-2023-03231,2023-11-20,2023-11-24,CUST-0184,PRD-001,R107,In-Store,PayPal,4,999,0,3996,2600,1396
ORD-2023-01048,2023-11-21,2023-11-25,CUST-0107,PRD-013,R107,Online,Credit Card,4,28,0.05,106.4,56,50.4
ORD-2023-01574,2023-11-22,2023-11-24,CUST-0214,PRD-023,R107,Distributor,Bank Transfer,2,149,0.2,238.4,130,108.4
ORD-2023-01775,2023-11-22,2023-11-23,CUST-0193,PRD-022,R105,In-Store,PayPal,3,450,0.2,1080,630,450
ORD-2023-02058,2023-11-22,2023-11-25,CUST-0046,PRD-005,R101,Online,Cash,2,39,0.05,74.1,30,44.1
ORD-2023-03353,2023-11-22,2023-11-25,CUST-0130,PRD-028,R105,Distributor,PayPal,5,135,0.1,607.5,300,307.5
ORD-2023-01094,2023-11-23,2023-11-24,CUST-0055,PRD-023,R103,In-Store,Bank Transfer,1,149,0.1,134.1,65,69.1
ORD-2023-01350,2023-11-23,2023-11-24,CUST-0201,PRD-006,R105,Distributor,Credit Card,5,89,0.05,422.75,175,247.75
ORD-2023-01840,2023-11-23,2023-11-26,CUST-0145,PRD-007,R103,Online,Bank Transfer,6,129,0.05,735.3,330,405.3
ORD-2023-02719,2023-11-23,2023-11-27,CUST-0015,PRD-014,R105,Distributor,PayPal,4,22,0,88,32,56
ORD-2023-02728,2023-11-23,2023-11-24,CUST-0026,PRD-008,R106,In-Store,Credit Card,3,49,0.2,117.6,54,63.6
ORD-2023-00462,2023-11-24,2023-11-26,CUST-0076,PRD-002,R106,In-Store,PayPal,6,1699,0.1,9174.6,6600,2574.6
ORD-2023-02199,2023-11-24,2023-11-28,CUST-0001,PRD-019,R107,Online,Cash,2,175,0,350,150,200
ORD-2023-02038,2023-11-25,2023-11-27,CUST-0009,PRD-002,R108,Online,Bank Transfer,3,1699,0.1,4587.3,3300,1287.3
ORD-2023-00962,2023-11-26,2023-11-30,CUST-0031,PRD-015,R106,Online,PayPal,1,15,0.2,12,5,7
ORD-2023-01339,2023-11-26,2023-11-27,CUST-0181,PRD-012,R103,Online,Bank Transfer,2,199,0.2,318.4,180,138.4
ORD-2023-01473,2023-11-26,2023-11-28,CUST-0235,PRD-023,R107,Online,Credit Card,6,149,0.15,759.9,390,369.9
ORD-2023-01952,2023-11-26,2023-12-01,CUST-0026,PRD-016,R101,Distributor,Credit Card,2,24,0.05,45.6,18,27.6
ORD-2023-03251,2023-11-26,2023-11-29,CUST-0205,PRD-023,R107,In-Store,Cash,6,149,0,894,390,504
ORD-2023-03484,2023-11-26,2023-11-30,CUST-0134,PRD-004,R102,In-Store,Cash,4,2199,0,8796,5600,3196
ORD-2023-00671,2023-11-27,2023-12-01,CUST-0158,PRD-006,R107,Online,PayPal,1,89,0,89,35,54
ORD-2023-01088,2023-11-27,2023-11-29,CUST-0119,PRD-027,R103,Distributor,Credit Card,3,260,0,780,345,435
ORD-2023-01706,2023-11-27,2023-12-02,CUST-0006,PRD-022,R103,Online,Cash,2,450,0,900,420,480
ORD-2023-02501,2023-11-27,2023-11-29,CUST-0093,PRD-001,R108,Distributor,Bank Transfer,2,999,0,1998,1300,698
ORD-2023-02753,2023-11-27,2023-12-02,CUST-0175,PRD-016,R101,Online,Bank Transfer,3,24,0,72,27,45
ORD-2023-00578,2023-11-28,2023-12-03,CUST-0027,PRD-004,R103,Distributor,Credit Card,1,2199,0,2199,1400,799
ORD-2023-00859,2023-11-28,2023-11-29,CUST-0191,PRD-004,R105,Online,Bank Transfer,6,2199,0.15,11214.9,8400,2814.9
ORD-2023-01989,2023-11-28,2023-11-29,CUST-0244,PRD-005,R104,Online,Cash,1,39,0.1,35.1,15,20.1
ORD-2023-03136,2023-11-28,2023-12-02,CUST-0083,PRD-006,R106,Online,Cash,2,89,0.05,169.1,70,99.1
ORD-2023-03308,2023-11-28,2023-12-02,CUST-0135,PRD-004,R107,Distributor,Credit Card,3,2199,0.05,6267.15,4200,2067.15
ORD-2023-02664,2023-11-29,2023-12-01,CUST-0144,PRD-001,R106,In-Store,Credit Card,6,999,0,5994,3900,2094
ORD-2023-03280,2023-11-29,2023-11-30,CUST-0237,PRD-006,R107,Online,PayPal,2,89,0.2,142.4,70,72.4
ORD-2023-03365,2023-11-29,2023-12-04,CUST-0119,PRD-016,R102,Online,PayPal,2,24,0.15,40.8,18,22.8
ORD-2023-01457,2023-11-30,2023-12-03,CUST-0120,PRD-011,R102,Online,PayPal,5,499,0.15,2120.75,1300,820.75
ORD-2023-01572,2023-11-30,2023-12-04,CUST-0219,PRD-006,R107,In-Store,Cash,1,89,0.05,84.55,35,49.55
ORD-2023-01638,2023-11-30,2023-12-05,CUST-0021,PRD-016,R107,Distributor,Cash,5,24,0,120,45,75
ORD-2023-02847,2023-11-30,2023-12-03,CUST-0037,PRD-013,R104,In-Store,Cash,6,28,0,168,84,84
ORD-2023-03095,2023-11-30,2023-12-01,CUST-0051,PRD-023,R101,Online,Bank Transfer,6,149,0.2,715.2,390,325.2
ORD-2023-03283,2023-11-30,2023-12-01,CUST-0108,PRD-023,R102,In-Store,Cash,6,149,0.15,759.9,390,369.9
ORD-2023-00426,2023-12-01,2023-12-03,CUST-0142,PRD-019,R105,Online,Bank Transfer,3,175,0.15,446.25,225,221.25
ORD-2023-01286,2023-12-01,2023-12-02,CUST-0181,PRD-018,R106,Distributor,Cash,5,85,0.1,382.5,200,182.5
ORD-2023-02014,2023-12-01,2023-12-02,CUST-0138,PRD-023,R102,In-Store,Bank Transfer,2,149,0.1,268.2,130,138.2
ORD-2023-02177,2023-12-02,2023-12-04,CUST-0212,PRD-017,R107,Distributor,Credit Card,6,139,0,834,390,444
ORD-2023-02945,2023-12-02,2023-12-07,CUST-0056,PRD-017,R103,Online,Cash,1,139,0,139,65,74
ORD-2023-03483,2023-12-02,2023-12-05,CUST-0143,PRD-011,R105,In-Store,Cash,5,499,0,2495,1300,1195
ORD-2023-00493,2023-12-03,2023-12-06,CUST-0060,PRD-027,R102,Online,Cash,5,260,0,1300,575,725
ORD-2023-01450,2023-12-03,2023-12-07,CUST-0173,PRD-011,R105,Online,Cash,2,499,0,998,520,478
ORD-2023-01787,2023-12-03,2023-12-05,CUST-0017,PRD-018,R102,Online,Cash,3,85,0.05,242.25,120,122.25
ORD-2023-02106,2023-12-03,2023-12-05,CUST-0048,PRD-007,R103,Distributor,Bank Transfer,5,129,0,645,275,370
ORD-2023-02832,2023-12-04,2023-12-07,CUST-0218,PRD-021,R104,In-Store,Credit Card,6,289,0,1734,720,1014
ORD-2023-00769,2023-12-06,2023-12-07,CUST-0015,PRD-013,R108,Online,Bank Transfer,3,28,0,84,42,42
ORD-2023-01263,2023-12-06,2023-12-11,CUST-0006,PRD-017,R102,Distributor,Bank Transfer,6,139,0,834,390,444
ORD-2023-01302,2023-12-06,2023-12-09,CUST-0119,PRD-005,R104,Distributor,Bank Transfer,2,39,0.2,62.4,30,32.4
ORD-2023-03421,2023-12-06,2023-12-11,CUST-0081,PRD-003,R105,Online,Cash,2,749,0.2,1198.4,960,238.4
ORD-2023-00737,2023-12-08,2023-12-12,CUST-0149,PRD-011,R107,In-Store,Bank Transfer,5,499,0,2495,1300,1195
ORD-2023-00792,2023-12-08,2023-12-12,CUST-0238,PRD-001,R104,Distributor,Credit Card,4,999,0,3996,2600,1396
ORD-2023-01123,2023-12-08,2023-12-11,CUST-0044,PRD-027,R104,Distributor,PayPal,3,260,0.2,624,345,279
ORD-2023-03372,2023-12-08,2023-12-10,CUST-0226,PRD-028,R104,In-Store,Bank Transfer,6,135,0.1,729,360,369
ORD-2023-00324,2023-12-09,2023-12-13,CUST-0214,PRD-014,R102,In-Store,Credit Card,6,22,0.15,112.2,48,64.2
ORD-2023-02926,2023-12-09,2023-12-10,CUST-0013,PRD-001,R102,Distributor,PayPal,4,999,0,3996,2600,1396
ORD-2023-03108,2023-12-09,2023-12-14,CUST-0028,PRD-005,R105,Distributor,Bank Transfer,4,39,0.15,132.6,60,72.6
ORD-2023-03065,2023-12-10,2023-12-14,CUST-0024,PRD-008,R102,In-Store,Cash,6,49,0.05,279.3,108,171.3
ORD-2023-00884,2023-12-11,2023-12-14,CUST-0139,PRD-023,R101,Online,Bank Transfer,6,149,0.2,715.2,390,325.2
ORD-2023-02692,2023-12-11,2023-12-13,CUST-0042,PRD-023,R102,Distributor,PayPal,3,149,0,447,195,252
ORD-2023-01864,2023-12-12,2023-12-15,CUST-0136,PRD-010,R104,Distributor,Credit Card,5,799,0,3995,2100,1895
ORD-2023-03112,2023-12-12,2023-12-17,CUST-0179,PRD-006,R105,Distributor,Credit Card,5,89,0.05,422.75,175,247.75
ORD-2023-00024,2023-12-13,2023-12-18,CUST-0207,PRD-004,R107,Distributor,PayPal,3,2199,0,6597,4200,2397
ORD-2023-02599,2023-12-13,2023-12-17,CUST-0081,PRD-027,R105,Online,Cash,3,260,0,780,345,435
ORD-2023-01248,2023-12-14,2023-12-15,CUST-0009,PRD-027,R108,In-Store,Credit Card,3,260,0.2,624,345,279
ORD-2023-02016,2023-12-14,2023-12-19,CUST-0136,PRD-027,R106,Online,Credit Card,5,260,0,1300,575,725
ORD-2023-02079,2023-12-14,2023-12-17,CUST-0044,PRD-006,R105,In-Store,Cash,3,89,0.2,213.6,105,108.6
ORD-2023-02810,2023-12-14,2023-12-15,CUST-0021,PRD-024,R107,In-Store,PayPal,2,549,0.05,1043.1,480,563.1
ORD-2023-00329,2023-12-15,2023-12-17,CUST-0207,PRD-019,R101,Distributor,Credit Card,1,175,0.05,166.25,75,91.25
ORD-2023-01002,2023-12-15,2023-12-16,CUST-0144,PRD-021,R108,In-Store,Cash,5,289,0,1445,600,845
ORD-2023-02050,2023-12-15,2023-12-18,CUST-0009,PRD-006,R108,Distributor,Credit Card,3,89,0,267,105,162
ORD-2023-03235,2023-12-15,2023-12-19,CUST-0189,PRD-026,R107,In-Store,PayPal,3,210,0,630,285,345
ORD-2023-00997,2023-12-16,2023-12-21,CUST-0058,PRD-017,R105,Online,Credit Card,2,139,0.05,264.1,130,134.1
ORD-2023-03482,2023-12-16,2023-12-18,CUST-0013,PRD-007,R106,In-Store,PayPal,6,129,0,774,330,444
ORD-2023-02212,2023-12-17,2023-12-20,CUST-0021,PRD-004,R102,Online,Cash,6,2199,0,13194,8400,4794
ORD-2023-02330,2023-12-17,2023-12-20,CUST-0015,PRD-004,R108,In-Store,Credit Card,2,2199,0.05,4178.1,2800,1378.1
ORD-2023-03204,2023-12-18,2023-12-19,CUST-0225,PRD-011,R101,Distributor,Cash,5,499,0.2,1996,1300,696
ORD-2023-00779,2023-12-19,2023-12-24,CUST-0234,PRD-009,R105,Distributor,Bank Transfer,2,329,0.2,526.4,360,166.4
ORD-2023-01716,2023-12-19,2023-12-23,CUST-0244,PRD-020,R106,In-Store,PayPal,2,230,0.05,437,220,217
ORD-2023-02155,2023-12-19,2023-12-21,CUST-0082,PRD-004,R104,In-Store,Bank Transfer,1,2199,0.2,1759.2,1400,359.2
ORD-2023-02334,2023-12-19,2023-12-20,CUST-0006,PRD-014,R106,Distributor,Cash,1,22,0.15,18.7,8,10.7
ORD-2023-00468,2023-12-20,2023-12-25,CUST-0122,PRD-021,R107,Distributor,Bank Transfer,1,289,0,289,120,169
ORD-2023-01490,2023-12-20,2023-12-21,CUST-0112,PRD-021,R107,In-Store,Cash,1,289,0.2,231.2,120,111.2
ORD-2023-02473,2023-12-20,2023-12-22,CUST-0076,PRD-008,R106,Online,Credit Card,3,49,0.15,124.95,54,70.95
ORD-2023-02921,2023-12-20,2023-12-23,CUST-0023,PRD-028,R107,Online,PayPal,5,135,0.2,540,300,240
ORD-2023-03197,2023-12-20,2023-12-23,CUST-0081,PRD-004,R106,Distributor,Bank Transfer,1,2199,0,2199,1400,799
ORD-2023-00923,2023-12-21,2023-12-24,CUST-0107,PRD-012,R103,Distributor,Cash,1,199,0.1,179.1,90,89.1
ORD-2023-01858,2023-12-21,2023-12-26,CUST-0216,PRD-005,R103,In-Store,Bank Transfer,5,39,0.05,185.25,75,110.25
ORD-2023-02028,2023-12-21,2023-12-24,CUST-0024,PRD-025,R101,Online,Bank Transfer,4,620,0,2480,1160,1320
ORD-2023-02115,2023-12-21,2023-12-23,CUST-0245,PRD-016,R103,Distributor,PayPal,6,24,0.05,136.8,54,82.8
ORD-2023-00295,2023-12-22,2023-12-27,CUST-0187,PRD-026,R101,In-Store,Cash,1,210,0,210,95,115
ORD-2023-00514,2023-12-22,2023-12-26,CUST-0079,PRD-001,R107,Online,Bank Transfer,2,999,0.05,1898.1,1300,598.1
ORD-2023-03392,2023-12-22,2023-12-25,CUST-0173,PRD-015,R106,Distributor,Cash,6,15,0,90,30,60
ORD-2023-00267,2023-12-23,2023-12-24,CUST-0039,PRD-019,R102,Online,Cash,5,175,0.1,787.5,375,412.5
ORD-2023-01283,2023-12-23,2023-12-24,CUST-0112,PRD-009,R108,Distributor,Cash,1,329,0,329,180,149
ORD-2023-01385,2023-12-23,2023-12-24,CUST-0179,PRD-003,R104,Distributor,Bank Transfer,2,749,0.15,1273.3,960,313.3
ORD-2023-01929,2023-12-23,2023-12-26,CUST-0087,PRD-019,R103,Online,PayPal,5,175,0,875,375,500
ORD-2023-00613,2023-12-24,2023-12-27,CUST-0156,PRD-004,R105,In-Store,Credit Card,6,2199,0.05,12534.3,8400,4134.3
ORD-2023-01476,2023-12-24,2023-12-27,CUST-0109,PRD-008,R105,Distributor,Credit Card,1,49,0.05,46.55,18,28.55
ORD-2023-03154,2023-12-24,2023-12-29,CUST-0180,PRD-010,R107,Online,Bank Transfer,5,799,0,3995,2100,1895
ORD-2023-01234,2023-12-25,2023-12-27,CUST-0008,PRD-012,R101,In-Store,Cash,6,199,0,1194,540,654
ORD-2023-01543,2023-12-25,2023-12-29,CUST-0206,PRD-011,R104,In-Store,PayPal,4,499,0.2,1596.8,1040,556.8
ORD-2023-02029,2023-12-25,2023-12-29,CUST-0115,PRD-016,R108,In-Store,Cash,5,24,0.1,108,45,63
ORD-2023-02205,2023-12-25,2023-12-29,CUST-0032,PRD-026,R103,Online,Credit Card,4,210,0,840,380,460
ORD-2023-03076,2023-12-25,2023-12-30,CUST-0093,PRD-014,R108,Online,Bank Transfer,5,22,0,110,40,70
ORD-2023-01277,2023-12-26,2023-12-28,CUST-0215,PRD-014,R108,Distributor,Bank Transfer,1,22,0,22,8,14
ORD-2023-02207,2023-12-26,2023-12-29,CUST-0208,PRD-008,R104,Online,Credit Card,4,49,0.1,176.4,72,104.4
ORD-2023-02982,2023-12-26,2023-12-28,CUST-0246,PRD-023,R103,Online,Cash,5,149,0,745,325,420
ORD-2023-03470,2023-12-26,2023-12-27,CUST-0183,PRD-010,R102,Distributor,PayPal,5,799,0.1,3595.5,2100,1495.5
ORD-2023-01015,2023-12-27,2023-12-30,CUST-0095,PRD-004,R108,Online,Credit Card,4,2199,0.15,7476.6,5600,1876.6
ORD-2023-01982,2023-12-27,2023-12-30,CUST-0158,PRD-019,R104,Distributor,PayPal,3,175,0,525,225,300
ORD-2023-00680,2023-12-28,2023-12-31,CUST-0033,PRD-007,R108,In-Store,Credit Card,3,129,0,387,165,222
ORD-2023-01740,2023-12-28,2024-01-02,CUST-0020,PRD-011,R106,In-Store,PayPal,2,499,0.1,898.2,520,378.2
ORD-2023-02615,2023-12-28,2023-12-30,CUST-0189,PRD-003,R103,Distributor,Cash,3,749,0,2247,1440,807
ORD-2023-02848,2023-12-28,2023-12-29,CUST-0032,PRD-025,R105,In-Store,PayPal,1,620,0,620,290,330
ORD-2023-02902,2023-12-28,2024-01-02,CUST-0034,PRD-017,R102,In-Store,Credit Card,5,139,0,695,325,370
ORD-2023-00800,2023-12-29,2023-12-31,CUST-0007,PRD-019,R105,Distributor,Bank Transfer,6,175,0.1,945,450,495
ORD-2023-01427,2023-12-29,2024-01-01,CUST-0153,PRD-014,R103,Distributor,Cash,3,22,0.2,52.8,24,28.8
ORD-2023-03366,2023-12-29,2023-12-31,CUST-0108,PRD-014,R104,Distributor,PayPal,4,22,0.05,83.6,32,51.6
ORD-2023-01571,2023-12-30,2024-01-02,CUST-0131,PRD-013,R107,Online,PayPal,6,28,0.1,151.2,84,67.2
ORD-2023-03404,2023-12-30,2024-01-01,CUST-0249,PRD-009,R103,In-Store,Bank Transfer,4,329,0,1316,720,596
ORD-2023-00714,2023-12-31,2024-01-03,CUST-0118,PRD-007,R107,In-Store,Cash,3,129,0.1,348.3,165,183.3
ORD-2023-00755,2023-12-31,2024-01-02,CUST-0080,PRD-013,R105,Distributor,Cash,1,28,0.2,22.4,14,8.4
ORD-2023-01878,2023-12-31,2024-01-01,CUST-0235,PRD-005,R102,In-Store,Cash,6,39,0,234,90,144
ORD-2024-00279,2024-01-01,2024-01-04,CUST-0119,PRD-007,R106,Online,PayPal,6,129,0.1,696.6,330,366.6
ORD-2024-01718,2024-01-01,2024-01-05,CUST-0036,PRD-023,R102,In-Store,PayPal,3,149,0.2,357.6,195,162.6
ORD-2024-02451,2024-01-01,2024-01-05,CUST-0012,PRD-008,R105,Online,Credit Card,1,49,0,49,18,31
ORD-2024-02502,2024-01-01,2024-01-04,CUST-0126,PRD-016,R101,Online,Bank Transfer,3,24,0.15,61.2,27,34.2
ORD-2024-02867,2024-01-01,2024-01-04,CUST-0119,PRD-002,R102,Online,Bank Transfer,4,1699,0,6796,4400,2396
ORD-2024-03265,2024-01-01,2024-01-02,CUST-0220,PRD-005,R101,In-Store,Bank Transfer,5,39,0.15,165.75,75,90.75
ORD-2024-02227,2024-01-02,2024-01-03,CUST-0106,PRD-004,R103,In-Store,Credit Card,3,2199,0.15,5607.45,4200,1407.45
ORD-2024-03143,2024-01-03,2024-01-06,CUST-0112,PRD-008,R102,In-Store,PayPal,5,49,0.05,232.75,90,142.75
ORD-2024-00386,2024-01-04,2024-01-05,CUST-0027,PRD-011,R101,In-Store,Credit Card,1,499,0.15,424.15,260,164.15
ORD-2024-01395,2024-01-04,2024-01-09,CUST-0146,PRD-013,R103,Online,PayPal,6,28,0.05,159.6,84,75.6
ORD-2024-01698,2024-01-05,2024-01-09,CUST-0041,PRD-007,R102,Distributor,Bank Transfer,1,129,0,129,55,74
ORD-2024-02777,2024-01-05,2024-01-06,CUST-0238,PRD-015,R102,In-Store,Bank Transfer,3,15,0,45,15,30
ORD-2024-01462,2024-01-06,2024-01-08,CUST-0216,PRD-010,R102,In-Store,Cash,5,799,0,3995,2100,1895
ORD-2024-03311,2024-01-06,2024-01-11,CUST-0060,PRD-003,R106,Online,Cash,5,749,0,3745,2400,1345
ORD-2024-03314,2024-01-06,2024-01-09,CUST-0151,PRD-001,R101,Online,Bank Transfer,2,999,0,1998,1300,698
ORD-2024-00014,2024-01-07,2024-01-12,CUST-0127,PRD-024,R104,Distributor,Cash,1,549,0.1,494.1,240,254.1
ORD-2024-00607,2024-01-07,2024-01-11,CUST-0090,PRD-018,R105,In-Store,Credit Card,4,85,0,340,160,180
ORD-2024-01356,2024-01-07,2024-01-11,CUST-0017,PRD-018,R106,Distributor,PayPal,6,85,0.1,459,240,219
ORD-2024-02405,2024-01-07,2024-01-08,CUST-0172,PRD-005,R108,In-Store,Credit Card,2,39,0.1,70.2,30,40.2
ORD-2024-02655,2024-01-07,2024-01-08,CUST-0171,PRD-020,R107,Online,Credit Card,1,230,0.05,218.5,110,108.5
ORD-2024-00944,2024-01-08,2024-01-09,CUST-0247,PRD-013,R103,Online,PayPal,5,28,0,140,70,70
ORD-2024-02558,2024-01-08,2024-01-09,CUST-0024,PRD-007,R105,Distributor,Cash,1,129,0.05,122.55,55,67.55
ORD-2024-03379,2024-01-08,2024-01-09,CUST-0154,PRD-025,R107,Online,PayPal,3,620,0.15,1581,870,711
ORD-2024-00084,2024-01-09,2024-01-10,CUST-0024,PRD-027,R107,In-Store,Credit Card,2,260,0.15,442,230,212
ORD-2024-00871,2024-01-09,2024-01-11,CUST-0101,PRD-004,R105,In-Store,Cash,4,2199,0,8796,5600,3196
ORD-2024-01843,2024-01-09,2024-01-14,CUST-0238,PRD-005,R107,Online,Credit Card,6,39,0,234,90,144
ORD-2024-02064,2024-01-09,2024-01-10,CUST-0127,PRD-023,R104,In-Store,Credit Card,5,149,0.05,707.75,325,382.75
ORD-2024-02829,2024-01-09,2024-01-11,CUST-0045,PRD-023,R105,Online,Cash,6,149,0.2,715.2,390,325.2
ORD-2024-02895,2024-01-09,2024-01-14,CUST-0164,PRD-028,R101,Online,Cash,3,135,0.2,324,180,144
ORD-2024-03080,2024-01-09,2024-01-14,CUST-0154,PRD-023,R102,Online,Credit Card,2,149,0.2,238.4,130,108.4
ORD-2024-03171,2024-01-09,2024-01-12,CUST-0020,PRD-016,R108,In-Store,Bank Transfer,6,24,0.15,122.4,54,68.4
ORD-2024-01931,2024-01-10,2024-01-15,CUST-0144,PRD-011,R107,Distributor,Credit Card,2,499,0,998,520,478
ORD-2024-02057,2024-01-10,2024-01-13,CUST-0106,PRD-014,R103,Distributor,PayPal,6,22,0,132,48,84
ORD-2024-02759,2024-01-10,2024-01-15,CUST-0101,PRD-001,R104,In-Store,Cash,2,999,0.05,1898.1,1300,598.1
ORD-2024-03018,2024-01-10,2024-01-12,CUST-0199,PRD-008,R106,In-Store,Cash,6,49,0,294,108,186
ORD-2024-03355,2024-01-10,2024-01-11,CUST-0094,PRD-005,R103,Distributor,Cash,6,39,0.05,222.3,90,132.3
ORD-2024-00125,2024-01-11,2024-01-14,CUST-0169,PRD-009,R101,Online,PayPal,4,329,0,1316,720,596
ORD-2024-01281,2024-01-11,2024-01-16,CUST-0037,PRD-007,R101,Distributor,Bank Transfer,3,129,0.1,348.3,165,183.3
ORD-2024-01576,2024-01-12,2024-01-16,CUST-0223,PRD-023,R108,In-Store,Cash,6,149,0,894,390,504
ORD-2024-02577,2024-01-12,2024-01-16,CUST-0130,PRD-018,R108,In-Store,Cash,4,85,0,340,160,180
ORD-2024-03146,2024-01-12,2024-01-16,CUST-0008,PRD-015,R103,Online,Credit Card,4,15,0,60,20,40
ORD-2024-02187,2024-01-13,2024-01-18,CUST-0230,PRD-016,R103,Distributor,Bank Transfer,2,24,0.2,38.4,18,20.4
ORD-2024-00780,2024-01-14,2024-01-19,CUST-0161,PRD-024,R102,Distributor,Cash,1,549,0,549,240,309
ORD-2024-00086,2024-01-15,2024-01-20,CUST-0084,PRD-020,R108,Distributor,Bank Transfer,4,230,0.15,782,440,342
ORD-2024-00174,2024-01-16,2024-01-20,CUST-0232,PRD-028,R106,Online,PayPal,3,135,0.05,384.75,180,204.75
ORD-2024-00396,2024-01-16,2024-01-17,CUST-0036,PRD-024,R105,In-Store,Bank Transfer,1,549,0,549,240,309
ORD-2024-00513,2024-01-16,2024-01-20,CUST-0158,PRD-010,R101,In-Store,Credit Card,5,799,0,3995,2100,1895
ORD-2024-01170,2024-01-16,2024-01-21,CUST-0015,PRD-020,R102,In-Store,Credit Card,3,230,0.05,655.5,330,325.5
ORD-2024-01316,2024-01-16,2024-01-21,CUST-0036,PRD-001,R103,Distributor,Bank Transfer,4,999,0,3996,2600,1396
ORD-2024-01428,2024-01-16,2024-01-21,CUST-0091,PRD-015,R107,Online,PayPal,4,15,0,60,20,40
ORD-2024-01896,2024-01-16,2024-01-20,CUST-0120,PRD-011,R107,Distributor,PayPal,1,499,0.05,474.05,260,214.05
ORD-2024-00963,2024-01-17,2024-01-21,CUST-0014,PRD-027,R104,In-Store,Credit Card,1,260,0.15,221,115,106
ORD-2024-01130,2024-01-17,2024-01-22,CUST-0040,PRD-018,R103,In-Store,Cash,1,85,0.05,80.75,40,40.75
ORD-2024-02460,2024-01-17,2024-01-21,CUST-0041,PRD-007,R106,Online,PayPal,6,129,0,774,330,444
ORD-2024-02793,2024-01-17,2024-01-22,CUST-0236,PRD-005,R103,Online,Credit Card,4,39,0.15,132.6,60,72.6
ORD-2024-03423,2024-01-17,2024-01-21,CUST-0192,PRD-014,R106,Distributor,Bank Transfer,3,22,0,66,24,42
ORD-2024-03021,2024-01-18,2024-01-20,CUST-0083,PRD-012,R105,Online,Bank Transfer,5,199,0.05,945.25,450,495.25
ORD-2024-00233,2024-01-19,2024-01-21,CUST-0089,PRD-023,R104,Distributor,Cash,5,149,0,745,325,420
ORD-2024-01681,2024-01-19,2024-01-24,CUST-0004,PRD-016,R101,Online,PayPal,6,24,0.1,129.6,54,75.6
ORD-2024-02204,2024-01-19,2024-01-20,CUST-0184,PRD-009,R102,Online,Credit Card,3,329,0.15,838.95,540,298.95
ORD-2024-02587,2024-01-19,2024-01-23,CUST-0088,PRD-011,R108,Distributor,Cash,1,499,0,499,260,239
ORD-2024-02801,2024-01-19,2024-01-23,CUST-0056,PRD-013,R106,Distributor,Credit Card,6,28,0.05,159.6,84,75.6
ORD-2024-00113,2024-01-20,2024-01-22,CUST-0103,PRD-023,R105,Online,PayPal,3,149,0.15,379.95,195,184.95
ORD-2024-00180,2024-01-20,2024-01-23,CUST-0102,PRD-010,R104,In-Store,Cash,4,799,0,3196,1680,1516
ORD-2024-00920,2024-01-20,2024-01-22,CUST-0088,PRD-017,R103,In-Store,Bank Transfer,6,139,0.1,750.6,390,360.6
ORD-2024-01014,2024-01-20,2024-01-24,CUST-0007,PRD-028,R101,In-Store,Credit Card,1,135,0.15,114.75,60,54.75
ORD-2024-00549,2024-01-21,2024-01-26,CUST-0074,PRD-010,R106,Online,Credit Card,5,799,0.05,3795.25,2100,1695.25
ORD-2024-01057,2024-01-21,2024-01-24,CUST-0224,PRD-001,R107,Online,PayPal,3,999,0.05,2847.15,1950,897.15
ORD-2024-01623,2024-01-21,2024-01-23,CUST-0239,PRD-025,R102,Distributor,Bank Transfer,3,620,0,1860,870,990
ORD-2024-00670,2024-01-22,2024-01-23,CUST-0161,PRD-012,R103,Online,Bank Transfer,5,199,0.1,895.5,450,445.5
ORD-2024-00725,2024-01-22,2024-01-25,CUST-0148,PRD-026,R105,In-Store,Bank Transfer,2,210,0.15,357,190,167
ORD-2024-01345,2024-01-22,2024-01-26,CUST-0250,PRD-006,R104,In-Store,Bank Transfer,6,89,0.2,427.2,210,217.2
ORD-2024-02036,2024-01-22,2024-01-25,CUST-0151,PRD-028,R101,In-Store,PayPal,3,135,0,405,180,225
ORD-2024-00536,2024-01-23,2024-01-26,CUST-0125,PRD-003,R101,Online,Cash,5,749,0,3745,2400,1345
ORD-2024-00802,2024-01-23,2024-01-26,CUST-0230,PRD-021,R106,In-Store,Bank Transfer,1,289,0.05,274.55,120,154.55
ORD-2024-00991,2024-01-23,2024-01-28,CUST-0246,PRD-026,R104,Online,Bank Transfer,2,210,0.1,378,190,188
ORD-2024-02069,2024-01-23,2024-01-25,CUST-0009,PRD-025,R106,Distributor,PayPal,5,620,0.05,2945,1450,1495
ORD-2024-03360,2024-01-23,2024-01-28,CUST-0168,PRD-006,R101,Online,Credit Card,4,89,0.05,338.2,140,198.2
ORD-2024-01206,2024-01-24,2024-01-28,CUST-0133,PRD-014,R105,Online,PayPal,6,22,0,132,48,84
ORD-2024-01553,2024-01-24,2024-01-25,CUST-0115,PRD-005,R106,Online,Bank Transfer,2,39,0.1,70.2,30,40.2
ORD-2024-02864,2024-01-24,2024-01-25,CUST-0175,PRD-027,R102,Online,Cash,3,260,0.1,702,345,357
ORD-2024-00399,2024-01-25,2024-01-30,CUST-0117,PRD-024,R107,In-Store,PayPal,1,549,0.2,439.2,240,199.2
ORD-2024-00606,2024-01-25,2024-01-26,CUST-0203,PRD-003,R108,In-Store,PayPal,2,749,0.05,1423.1,960,463.1
ORD-2024-01586,2024-01-25,2024-01-26,CUST-0237,PRD-003,R104,Online,Credit Card,2,749,0.2,1198.4,960,238.4
ORD-2024-02709,2024-01-25,2024-01-28,CUST-0066,PRD-008,R105,In-Store,PayPal,3,49,0,147,54,93
ORD-2024-01583,2024-01-26,2024-01-27,CUST-0208,PRD-022,R104,Distributor,PayPal,3,450,0,1350,630,720
ORD-2024-02748,2024-01-26,2024-01-31,CUST-0224,PRD-006,R103,In-Store,PayPal,5,89,0,445,175,270
ORD-2024-02920,2024-01-26,2024-01-28,CUST-0216,PRD-018,R105,Online,PayPal,4,85,0,340,160,180
ORD-2024-03337,2024-01-26,2024-01-28,CUST-0157,PRD-004,R107,In-Store,Bank Transfer,3,2199,0,6597,4200,2397
ORD-2024-03205,2024-01-27,2024-01-29,CUST-0139,PRD-016,R104,Online,PayPal,1,24,0.05,22.8,9,13.8
ORD-2024-03013,2024-01-28,2024-01-29,CUST-0126,PRD-012,R108,Distributor,Cash,5,199,0.15,845.75,450,395.75
ORD-2024-03179,2024-01-28,2024-01-29,CUST-0209,PRD-019,R103,Distributor,Bank Transfer,1,175,0,175,75,100
ORD-2024-00808,2024-01-29,2024-01-30,CUST-0054,PRD-005,R103,Distributor,Cash,5,39,0.2,156,75,81
ORD-2024-01238,2024-01-29,2024-02-01,CUST-0059,PRD-013,R102,Online,PayPal,1,28,0.1,25.2,14,11.2
ORD-2024-01886,2024-01-29,2024-02-02,CUST-0141,PRD-008,R101,In-Store,Bank Transfer,2,49,0.05,93.1,36,57.1
ORD-2024-01947,2024-01-29,2024-02-02,CUST-0073,PRD-003,R103,Distributor,Cash,1,749,0,749,480,269
ORD-2024-02054,2024-01-29,2024-02-01,CUST-0190,PRD-006,R103,In-Store,PayPal,3,89,0,267,105,162
ORD-2024-02807,2024-01-29,2024-02-02,CUST-0203,PRD-014,R105,In-Store,Bank Transfer,5,22,0,110,40,70
ORD-2024-00625,2024-01-30,2024-02-01,CUST-0152,PRD-011,R107,Distributor,Bank Transfer,5,499,0.2,1996,1300,696
ORD-2024-01534,2024-01-30,2024-01-31,CUST-0175,PRD-017,R101,Online,Bank Transfer,3,139,0,417,195,222
ORD-2024-01731,2024-01-30,2024-01-31,CUST-0194,PRD-018,R104,Online,Cash,5,85,0.1,382.5,200,182.5
ORD-2024-02408,2024-01-30,2024-02-03,CUST-0136,PRD-007,R101,Online,Credit Card,6,129,0.15,657.9,330,327.9
ORD-2024-02771,2024-01-30,2024-02-04,CUST-0237,PRD-008,R102,Distributor,Bank Transfer,4,49,0.05,186.2,72,114.2
ORD-2024-01433,2024-02-01,2024-02-06,CUST-0071,PRD-025,R103,Online,Credit Card,1,620,0.2,496,290,206
ORD-2024-00211,2024-02-02,2024-02-05,CUST-0093,PRD-011,R104,Online,Credit Card,1,499,0.1,449.1,260,189.1
ORD-2024-00564,2024-02-02,2024-02-03,CUST-0021,PRD-004,R101,Distributor,Bank Transfer,5,2199,0.1,9895.5,7000,2895.5
ORD-2024-01526,2024-02-02,2024-02-03,CUST-0087,PRD-025,R104,In-Store,Bank Transfer,1,620,0.05,589,290,299
ORD-2024-01906,2024-02-02,2024-02-03,CUST-0083,PRD-020,R108,Distributor,Cash,6,230,0.05,1311,660,651
ORD-2024-02061,2024-02-02,2024-02-03,CUST-0139,PRD-027,R108,Online,Bank Transfer,6,260,0,1560,690,870
ORD-2024-02762,2024-02-02,2024-02-05,CUST-0181,PRD-027,R103,In-Store,Credit Card,3,260,0.15,663,345,318
ORD-2024-00452,2024-02-03,2024-02-08,CUST-0005,PRD-019,R104,In-Store,Credit Card,2,175,0.1,315,150,165
ORD-2024-01090,2024-02-03,2024-02-08,CUST-0066,PRD-025,R108,Online,PayPal,5,620,0.05,2945,1450,1495
ORD-2024-01386,2024-02-03,2024-02-08,CUST-0244,PRD-014,R106,Distributor,Cash,6,22,0.05,125.4,48,77.4
ORD-2024-02238,2024-02-03,2024-02-04,CUST-0138,PRD-022,R104,Online,Credit Card,5,450,0.2,1800,1050,750
ORD-2024-02940,2024-02-03,2024-02-07,CUST-0207,PRD-004,R101,Distributor,Credit Card,3,2199,0.05,6267.15,4200,2067.15
ORD-2024-00328,2024-02-04,2024-02-05,CUST-0177,PRD-026,R103,Online,Credit Card,2,210,0.1,378,190,188
ORD-2024-01438,2024-02-04,2024-02-07,CUST-0006,PRD-027,R108,Distributor,Bank Transfer,2,260,0.05,494,230,264
ORD-2024-02197,2024-02-04,2024-02-08,CUST-0234,PRD-017,R103,In-Store,Cash,4,139,0,556,260,296
ORD-2024-00164,2024-02-05,2024-02-09,CUST-0054,PRD-015,R105,Online,Cash,5,15,0.05,71.25,25,46.25
ORD-2024-00568,2024-02-05,2024-02-10,CUST-0088,PRD-001,R106,Distributor,Cash,5,999,0,4995,3250,1745
ORD-2024-03107,2024-02-05,2024-02-07,CUST-0206,PRD-028,R103,Distributor,Cash,5,135,0.05,641.25,300,341.25
ORD-2024-03185,2024-02-05,2024-02-09,CUST-0176,PRD-025,R104,Online,PayPal,3,620,0,1860,870,990
ORD-2024-03456,2024-02-05,2024-02-08,CUST-0203,PRD-001,R107,Online,Cash,5,999,0.05,4745.25,3250,1495.25
ORD-2024-00983,2024-02-06,2024-02-08,CUST-0142,PRD-025,R103,Online,Bank Transfer,1,620,0.15,527,290,237
ORD-2024-01336,2024-02-06,2024-02-10,CUST-0020,PRD-010,R102,In-Store,PayPal,1,799,0,799,420,379
ORD-2024-01838,2024-02-06,2024-02-07,CUST-0089,PRD-004,R105,Distributor,PayPal,2,2199,0,4398,2800,1598
ORD-2024-01857,2024-02-06,2024-02-11,CUST-0142,PRD-026,R103,Distributor,Bank Transfer,3,210,0.1,567,285,282
ORD-2024-02287,2024-02-06,2024-02-07,CUST-0195,PRD-018,R106,Online,Credit Card,3,85,0.1,229.5,120,109.5
ORD-2024-00331,2024-02-07,2024-02-09,CUST-0010,PRD-013,R101,Online,Bank Transfer,1,28,0.1,25.2,14,11.2
ORD-2024-00723,2024-02-07,2024-02-11,CUST-0029,PRD-016,R106,In-Store,PayPal,3,24,0,72,27,45
ORD-2024-00773,2024-02-07,2024-02-11,CUST-0186,PRD-013,R107,Distributor,PayPal,3,28,0.1,75.6,42,33.6
ORD-2024-02471,2024-02-07,2024-02-09,CUST-0206,PRD-022,R101,Online,PayPal,3,450,0.05,1282.5,630,652.5
ORD-2024-02571,2024-02-07,2024-02-09,CUST-0099,PRD-026,R102,In-Store,Bank Transfer,3,210,0,630,285,345
ORD-2024-00049,2024-02-08,2024-02-12,CUST-0163,PRD-004,R107,Distributor,Bank Transfer,1,2199,0,2199,1400,799
ORD-2024-00901,2024-02-08,2024-02-09,CUST-0019,PRD-025,R106,In-Store,PayPal,3,620,0,1860,870,990
ORD-2024-01340,2024-02-08,2024-02-13,CUST-0015,PRD-020,R105,Distributor,Credit Card,1,230,0.1,207,110,97
ORD-2024-01677,2024-02-08,2024-02-13,CUST-0002,PRD-025,R106,Distributor,PayPal,5,620,0.05,2945,1450,1495
ORD-2024-02168,2024-02-08,2024-02-09,CUST-0192,PRD-021,R102,Distributor,Cash,2,289,0.2,462.4,240,222.4
ORD-2024-02445,2024-02-08,2024-02-12,CUST-0015,PRD-018,R101,Distributor,Credit Card,1,85,0,85,40,45
ORD-2024-02671,2024-02-08,2024-02-12,CUST-0221,PRD-016,R102,In-Store,Credit Card,1,24,0.15,20.4,9,11.4
ORD-2024-03279,2024-02-08,2024-02-13,CUST-0152,PRD-005,R106,In-Store,Cash,1,39,0,39,15,24
ORD-2024-02517,2024-02-09,2024-02-14,CUST-0241,PRD-005,R102,Online,PayPal,2,39,0.05,74.1,30,44.1
ORD-2024-02582,2024-02-09,2024-02-14,CUST-0062,PRD-022,R104,Online,PayPal,4,450,0,1800,840,960
ORD-2024-01096,2024-02-10,2024-02-14,CUST-0086,PRD-018,R103,Distributor,Credit Card,2,85,0,170,80,90
ORD-2024-01692,2024-02-10,2024-02-13,CUST-0058,PRD-012,R104,Distributor,Cash,6,199,0.05,1134.3,540,594.3
ORD-2024-02037,2024-02-10,2024-02-11,CUST-0135,PRD-004,R101,In-Store,Credit Card,3,2199,0.05,6267.15,4200,2067.15
ORD-2024-02380,2024-02-10,2024-02-15,CUST-0127,PRD-027,R108,In-Store,Cash,4,260,0.15,884,460,424
ORD-2024-03229,2024-02-10,2024-02-15,CUST-0233,PRD-012,R107,Distributor,Bank Transfer,3,199,0.05,567.15,270,297.15
ORD-2024-01185,2024-02-11,2024-02-12,CUST-0149,PRD-005,R103,Online,PayPal,5,39,0,195,75,120
ORD-2024-02426,2024-02-11,2024-02-15,CUST-0064,PRD-002,R108,Online,Cash,4,1699,0.2,5436.8,4400,1036.8
ORD-2024-00771,2024-02-12,2024-02-16,CUST-0091,PRD-018,R102,In-Store,Bank Transfer,3,85,0.05,242.25,120,122.25
ORD-2024-01119,2024-02-12,2024-02-16,CUST-0244,PRD-021,R104,Distributor,Bank Transfer,3,289,0.05,823.65,360,463.65
ORD-2024-01741,2024-02-12,2024-02-17,CUST-0073,PRD-024,R102,Distributor,Credit Card,3,549,0.05,1564.65,720,844.65
ORD-2024-02518,2024-02-12,2024-02-16,CUST-0042,PRD-009,R103,Distributor,Credit Card,1,329,0.15,279.65,180,99.65
ORD-2024-03170,2024-02-12,2024-02-15,CUST-0108,PRD-011,R104,In-Store,PayPal,2,499,0.2,798.4,520,278.4
ORD-2024-01244,2024-02-13,2024-02-16,CUST-0165,PRD-022,R107,Online,Cash,1,450,0,450,210,240
ORD-2024-03300,2024-02-13,2024-02-15,CUST-0178,PRD-004,R101,In-Store,Credit Card,3,2199,0.05,6267.15,4200,2067.15
ORD-2024-01795,2024-02-14,2024-02-19,CUST-0228,PRD-012,R107,Online,Bank Transfer,3,199,0,597,270,327
ORD-2024-01801,2024-02-14,2024-02-16,CUST-0206,PRD-003,R105,Online,Credit Card,5,749,0,3745,2400,1345
ORD-2024-01948,2024-02-14,2024-02-16,CUST-0216,PRD-007,R104,Online,Bank Transfer,5,129,0,645,275,370
ORD-2024-02121,2024-02-14,2024-02-15,CUST-0031,PRD-007,R104,Distributor,Bank Transfer,4,129,0,516,220,296
ORD-2024-02961,2024-02-14,2024-02-18,CUST-0145,PRD-009,R104,Distributor,Cash,4,329,0.05,1250.2,720,530.2
ORD-2024-01194,2024-02-15,2024-02-17,CUST-0222,PRD-002,R107,Distributor,Credit Card,6,1699,0.1,9174.6,6600,2574.6
ORD-2024-01398,2024-02-15,2024-02-18,CUST-0163,PRD-009,R108,Online,Bank Transfer,6,329,0.15,1677.9,1080,597.9
ORD-2024-00263,2024-02-16,2024-02-18,CUST-0194,PRD-021,R107,In-Store,Cash,6,289,0,1734,720,1014
ORD-2024-01384,2024-02-16,2024-02-20,CUST-0133,PRD-020,R106,Online,Bank Transfer,3,230,0.1,621,330,291
ORD-2024-02192,2024-02-16,2024-02-21,CUST-0020,PRD-028,R107,Online,Cash,3,135,0.05,384.75,180,204.75
ORD-2024-02583,2024-02-16,2024-02-18,CUST-0223,PRD-006,R108,In-Store,Credit Card,4,89,0.05,338.2,140,198.2
ORD-2024-02990,2024-02-16,2024-02-19,CUST-0156,PRD-010,R101,Distributor,Cash,2,799,0.05,1518.1,840,678.1
ORD-2024-01049,2024-02-17,2024-02-22,CUST-0012,PRD-024,R102,In-Store,Cash,6,549,0,3294,1440,1854
ORD-2024-01808,2024-02-17,2024-02-22,CUST-0130,PRD-012,R103,Online,Cash,3,199,0,597,270,327
ORD-2024-00565,2024-02-18,2024-02-19,CUST-0224,PRD-013,R106,Online,PayPal,2,28,0.15,47.6,28,19.6
ORD-2024-01124,2024-02-18,2024-02-19,CUST-0222,PRD-015,R106,Online,Bank Transfer,3,15,0.05,42.75,15,27.75
ORD-2024-01411,2024-02-18,2024-02-20,CUST-0024,PRD-017,R106,Distributor,Bank Transfer,3,139,0.15,354.45,195,159.45
ORD-2024-00026,2024-02-19,2024-02-21,CUST-0011,PRD-001,R101,Distributor,Credit Card,4,999,0,3996,2600,1396
ORD-2024-00261,2024-02-19,2024-02-22,CUST-0202,PRD-028,R104,In-Store,Bank Transfer,5,135,0,675,300,375
ORD-2024-00925,2024-02-20,2024-02-21,CUST-0115,PRD-014,R103,Online,Credit Card,1,22,0,22,8,14
ORD-2024-02328,2024-02-20,2024-02-23,CUST-0155,PRD-009,R104,In-Store,Credit Card,3,329,0,987,540,447
ORD-2024-02882,2024-02-20,2024-02-25,CUST-0210,PRD-021,R105,Online,Bank Transfer,5,289,0,1445,600,845
ORD-2024-00529,2024-02-21,2024-02-26,CUST-0095,PRD-023,R104,Online,Bank Transfer,2,149,0.05,283.1,130,153.1
ORD-2024-02496,2024-02-21,2024-02-23,CUST-0090,PRD-025,R105,In-Store,PayPal,3,620,0.1,1674,870,804
ORD-2024-02851,2024-02-21,2024-02-26,CUST-0182,PRD-015,R106,Distributor,Credit Card,2,15,0,30,10,20
ORD-2024-03432,2024-02-21,2024-02-26,CUST-0248,PRD-018,R107,In-Store,Credit Card,6,85,0.1,459,240,219
ORD-2024-01624,2024-02-22,2024-02-24,CUST-0024,PRD-026,R101,Online,Cash,1,210,0,210,95,115
ORD-2024-00061,2024-02-23,2024-02-27,CUST-0072,PRD-021,R103,Distributor,PayPal,5,289,0.2,1156,600,556
ORD-2024-00533,2024-02-23,2024-02-25,CUST-0013,PRD-017,R103,In-Store,Cash,6,139,0.15,708.9,390,318.9
ORD-2024-00939,2024-02-23,2024-02-28,CUST-0147,PRD-024,R107,Distributor,Credit Card,1,549,0.05,521.55,240,281.55
ORD-2024-02411,2024-02-23,2024-02-26,CUST-0081,PRD-012,R107,Online,Bank Transfer,6,199,0,1194,540,654
ORD-2024-03450,2024-02-23,2024-02-27,CUST-0043,PRD-002,R102,In-Store,PayPal,3,1699,0.15,4332.45,3300,1032.45
ORD-2024-00388,2024-02-24,2024-02-26,CUST-0169,PRD-028,R106,Online,PayPal,1,135,0.1,121.5,60,61.5
ORD-2024-02243,2024-02-24,2024-02-25,CUST-0076,PRD-017,R105,Distributor,PayPal,1,139,0,139,65,74
ORD-2024-00459,2024-02-25,2024-02-26,CUST-0159,PRD-004,R107,Distributor,Credit Card,3,2199,0,6597,4200,2397
ORD-2024-01821,2024-02-25,2024-02-26,CUST-0132,PRD-022,R102,Distributor,Bank Transfer,1,450,0.05,427.5,210,217.5
ORD-2024-01995,2024-02-25,2024-02-28,CUST-0160,PRD-022,R105,Online,Credit Card,1,450,0.15,382.5,210,172.5
ORD-2024-00229,2024-02-26,2024-02-29,CUST-0049,PRD-007,R108,In-Store,Credit Card,1,129,0,129,55,74
ORD-2024-00235,2024-02-26,2024-03-02,CUST-0082,PRD-004,R104,Online,Bank Transfer,5,2199,0,10995,7000,3995
ORD-2024-02335,2024-02-26,2024-02-27,CUST-0197,PRD-013,R101,Online,PayPal,4,28,0,112,56,56
ORD-2024-02387,2024-02-26,2024-02-27,CUST-0058,PRD-028,R108,Distributor,Credit Card,2,135,0.15,229.5,120,109.5
ORD-2024-03395,2024-02-26,2024-02-29,CUST-0177,PRD-004,R104,Distributor,PayPal,2,2199,0,4398,2800,1598
ORD-2024-01736,2024-02-27,2024-03-02,CUST-0198,PRD-002,R102,In-Store,Credit Card,2,1699,0.05,3228.1,2200,1028.1
ORD-2024-02506,2024-02-27,2024-02-28,CUST-0190,PRD-020,R104,In-Store,PayPal,2,230,0.1,414,220,194
ORD-2024-00147,2024-02-28,2024-03-04,CUST-0007,PRD-009,R102,Online,PayPal,1,329,0.15,279.65,180,99.65
ORD-2024-02972,2024-02-28,2024-03-04,CUST-0126,PRD-014,R103,Online,PayPal,5,22,0.1,99,40,59
ORD-2024-00063,2024-02-29,2024-03-02,CUST-0012,PRD-002,R105,Distributor,Credit Card,6,1699,0.2,8155.2,6600,1555.2
ORD-2024-00576,2024-02-29,2024-03-01,CUST-0195,PRD-013,R101,Online,Cash,6,28,0,168,84,84
ORD-2024-01177,2024-02-29,2024-03-03,CUST-0120,PRD-015,R108,Online,PayPal,2,15,0,30,10,20
ORD-2024-01342,2024-02-29,2024-03-05,CUST-0176,PRD-026,R108,In-Store,Cash,6,210,0.15,1071,570,501
ORD-2024-01064,2024-03-01,2024-03-06,CUST-0016,PRD-014,R105,Distributor,Bank Transfer,3,22,0.05,62.7,24,38.7
ORD-2024-01363,2024-03-01,2024-03-03,CUST-0195,PRD-019,R101,In-Store,Credit Card,6,175,0.05,997.5,450,547.5
ORD-2024-02125,2024-03-01,2024-03-06,CUST-0108,PRD-019,R105,Online,Cash,2,175,0.2,280,150,130
ORD-2024-02744,2024-03-01,2024-03-04,CUST-0241,PRD-017,R108,In-Store,Credit Card,5,139,0.15,590.75,325,265.75
ORD-2024-03390,2024-03-01,2024-03-02,CUST-0161,PRD-020,R108,Online,Cash,4,230,0.2,736,440,296
ORD-2024-01589,2024-03-02,2024-03-04,CUST-0122,PRD-019,R105,Distributor,Credit Card,2,175,0.15,297.5,150,147.5
ORD-2024-01595,2024-03-02,2024-03-03,CUST-0087,PRD-024,R102,In-Store,Bank Transfer,2,549,0,1098,480,618
ORD-2024-01811,2024-03-02,2024-03-06,CUST-0190,PRD-001,R101,Distributor,Credit Card,4,999,0.05,3796.2,2600,1196.2
ORD-2024-03389,2024-03-02,2024-03-07,CUST-0179,PRD-026,R108,In-Store,PayPal,3,210,0.2,504,285,219
ORD-2024-01224,2024-03-03,2024-03-04,CUST-0111,PRD-015,R108,Distributor,Bank Transfer,3,15,0.05,42.75,15,27.75
ORD-2024-01559,2024-03-03,2024-03-06,CUST-0075,PRD-022,R102,Distributor,Cash,2,450,0,900,420,480
ORD-2024-01818,2024-03-03,2024-03-05,CUST-0012,PRD-011,R103,Online,Bank Transfer,3,499,0,1497,780,717
ORD-2024-02083,2024-03-03,2024-03-06,CUST-0168,PRD-023,R106,Distributor,Bank Transfer,5,149,0.1,670.5,325,345.5
ORD-2024-02613,2024-03-03,2024-03-08,CUST-0095,PRD-003,R104,In-Store,Credit Card,1,749,0,749,480,269
ORD-2024-00111,2024-03-04,2024-03-05,CUST-0228,PRD-026,R104,In-Store,Bank Transfer,6,210,0.05,1197,570,627
ORD-2024-00596,2024-03-04,2024-03-06,CUST-0032,PRD-007,R107,In-Store,Credit Card,5,129,0,645,275,370
ORD-2024-02908,2024-03-04,2024-03-09,CUST-0206,PRD-004,R101,In-Store,Credit Card,5,2199,0.05,10445.25,7000,3445.25
ORD-2024-03175,2024-03-04,2024-03-06,CUST-0009,PRD-002,R107,Distributor,Credit Card,3,1699,0.1,4587.3,3300,1287.3
ORD-2024-00266,2024-03-05,2024-03-06,CUST-0064,PRD-012,R104,In-Store,Bank Transfer,6,199,0,1194,540,654
ORD-2024-00637,2024-03-05,2024-03-09,CUST-0003,PRD-004,R107,In-Store,Cash,5,2199,0.05,10445.25,7000,3445.25
ORD-2024-02952,2024-03-05,2024-03-07,CUST-0210,PRD-006,R108,In-Store,Cash,3,89,0,267,105,162
ORD-2024-01725,2024-03-06,2024-03-07,CUST-0167,PRD-014,R104,Distributor,Bank Transfer,5,22,0.05,104.5,40,64.5
ORD-2024-02145,2024-03-06,2024-03-08,CUST-0245,PRD-027,R102,Online,PayPal,5,260,0.15,1105,575,530
ORD-2024-02174,2024-03-06,2024-03-07,CUST-0110,PRD-012,R101,In-Store,PayPal,6,199,0.2,955.2,540,415.2
ORD-2024-02836,2024-03-06,2024-03-11,CUST-0111,PRD-027,R103,Online,PayPal,6,260,0,1560,690,870
ORD-2024-03271,2024-03-06,2024-03-09,CUST-0074,PRD-015,R102,In-Store,Credit Card,2,15,0,30,10,20
ORD-2024-01311,2024-03-07,2024-03-11,CUST-0154,PRD-005,R105,In-Store,Bank Transfer,1,39,0,39,15,24
ORD-2024-01991,2024-03-07,2024-03-11,CUST-0191,PRD-020,R106,In-Store,Bank Transfer,5,230,0.1,1035,550,485
ORD-2024-02430,2024-03-07,2024-03-09,CUST-0005,PRD-021,R101,Online,Bank Transfer,3,289,0,867,360,507
ORD-2024-03189,2024-03-07,2024-03-12,CUST-0005,PRD-006,R108,In-Store,Bank Transfer,5,89,0,445,175,270
ORD-2024-00117,2024-03-08,2024-03-09,CUST-0013,PRD-006,R103,Online,Credit Card,4,89,0.05,338.2,140,198.2
ORD-2024-03201,2024-03-08,2024-03-12,CUST-0122,PRD-008,R105,In-Store,Cash,6,49,0.15,249.9,108,141.9
ORD-2024-00376,2024-03-09,2024-03-14,CUST-0195,PRD-022,R102,Online,Credit Card,6,450,0,2700,1260,1440
ORD-2024-02370,2024-03-09,2024-03-14,CUST-0161,PRD-019,R106,In-Store,Bank Transfer,1,175,0,175,75,100
ORD-2024-02876,2024-03-09,2024-03-11,CUST-0165,PRD-018,R108,In-Store,Credit Card,4,85,0.15,289,160,129
ORD-2024-02958,2024-03-09,2024-03-13,CUST-0238,PRD-023,R107,In-Store,PayPal,1,149,0.05,141.55,65,76.55
ORD-2024-01672,2024-03-10,2024-03-15,CUST-0185,PRD-023,R108,Online,Bank Transfer,4,149,0.05,566.2,260,306.2
ORD-2024-02256,2024-03-10,2024-03-12,CUST-0112,PRD-013,R108,In-Store,Credit Card,2,28,0.1,50.4,28,22.4
ORD-2024-02907,2024-03-10,2024-03-14,CUST-0208,PRD-012,R102,In-Store,Bank Transfer,2,199,0.05,378.1,180,198.1
ORD-2024-01167,2024-03-11,2024-03-14,CUST-0227,PRD-015,R101,In-Store,Credit Card,6,15,0.1,81,30,51
ORD-2024-02047,2024-03-11,2024-03-16,CUST-0168,PRD-019,R106,Online,Credit Card,3,175,0,525,225,300
ORD-2024-02382,2024-03-11,2024-03-14,CUST-0089,PRD-005,R101,Distributor,Cash,2,39,0,78,30,48
ORD-2024-01355,2024-03-12,2024-03-14,CUST-0067,PRD-016,R103,Online,PayPal,1,24,0.15,20.4,9,11.4
ORD-2024-02503,2024-03-12,2024-03-14,CUST-0232,PRD-022,R107,Distributor,Bank Transfer,5,450,0.1,2025,1050,975
ORD-2024-03500,2024-03-12,2024-03-17,CUST-0240,PRD-020,R106,In-Store,Cash,4,230,0.1,828,440,388
ORD-2024-02839,2024-03-13,2024-03-15,CUST-0090,PRD-007,R107,Distributor,Bank Transfer,4,129,0.05,490.2,220,270.2
ORD-2024-00763,2024-03-14,2024-03-15,CUST-0186,PRD-010,R107,Online,Credit Card,5,799,0,3995,2100,1895
ORD-2024-03006,2024-03-14,2024-03-18,CUST-0091,PRD-001,R101,In-Store,Cash,2,999,0,1998,1300,698
ORD-2024-00262,2024-03-15,2024-03-19,CUST-0159,PRD-009,R102,Distributor,Bank Transfer,2,329,0.2,526.4,360,166.4
ORD-2024-02159,2024-03-15,2024-03-18,CUST-0135,PRD-015,R104,In-Store,Cash,5,15,0.15,63.75,25,38.75
ORD-2024-00190,2024-03-16,2024-03-21,CUST-0094,PRD-008,R108,Distributor,Credit Card,3,49,0.1,132.3,54,78.3
ORD-2024-00518,2024-03-16,2024-03-17,CUST-0145,PRD-015,R103,Distributor,Bank Transfer,3,15,0.1,40.5,15,25.5
ORD-2024-00628,2024-03-16,2024-03-18,CUST-0007,PRD-017,R103,In-Store,PayPal,1,139,0.05,132.05,65,67.05
ORD-2024-03158,2024-03-16,2024-03-17,CUST-0212,PRD-028,R102,Distributor,Credit Card,3,135,0.05,384.75,180,204.75
ORD-2024-00110,2024-03-17,2024-03-21,CUST-0211,PRD-016,R107,In-Store,PayPal,6,24,0.05,136.8,54,82.8
ORD-2024-01158,2024-03-17,2024-03-20,CUST-0175,PRD-012,R102,Online,PayPal,1,199,0,199,90,109
ORD-2024-01855,2024-03-17,2024-03-21,CUST-0156,PRD-003,R106,Distributor,Bank Transfer,3,749,0,2247,1440,807
ORD-2024-00088,2024-03-18,2024-03-21,CUST-0100,PRD-003,R101,Online,Bank Transfer,2,749,0.05,1423.1,960,463.1
ORD-2024-01319,2024-03-18,2024-03-19,CUST-0114,PRD-016,R106,Distributor,Credit Card,3,24,0,72,27,45
ORD-2024-01600,2024-03-18,2024-03-22,CUST-0038,PRD-008,R106,Distributor,Cash,6,49,0.1,264.6,108,156.6
ORD-2024-02404,2024-03-18,2024-03-23,CUST-0147,PRD-022,R106,Online,Credit Card,4,450,0.15,1530,840,690
ORD-2024-03180,2024-03-18,2024-03-22,CUST-0178,PRD-008,R102,Online,PayPal,5,49,0,245,90,155
ORD-2024-00754,2024-03-19,2024-03-22,CUST-0133,PRD-015,R107,Distributor,Cash,3,15,0.15,38.25,15,23.25
ORD-2024-02755,2024-03-19,2024-03-22,CUST-0031,PRD-012,R107,Online,Bank Transfer,4,199,0.1,716.4,360,356.4
ORD-2024-00166,2024-03-20,2024-03-22,CUST-0002,PRD-007,R103,Distributor,PayPal,2,129,0,258,110,148
ORD-2024-01269,2024-03-20,2024-03-21,CUST-0202,PRD-004,R108,Distributor,PayPal,5,2199,0.15,9345.75,7000,2345.75
ORD-2024-02123,2024-03-20,2024-03-24,CUST-0105,PRD-004,R108,Online,PayPal,1,2199,0.05,2089.05,1400,689.05
ORD-2024-00067,2024-03-21,2024-03-23,CUST-0195,PRD-022,R101,Distributor,Credit Card,5,450,0,2250,1050,1200
ORD-2024-00133,2024-03-21,2024-03-22,CUST-0114,PRD-003,R107,In-Store,Credit Card,3,749,0.15,1909.95,1440,469.95
ORD-2024-00796,2024-03-21,2024-03-22,CUST-0244,PRD-016,R108,In-Store,Cash,4,24,0.05,91.2,36,55.2
ORD-2024-01401,2024-03-21,2024-03-22,CUST-0177,PRD-023,R106,Distributor,Credit Card,1,149,0,149,65,84
ORD-2024-02137,2024-03-21,2024-03-23,CUST-0012,PRD-006,R105,Online,Cash,6,89,0,534,210,324
ORD-2024-02626,2024-03-21,2024-03-25,CUST-0179,PRD-009,R107,Online,Cash,4,329,0.2,1052.8,720,332.8
ORD-2024-02738,2024-03-21,2024-03-22,CUST-0142,PRD-021,R103,Distributor,Bank Transfer,3,289,0.15,736.95,360,376.95
ORD-2024-01166,2024-03-22,2024-03-27,CUST-0206,PRD-025,R108,In-Store,PayPal,4,620,0.05,2356,1160,1196
ORD-2024-01503,2024-03-22,2024-03-27,CUST-0168,PRD-011,R106,Online,Cash,6,499,0,2994,1560,1434
ORD-2024-01544,2024-03-22,2024-03-25,CUST-0233,PRD-009,R107,Distributor,Bank Transfer,5,329,0.2,1316,900,416
ORD-2024-02107,2024-03-22,2024-03-24,CUST-0037,PRD-019,R101,In-Store,Cash,1,175,0.2,140,75,65
ORD-2024-02233,2024-03-22,2024-03-24,CUST-0160,PRD-017,R103,Online,Bank Transfer,4,139,0.15,472.6,260,212.6
ORD-2024-02904,2024-03-22,2024-03-27,CUST-0149,PRD-021,R101,Online,PayPal,5,289,0,1445,600,845
ORD-2024-00979,2024-03-23,2024-03-28,CUST-0003,PRD-016,R105,Online,PayPal,6,24,0,144,54,90
ORD-2024-00145,2024-03-25,2024-03-29,CUST-0176,PRD-002,R102,Online,Credit Card,5,1699,0,8495,5500,2995
ORD-2024-02637,2024-03-25,2024-03-29,CUST-0099,PRD-002,R107,Distributor,PayPal,4,1699,0.15,5776.6,4400,1376.6
ORD-2024-00480,2024-03-26,2024-03-30,CUST-0046,PRD-013,R105,Distributor,PayPal,4,28,0,112,56,56
ORD-2024-01307,2024-03-26,2024-03-29,CUST-0028,PRD-011,R108,In-Store,Credit Card,5,499,0,2495,1300,1195
ORD-2024-02228,2024-03-26,2024-03-28,CUST-0101,PRD-024,R102,Online,Cash,6,549,0.15,2799.9,1440,1359.9
ORD-2024-02853,2024-03-26,2024-03-29,CUST-0041,PRD-002,R107,Distributor,Bank Transfer,3,1699,0.1,4587.3,3300,1287.3
ORD-2024-02152,2024-03-27,2024-03-28,CUST-0051,PRD-027,R104,In-Store,Cash,1,260,0.15,221,115,106
ORD-2024-03032,2024-03-27,2024-04-01,CUST-0208,PRD-021,R105,In-Store,PayPal,6,289,0.05,1647.3,720,927.3
ORD-2024-01482,2024-03-28,2024-03-31,CUST-0196,PRD-028,R101,In-Store,Cash,6,135,0.05,769.5,360,409.5
ORD-2024-02360,2024-03-28,2024-04-02,CUST-0031,PRD-005,R104,Distributor,Credit Card,5,39,0.15,165.75,75,90.75
ORD-2024-02661,2024-03-28,2024-03-30,CUST-0165,PRD-027,R103,In-Store,Cash,1,260,0.1,234,115,119
ORD-2024-01068,2024-03-29,2024-03-30,CUST-0137,PRD-009,R107,Distributor,Bank Transfer,1,329,0.05,312.55,180,132.55
ORD-2024-01230,2024-03-29,2024-03-30,CUST-0173,PRD-016,R107,Distributor,Credit Card,3,24,0.1,64.8,27,37.8
ORD-2024-01440,2024-03-30,2024-03-31,CUST-0114,PRD-026,R104,In-Store,Cash,2,210,0.2,336,190,146
ORD-2024-03113,2024-03-30,2024-04-04,CUST-0096,PRD-020,R102,In-Store,Cash,6,230,0,1380,660,720
ORD-2024-03364,2024-03-30,2024-04-01,CUST-0129,PRD-018,R108,Distributor,PayPal,4,85,0.05,323,160,163
ORD-2024-00167,2024-03-31,2024-04-04,CUST-0249,PRD-015,R101,Online,Credit Card,5,15,0.05,71.25,25,46.25
ORD-2024-01972,2024-03-31,2024-04-05,CUST-0128,PRD-021,R107,In-Store,Cash,6,289,0,1734,720,1014
ORD-2024-03130,2024-03-31,2024-04-01,CUST-0131,PRD-013,R106,Distributor,Bank Transfer,3,28,0.1,75.6,42,33.6
ORD-2024-00031,2024-04-01,2024-04-06,CUST-0169,PRD-001,R107,Online,Cash,5,999,0.05,4745.25,3250,1495.25
ORD-2024-01901,2024-04-01,2024-04-05,CUST-0022,PRD-010,R102,Online,PayPal,1,799,0,799,420,379
ORD-2024-01160,2024-04-02,2024-04-04,CUST-0125,PRD-002,R101,Distributor,Credit Card,5,1699,0.05,8070.25,5500,2570.25
ORD-2024-02538,2024-04-02,2024-04-03,CUST-0116,PRD-019,R102,Distributor,PayPal,3,175,0,525,225,300
ORD-2024-01734,2024-04-03,2024-04-07,CUST-0026,PRD-006,R104,Online,Cash,6,89,0.05,507.3,210,297.3
ORD-2024-02973,2024-04-03,2024-04-08,CUST-0126,PRD-015,R104,In-Store,Cash,3,15,0.1,40.5,15,25.5
ORD-2024-00867,2024-04-04,2024-04-09,CUST-0115,PRD-009,R105,Distributor,Cash,2,329,0,658,360,298
ORD-2024-00948,2024-04-04,2024-04-06,CUST-0135,PRD-028,R103,Distributor,Bank Transfer,1,135,0.05,128.25,60,68.25
ORD-2024-01039,2024-04-04,2024-04-08,CUST-0235,PRD-027,R105,In-Store,Cash,2,260,0.1,468,230,238
ORD-2024-01810,2024-04-04,2024-04-09,CUST-0166,PRD-014,R106,Distributor,Cash,6,22,0,132,48,84
ORD-2024-02255,2024-04-04,2024-04-07,CUST-0235,PRD-017,R102,In-Store,Credit Card,6,139,0.15,708.9,390,318.9
ORD-2024-00184,2024-04-05,2024-04-08,CUST-0223,PRD-028,R108,Online,PayPal,4,135,0.1,486,240,246
ORD-2024-00838,2024-04-05,2024-04-06,CUST-0177,PRD-013,R103,Distributor,Credit Card,4,28,0,112,56,56
ORD-2024-00840,2024-04-05,2024-04-08,CUST-0205,PRD-024,R102,Online,Bank Transfer,6,549,0.05,3129.3,1440,1689.3
ORD-2024-01321,2024-04-05,2024-04-10,CUST-0200,PRD-020,R103,Distributor,Cash,6,230,0.05,1311,660,651
ORD-2024-02465,2024-04-05,2024-04-06,CUST-0220,PRD-006,R102,Distributor,Credit Card,3,89,0.1,240.3,105,135.3
ORD-2024-02873,2024-04-05,2024-04-06,CUST-0159,PRD-011,R105,In-Store,PayPal,1,499,0.1,449.1,260,189.1
ORD-2024-02923,2024-04-05,2024-04-07,CUST-0197,PRD-015,R101,Distributor,Cash,2,15,0,30,10,20
ORD-2024-00265,2024-04-06,2024-04-11,CUST-0164,PRD-024,R104,Online,Bank Transfer,3,549,0,1647,720,927
ORD-2024-03033,2024-04-06,2024-04-09,CUST-0185,PRD-006,R107,In-Store,Credit Card,4,89,0,356,140,216
ORD-2024-00465,2024-04-07,2024-04-08,CUST-0201,PRD-025,R108,Distributor,Credit Card,2,620,0.1,1116,580,536
ORD-2024-00753,2024-04-07,2024-04-09,CUST-0046,PRD-008,R102,Distributor,PayPal,2,49,0.05,93.1,36,57.1
ORD-2024-03211,2024-04-07,2024-04-08,CUST-0026,PRD-024,R105,Distributor,Credit Card,4,549,0,2196,960,1236
ORD-2024-00248,2024-04-08,2024-04-12,CUST-0054,PRD-007,R105,Online,Credit Card,2,129,0,258,110,148
ORD-2024-00470,2024-04-09,2024-04-12,CUST-0012,PRD-005,R105,Online,Bank Transfer,6,39,0.1,210.6,90,120.6
ORD-2024-00760,2024-04-09,2024-04-14,CUST-0102,PRD-004,R101,In-Store,Cash,6,2199,0.1,11874.6,8400,3474.6
ORD-2024-01519,2024-04-09,2024-04-10,CUST-0032,PRD-016,R102,Distributor,Credit Card,4,24,0.05,91.2,36,55.2
ORD-2024-02658,2024-04-09,2024-04-13,CUST-0002,PRD-002,R108,In-Store,Bank Transfer,6,1699,0.05,9684.3,6600,3084.3
ORD-2024-02868,2024-04-09,2024-04-13,CUST-0216,PRD-013,R101,In-Store,Cash,3,28,0.1,75.6,42,33.6
ORD-2024-02284,2024-04-10,2024-04-15,CUST-0157,PRD-021,R107,Distributor,Bank Transfer,2,289,0,578,240,338
ORD-2024-01764,2024-04-11,2024-04-13,CUST-0161,PRD-026,R102,In-Store,PayPal,3,210,0,630,285,345
ORD-2024-02663,2024-04-11,2024-04-14,CUST-0184,PRD-013,R108,Online,Cash,3,28,0.05,79.8,42,37.8
ORD-2024-03228,2024-04-11,2024-04-15,CUST-0038,PRD-001,R107,Online,Credit Card,2,999,0,1998,1300,698
ORD-2024-01561,2024-04-12,2024-04-13,CUST-0025,PRD-020,R101,Online,Cash,5,230,0.05,1092.5,550,542.5
ORD-2024-02776,2024-04-12,2024-04-17,CUST-0222,PRD-025,R105,Distributor,PayPal,5,620,0.05,2945,1450,1495
ORD-2024-00917,2024-04-13,2024-04-14,CUST-0180,PRD-019,R104,Online,Bank Transfer,3,175,0.05,498.75,225,273.75
ORD-2024-02572,2024-04-13,2024-04-15,CUST-0230,PRD-015,R103,Online,Bank Transfer,3,15,0,45,15,30
ORD-2024-00878,2024-04-14,2024-04-16,CUST-0087,PRD-004,R106,In-Store,Cash,4,2199,0,8796,5600,3196
ORD-2024-01549,2024-04-14,2024-04-15,CUST-0006,PRD-018,R101,Online,Bank Transfer,1,85,0.05,80.75,40,40.75
ORD-2024-02427,2024-04-14,2024-04-17,CUST-0241,PRD-009,R108,In-Store,Cash,6,329,0,1974,1080,894
ORD-2024-03067,2024-04-14,2024-04-16,CUST-0196,PRD-027,R102,Online,PayPal,6,260,0.1,1404,690,714
ORD-2024-03070,2024-04-14,2024-04-15,CUST-0243,PRD-022,R104,Online,Bank Transfer,4,450,0,1800,840,960
ORD-2024-00245,2024-04-15,2024-04-16,CUST-0098,PRD-014,R105,Online,Bank Transfer,3,22,0.15,56.1,24,32.1
ORD-2024-00799,2024-04-15,2024-04-18,CUST-0012,PRD-015,R108,Online,Credit Card,5,15,0,75,25,50
ORD-2024-01793,2024-04-15,2024-04-19,CUST-0133,PRD-023,R103,Online,PayPal,4,149,0,596,260,336
ORD-2024-03307,2024-04-15,2024-04-17,CUST-0194,PRD-009,R107,Online,Bank Transfer,3,329,0.1,888.3,540,348.3
ORD-2024-03457,2024-04-15,2024-04-20,CUST-0023,PRD-013,R101,Online,PayPal,3,28,0.05,79.8,42,37.8
ORD-2024-00436,2024-04-16,2024-04-19,CUST-0092,PRD-018,R103,Distributor,Bank Transfer,3,85,0.05,242.25,120,122.25
ORD-2024-00445,2024-04-16,2024-04-17,CUST-0007,PRD-011,R108,Online,PayPal,3,499,0.05,1422.15,780,642.15
ORD-2024-02184,2024-04-16,2024-04-18,CUST-0031,PRD-020,R104,In-Store,Cash,6,230,0.15,1173,660,513
ORD-2024-02276,2024-04-16,2024-04-17,CUST-0093,PRD-002,R107,In-Store,Cash,6,1699,0,10194,6600,3594
ORD-2024-00140,2024-04-17,2024-04-21,CUST-0059,PRD-025,R106,Distributor,Credit Card,5,620,0.1,2790,1450,1340
ORD-2024-03119,2024-04-17,2024-04-20,CUST-0109,PRD-012,R107,Distributor,Cash,1,199,0.15,169.15,90,79.15
ORD-2024-00374,2024-04-18,2024-04-19,CUST-0172,PRD-006,R101,In-Store,Credit Card,5,89,0.15,378.25,175,203.25
ORD-2024-03194,2024-04-18,2024-04-20,CUST-0134,PRD-013,R104,Online,Cash,4,28,0,112,56,56
ORD-2024-00208,2024-04-19,2024-04-24,CUST-0029,PRD-025,R106,In-Store,Bank Transfer,5,620,0.05,2945,1450,1495
ORD-2024-01746,2024-04-19,2024-04-22,CUST-0070,PRD-014,R101,In-Store,Credit Card,5,22,0.15,93.5,40,53.5
ORD-2024-02369,2024-04-19,2024-04-23,CUST-0082,PRD-019,R102,In-Store,Cash,2,175,0.2,280,150,130
ORD-2024-00370,2024-04-20,2024-04-24,CUST-0223,PRD-010,R106,Online,Credit Card,5,799,0,3995,2100,1895
ORD-2024-01629,2024-04-20,2024-04-24,CUST-0096,PRD-024,R108,Distributor,PayPal,6,549,0.2,2635.2,1440,1195.2
ORD-2024-01656,2024-04-20,2024-04-21,CUST-0164,PRD-025,R106,Distributor,Cash,6,620,0.1,3348,1740,1608
ORD-2024-02310,2024-04-20,2024-04-22,CUST-0211,PRD-013,R103,Distributor,Cash,3,28,0.2,67.2,42,25.2
ORD-2024-00631,2024-04-21,2024-04-23,CUST-0128,PRD-004,R107,Distributor,Bank Transfer,4,2199,0,8796,5600,3196
ORD-2024-00683,2024-04-21,2024-04-25,CUST-0168,PRD-006,R101,Distributor,Cash,3,89,0.2,213.6,105,108.6
ORD-2024-00772,2024-04-22,2024-04-23,CUST-0179,PRD-019,R102,Distributor,Credit Card,1,175,0,175,75,100
ORD-2024-00960,2024-04-22,2024-04-23,CUST-0014,PRD-025,R103,Distributor,Bank Transfer,5,620,0.2,2480,1450,1030
ORD-2024-01135,2024-04-22,2024-04-27,CUST-0050,PRD-026,R104,Distributor,Credit Card,2,210,0.15,357,190,167
ORD-2024-01301,2024-04-22,2024-04-27,CUST-0244,PRD-016,R101,Distributor,PayPal,6,24,0.15,122.4,54,68.4
ORD-2024-02366,2024-04-22,2024-04-23,CUST-0201,PRD-009,R108,Distributor,Cash,6,329,0.05,1875.3,1080,795.3
ORD-2024-02706,2024-04-22,2024-04-25,CUST-0200,PRD-015,R105,In-Store,Cash,1,15,0.1,13.5,5,8.5
ORD-2024-03166,2024-04-22,2024-04-27,CUST-0096,PRD-009,R103,Online,Cash,4,329,0,1316,720,596
ORD-2024-03227,2024-04-22,2024-04-26,CUST-0020,PRD-010,R105,In-Store,Bank Transfer,1,799,0.05,759.05,420,339.05
ORD-2024-00759,2024-04-23,2024-04-27,CUST-0201,PRD-025,R102,Distributor,PayPal,4,620,0,2480,1160,1320
ORD-2024-03221,2024-04-23,2024-04-26,CUST-0020,PRD-024,R105,In-Store,PayPal,5,549,0,2745,1200,1545
ORD-2024-01423,2024-04-24,2024-04-25,CUST-0186,PRD-027,R104,Online,Cash,3,260,0,780,345,435
ORD-2024-03413,2024-04-24,2024-04-27,CUST-0106,PRD-021,R103,Online,Cash,2,289,0,578,240,338
ORD-2024-00889,2024-04-25,2024-04-26,CUST-0146,PRD-004,R108,Distributor,Credit Card,3,2199,0,6597,4200,2397
ORD-2024-01075,2024-04-25,2024-04-30,CUST-0218,PRD-010,R104,In-Store,Credit Card,2,799,0,1598,840,758
ORD-2024-02910,2024-04-25,2024-04-28,CUST-0218,PRD-025,R101,Distributor,PayPal,1,620,0.1,558,290,268
ORD-2024-01122,2024-04-26,2024-04-27,CUST-0015,PRD-004,R101,Distributor,PayPal,1,2199,0.15,1869.15,1400,469.15
ORD-2024-01842,2024-04-26,2024-04-29,CUST-0040,PRD-005,R106,Online,Cash,2,39,0.05,74.1,30,44.1
ORD-2024-01958,2024-04-26,2024-04-28,CUST-0163,PRD-014,R106,Distributor,Bank Transfer,4,22,0.05,83.6,32,51.6
ORD-2024-02390,2024-04-26,2024-05-01,CUST-0142,PRD-027,R104,In-Store,PayPal,1,260,0.1,234,115,119
ORD-2024-01214,2024-04-27,2024-05-02,CUST-0064,PRD-024,R101,Online,PayPal,3,549,0.15,1399.95,720,679.95
ORD-2024-03116,2024-04-27,2024-05-02,CUST-0198,PRD-001,R101,Online,PayPal,4,999,0,3996,2600,1396
ORD-2024-03086,2024-04-28,2024-04-30,CUST-0051,PRD-005,R101,Distributor,Credit Card,5,39,0,195,75,120
ORD-2024-03454,2024-04-28,2024-05-02,CUST-0171,PRD-002,R103,Online,Credit Card,3,1699,0,5097,3300,1797
ORD-2024-00481,2024-04-29,2024-05-04,CUST-0211,PRD-001,R107,In-Store,Bank Transfer,4,999,0,3996,2600,1396
ORD-2024-02524,2024-04-29,2024-05-04,CUST-0003,PRD-022,R105,In-Store,PayPal,1,450,0,450,210,240
ORD-2024-01031,2024-04-30,2024-05-04,CUST-0081,PRD-007,R104,In-Store,Bank Transfer,6,129,0,774,330,444
ORD-2024-01066,2024-04-30,2024-05-01,CUST-0194,PRD-011,R101,In-Store,PayPal,4,499,0.05,1896.2,1040,856.2
ORD-2024-01460,2024-04-30,2024-05-03,CUST-0184,PRD-025,R107,Distributor,Cash,5,620,0,3100,1450,1650
ORD-2024-01988,2024-04-30,2024-05-05,CUST-0180,PRD-009,R104,Distributor,Credit Card,2,329,0,658,360,298
ORD-2024-02514,2024-04-30,2024-05-04,CUST-0004,PRD-008,R104,Distributor,PayPal,4,49,0.05,186.2,72,114.2
ORD-2024-02596,2024-04-30,2024-05-02,CUST-0041,PRD-023,R104,In-Store,Cash,2,149,0.05,283.1,130,153.1
ORD-2024-00058,2024-05-02,2024-05-04,CUST-0005,PRD-028,R106,Distributor,Credit Card,2,135,0.15,229.5,120,109.5
ORD-2024-00455,2024-05-02,2024-05-04,CUST-0229,PRD-015,R106,In-Store,PayPal,6,15,0,90,30,60
ORD-2024-02838,2024-05-02,2024-05-04,CUST-0142,PRD-005,R108,Online,Credit Card,4,39,0.05,148.2,60,88.2
ORD-2024-01441,2024-05-03,2024-05-07,CUST-0165,PRD-017,R102,In-Store,PayPal,6,139,0.2,667.2,390,277.2
ORD-2024-01875,2024-05-03,2024-05-06,CUST-0073,PRD-017,R106,Online,Bank Transfer,6,139,0.1,750.6,390,360.6
ORD-2024-02516,2024-05-03,2024-05-07,CUST-0011,PRD-015,R106,Distributor,Bank Transfer,3,15,0,45,15,30
ORD-2024-00367,2024-05-04,2024-05-05,CUST-0226,PRD-011,R103,In-Store,Cash,3,499,0.15,1272.45,780,492.45
ORD-2024-00675,2024-05-04,2024-05-05,CUST-0051,PRD-008,R101,Distributor,Cash,5,49,0,245,90,155
ORD-2024-03102,2024-05-04,2024-05-08,CUST-0210,PRD-020,R101,Online,Credit Card,5,230,0.1,1035,550,485
ORD-2024-02614,2024-05-06,2024-05-10,CUST-0250,PRD-006,R103,In-Store,Credit Card,1,89,0.1,80.1,35,45.1
ORD-2024-00214,2024-05-08,2024-05-13,CUST-0040,PRD-002,R103,Distributor,Bank Transfer,4,1699,0,6796,4400,2396
ORD-2024-01402,2024-05-08,2024-05-12,CUST-0123,PRD-025,R106,In-Store,Cash,2,620,0.2,992,580,412
ORD-2024-01612,2024-05-08,2024-05-09,CUST-0033,PRD-008,R102,In-Store,Credit Card,3,49,0.05,139.65,54,85.65
ORD-2024-01993,2024-05-08,2024-05-09,CUST-0181,PRD-014,R106,Distributor,Credit Card,5,22,0.05,104.5,40,64.5
ORD-2024-02136,2024-05-08,2024-05-10,CUST-0037,PRD-022,R106,Distributor,PayPal,5,450,0,2250,1050,1200
ORD-2024-02419,2024-05-08,2024-05-09,CUST-0215,PRD-025,R108,Online,Cash,3,620,0.05,1767,870,897
ORD-2024-01008,2024-05-09,2024-05-14,CUST-0180,PRD-011,R106,In-Store,Cash,1,499,0,499,260,239
ORD-2024-01985,2024-05-09,2024-05-14,CUST-0193,PRD-006,R104,Distributor,Credit Card,2,89,0.15,151.3,70,81.3
ORD-2024-00304,2024-05-10,2024-05-14,CUST-0241,PRD-012,R104,Online,Cash,6,199,0,1194,540,654
ORD-2024-00315,2024-05-11,2024-05-13,CUST-0020,PRD-007,R101,Online,Bank Transfer,5,129,0,645,275,370
ORD-2024-00454,2024-05-11,2024-05-13,CUST-0191,PRD-028,R106,In-Store,Cash,3,135,0,405,180,225
ORD-2024-03009,2024-05-11,2024-05-16,CUST-0214,PRD-002,R102,Distributor,Bank Transfer,4,1699,0,6796,4400,2396
ORD-2024-01485,2024-05-12,2024-05-13,CUST-0139,PRD-016,R101,Online,Credit Card,5,24,0.05,114,45,69
ORD-2024-02607,2024-05-12,2024-05-13,CUST-0075,PRD-002,R106,Online,Credit Card,6,1699,0.2,8155.2,6600,1555.2
ORD-2024-01800,2024-05-13,2024-05-17,CUST-0230,PRD-013,R106,Online,Cash,5,28,0.2,112,70,42
ORD-2024-02472,2024-05-13,2024-05-18,CUST-0246,PRD-008,R107,Online,Credit Card,1,49,0.15,41.65,18,23.65
ORD-2024-02478,2024-05-13,2024-05-18,CUST-0096,PRD-026,R102,Distributor,Credit Card,6,210,0.05,1197,570,627
ORD-2024-02933,2024-05-13,2024-05-14,CUST-0117,PRD-021,R105,Online,Cash,5,289,0,1445,600,845
ORD-2024-00369,2024-05-14,2024-05-19,CUST-0203,PRD-020,R101,Online,PayPal,3,230,0,690,330,360
ORD-2024-00659,2024-05-14,2024-05-18,CUST-0161,PRD-012,R101,Online,PayPal,5,199,0.05,945.25,450,495.25
ORD-2024-00811,2024-05-14,2024-05-18,CUST-0219,PRD-005,R106,Distributor,Bank Transfer,5,39,0.05,185.25,75,110.25
ORD-2024-01399,2024-05-14,2024-05-17,CUST-0118,PRD-001,R102,In-Store,Bank Transfer,6,999,0,5994,3900,2094
ORD-2024-01479,2024-05-14,2024-05-16,CUST-0079,PRD-026,R101,Online,Credit Card,4,210,0.05,798,380,418
ORD-2024-02717,2024-05-14,2024-05-17,CUST-0117,PRD-028,R106,In-Store,Credit Card,2,135,0,270,120,150
ORD-2024-02750,2024-05-14,2024-05-18,CUST-0107,PRD-025,R108,Distributor,PayPal,2,620,0,1240,580,660
ORD-2024-02035,2024-05-15,2024-05-17,CUST-0188,PRD-009,R103,Online,Credit Card,6,329,0,1974,1080,894
ORD-2024-02914,2024-05-15,2024-05-16,CUST-0203,PRD-028,R108,In-Store,Bank Transfer,5,135,0,675,300,375
ORD-2024-00422,2024-05-16,2024-05-21,CUST-0086,PRD-002,R106,Distributor,Credit Card,4,1699,0,6796,4400,2396
ORD-2024-00473,2024-05-16,2024-05-18,CUST-0119,PRD-005,R107,Distributor,Credit Card,6,39,0.05,222.3,90,132.3
ORD-2024-00770,2024-05-16,2024-05-18,CUST-0159,PRD-027,R108,In-Store,Bank Transfer,2,260,0,520,230,290
ORD-2024-02305,2024-05-16,2024-05-20,CUST-0108,PRD-024,R102,In-Store,Credit Card,4,549,0.15,1866.6,960,906.6
ORD-2024-03354,2024-05-16,2024-05-19,CUST-0063,PRD-028,R106,In-Store,PayPal,5,135,0.05,641.25,300,341.25
ORD-2024-02195,2024-05-17,2024-05-22,CUST-0248,PRD-013,R103,Distributor,Bank Transfer,1,28,0.05,26.6,14,12.6
ORD-2024-03077,2024-05-17,2024-05-22,CUST-0072,PRD-021,R105,Online,Credit Card,1,289,0,289,120,169
ORD-2024-00047,2024-05-18,2024-05-23,CUST-0206,PRD-012,R103,In-Store,Credit Card,1,199,0,199,90,109
ORD-2024-00743,2024-05-18,2024-05-23,CUST-0042,PRD-018,R107,In-Store,Bank Transfer,5,85,0.1,382.5,200,182.5
ORD-2024-03485,2024-05-18,2024-05-23,CUST-0018,PRD-014,R108,In-Store,Credit Card,1,22,0.15,18.7,8,10.7
ORD-2024-01051,2024-05-19,2024-05-21,CUST-0019,PRD-025,R102,Distributor,Bank Transfer,5,620,0,3100,1450,1650
ORD-2024-01508,2024-05-19,2024-05-22,CUST-0020,PRD-013,R105,In-Store,Credit Card,5,28,0.15,119,70,49
ORD-2024-01794,2024-05-19,2024-05-24,CUST-0144,PRD-018,R101,Distributor,Bank Transfer,5,85,0.05,403.75,200,203.75
ORD-2024-02217,2024-05-19,2024-05-20,CUST-0076,PRD-001,R106,Distributor,Bank Transfer,1,999,0.05,949.05,650,299.05
ORD-2024-02603,2024-05-19,2024-05-23,CUST-0042,PRD-004,R102,Online,Credit Card,6,2199,0.05,12534.3,8400,4134.3
ORD-2024-00212,2024-05-20,2024-05-23,CUST-0097,PRD-027,R102,In-Store,Credit Card,4,260,0.1,936,460,476
ORD-2024-00543,2024-05-20,2024-05-24,CUST-0120,PRD-019,R106,Online,PayPal,1,175,0.15,148.75,75,73.75
ORD-2024-01205,2024-05-20,2024-05-23,CUST-0223,PRD-007,R101,In-Store,PayPal,4,129,0.1,464.4,220,244.4
ORD-2024-02786,2024-05-20,2024-05-25,CUST-0108,PRD-022,R108,Distributor,Credit Card,2,450,0.2,720,420,300
ORD-2024-03111,2024-05-20,2024-05-25,CUST-0103,PRD-010,R107,Distributor,PayPal,6,799,0.2,3835.2,2520,1315.2
ORD-2024-00395,2024-05-21,2024-05-26,CUST-0029,PRD-026,R108,Online,Cash,4,210,0,840,380,460
ORD-2024-01175,2024-05-21,2024-05-24,CUST-0010,PRD-019,R104,In-Store,Bank Transfer,4,175,0.05,665,300,365
ORD-2024-02410,2024-05-21,2024-05-26,CUST-0224,PRD-007,R101,Online,Bank Transfer,4,129,0.05,490.2,220,270.2
ORD-2024-02574,2024-05-21,2024-05-23,CUST-0107,PRD-023,R106,Distributor,PayPal,5,149,0,745,325,420
ORD-2024-02997,2024-05-21,2024-05-24,CUST-0044,PRD-018,R106,Distributor,Credit Card,4,85,0.1,306,160,146
ORD-2024-00433,2024-05-22,2024-05-25,CUST-0180,PRD-022,R103,Distributor,Cash,1,450,0,450,210,240
ORD-2024-01408,2024-05-22,2024-05-27,CUST-0024,PRD-021,R101,Distributor,Credit Card,4,289,0.2,924.8,480,444.8
ORD-2024-00358,2024-05-23,2024-05-26,CUST-0021,PRD-009,R108,Distributor,Credit Card,6,329,0.2,1579.2,1080,499.2
ORD-2024-01117,2024-05-24,2024-05-26,CUST-0149,PRD-020,R108,Distributor,Credit Card,1,230,0.05,218.5,110,108.5
ORD-2024-01325,2024-05-24,2024-05-25,CUST-0042,PRD-028,R104,In-Store,Cash,5,135,0.2,540,300,240
ORD-2024-02942,2024-05-24,2024-05-29,CUST-0195,PRD-009,R104,In-Store,PayPal,5,329,0.2,1316,900,416
ORD-2024-03427,2024-05-24,2024-05-28,CUST-0081,PRD-015,R104,In-Store,Bank Transfer,4,15,0.2,48,20,28
ORD-2024-00285,2024-05-25,2024-05-27,CUST-0007,PRD-001,R105,Online,Cash,4,999,0,3996,2600,1396
ORD-2024-00383,2024-05-25,2024-05-26,CUST-0225,PRD-001,R102,Distributor,Bank Transfer,3,999,0.05,2847.15,1950,897.15
ORD-2024-00646,2024-05-25,2024-05-27,CUST-0203,PRD-003,R107,In-Store,PayPal,5,749,0.2,2996,2400,596
ORD-2024-01494,2024-05-25,2024-05-26,CUST-0196,PRD-018,R101,Online,PayPal,3,85,0.15,216.75,120,96.75
ORD-2024-01939,2024-05-25,2024-05-27,CUST-0123,PRD-022,R103,Online,Credit Card,6,450,0.1,2430,1260,1170
ORD-2024-00789,2024-05-26,2024-05-31,CUST-0094,PRD-013,R101,Distributor,Cash,4,28,0,112,56,56
ORD-2024-03219,2024-05-26,2024-05-31,CUST-0244,PRD-003,R107,In-Store,Bank Transfer,2,749,0.1,1348.2,960,388.2
ORD-2024-00176,2024-05-27,2024-06-01,CUST-0058,PRD-013,R106,In-Store,PayPal,5,28,0.2,112,70,42
ORD-2024-02783,2024-05-27,2024-05-30,CUST-0137,PRD-012,R106,In-Store,Bank Transfer,6,199,0,1194,540,654
ORD-2024-03424,2024-05-27,2024-05-29,CUST-0031,PRD-015,R102,Distributor,Credit Card,3,15,0.1,40.5,15,25.5
ORD-2024-02314,2024-05-28,2024-06-01,CUST-0103,PRD-012,R104,Online,PayPal,5,199,0,995,450,545
ORD-2024-01442,2024-05-29,2024-05-31,CUST-0075,PRD-013,R104,Online,Bank Transfer,2,28,0.1,50.4,28,22.4
ORD-2024-01493,2024-05-30,2024-06-02,CUST-0160,PRD-024,R102,In-Store,Bank Transfer,4,549,0.05,2086.2,960,1126.2
ORD-2024-03017,2024-05-31,2024-06-04,CUST-0017,PRD-016,R107,In-Store,Cash,4,24,0.05,91.2,36,55.2
ORD-2024-01093,2024-06-01,2024-06-03,CUST-0114,PRD-013,R101,Online,PayPal,3,28,0,84,42,42
ORD-2024-02436,2024-06-01,2024-06-05,CUST-0001,PRD-028,R106,Online,Credit Card,5,135,0,675,300,375
ORD-2024-03422,2024-06-01,2024-06-04,CUST-0195,PRD-023,R103,In-Store,PayPal,1,149,0,149,65,84
ORD-2024-03430,2024-06-01,2024-06-02,CUST-0107,PRD-026,R101,In-Store,Cash,3,210,0,630,285,345
ORD-2024-03378,2024-06-02,2024-06-04,CUST-0074,PRD-013,R102,In-Store,PayPal,1,28,0,28,14,14
ORD-2024-01284,2024-06-03,2024-06-08,CUST-0162,PRD-013,R102,In-Store,Credit Card,5,28,0.1,126,70,56
ORD-2024-01546,2024-06-03,2024-06-07,CUST-0234,PRD-006,R103,In-Store,Cash,6,89,0.05,507.3,210,297.3
ORD-2024-01805,2024-06-03,2024-06-07,CUST-0203,PRD-007,R101,In-Store,Cash,5,129,0.1,580.5,275,305.5
ORD-2024-02346,2024-06-03,2024-06-07,CUST-0046,PRD-004,R103,Distributor,PayPal,2,2199,0,4398,2800,1598
ORD-2024-00124,2024-06-04,2024-06-07,CUST-0003,PRD-019,R104,Distributor,Credit Card,1,175,0.05,166.25,75,91.25
ORD-2024-00673,2024-06-04,2024-06-06,CUST-0198,PRD-004,R103,In-Store,PayPal,5,2199,0,10995,7000,3995
ORD-2024-01095,2024-06-04,2024-06-09,CUST-0184,PRD-024,R106,In-Store,Bank Transfer,4,549,0,2196,960,1236
ORD-2024-01380,2024-06-04,2024-06-06,CUST-0003,PRD-007,R108,In-Store,PayPal,1,129,0.05,122.55,55,67.55
ORD-2024-01879,2024-06-04,2024-06-05,CUST-0126,PRD-005,R105,Online,Cash,5,39,0.1,175.5,75,100.5
ORD-2024-02048,2024-06-04,2024-06-05,CUST-0063,PRD-027,R105,Distributor,Bank Transfer,6,260,0,1560,690,870
ORD-2024-00761,2024-06-05,2024-06-06,CUST-0239,PRD-020,R101,In-Store,Credit Card,5,230,0,1150,550,600
ORD-2024-02352,2024-06-05,2024-06-07,CUST-0077,PRD-017,R106,In-Store,Cash,6,139,0.05,792.3,390,402.3
ORD-2024-02733,2024-06-05,2024-06-06,CUST-0146,PRD-023,R104,In-Store,Credit Card,6,149,0,894,390,504
ORD-2024-02913,2024-06-05,2024-06-06,CUST-0202,PRD-017,R108,Distributor,Bank Transfer,2,139,0.05,264.1,130,134.1
ORD-2024-01120,2024-06-06,2024-06-10,CUST-0058,PRD-005,R103,Distributor,Bank Transfer,6,39,0.05,222.3,90,132.3
ORD-2024-01575,2024-06-06,2024-06-10,CUST-0057,PRD-025,R101,In-Store,PayPal,4,620,0.15,2108,1160,948
ORD-2024-01009,2024-06-07,2024-06-11,CUST-0227,PRD-011,R106,In-Store,Cash,3,499,0.1,1347.3,780,567.3
ORD-2024-01108,2024-06-07,2024-06-09,CUST-0011,PRD-011,R107,In-Store,Bank Transfer,6,499,0,2994,1560,1434
ORD-2024-01633,2024-06-07,2024-06-08,CUST-0230,PRD-004,R105,In-Store,Bank Transfer,6,2199,0.05,12534.3,8400,4134.3
ORD-2024-01701,2024-06-07,2024-06-12,CUST-0216,PRD-026,R104,In-Store,Bank Transfer,1,210,0,210,95,115
ORD-2024-02179,2024-06-07,2024-06-11,CUST-0148,PRD-013,R102,Online,Bank Transfer,2,28,0.1,50.4,28,22.4
ORD-2024-02560,2024-06-07,2024-06-10,CUST-0156,PRD-005,R106,In-Store,Credit Card,1,39,0.15,33.15,15,18.15
ORD-2024-03465,2024-06-07,2024-06-09,CUST-0122,PRD-012,R104,In-Store,Credit Card,1,199,0.05,189.05,90,99.05
ORD-2024-02375,2024-06-08,2024-06-12,CUST-0125,PRD-008,R102,Online,Bank Transfer,1,49,0.15,41.65,18,23.65
ORD-2024-03225,2024-06-08,2024-06-09,CUST-0031,PRD-007,R105,Distributor,PayPal,6,129,0.1,696.6,330,366.6
ORD-2024-00733,2024-06-09,2024-06-11,CUST-0076,PRD-023,R105,Distributor,Cash,5,149,0.15,633.25,325,308.25
ORD-2024-00928,2024-06-09,2024-06-13,CUST-0007,PRD-013,R107,Online,Cash,3,28,0.2,67.2,42,25.2
ORD-2024-03127,2024-06-09,2024-06-13,CUST-0227,PRD-011,R101,In-Store,Cash,2,499,0.05,948.1,520,428.1
ORD-2024-00982,2024-06-11,2024-06-12,CUST-0165,PRD-025,R103,Online,Cash,2,620,0.1,1116,580,536
ORD-2024-01326,2024-06-11,2024-06-16,CUST-0197,PRD-014,R101,Distributor,Cash,6,22,0,132,48,84
ORD-2024-02178,2024-06-11,2024-06-13,CUST-0203,PRD-019,R104,In-Store,Bank Transfer,4,175,0,700,300,400
ORD-2024-02361,2024-06-11,2024-06-13,CUST-0197,PRD-027,R104,In-Store,Bank Transfer,3,260,0.1,702,345,357
ORD-2024-02598,2024-06-11,2024-06-15,CUST-0162,PRD-012,R108,In-Store,Cash,5,199,0.05,945.25,450,495.25
ORD-2024-00588,2024-06-12,2024-06-17,CUST-0008,PRD-028,R102,Online,Cash,2,135,0,270,120,150
ORD-2024-00803,2024-06-12,2024-06-14,CUST-0004,PRD-021,R102,Online,Cash,6,289,0,1734,720,1014
ORD-2024-01908,2024-06-12,2024-06-15,CUST-0200,PRD-008,R108,In-Store,Cash,3,49,0.15,124.95,54,70.95
ORD-2024-01420,2024-06-13,2024-06-16,CUST-0237,PRD-028,R104,Distributor,Cash,5,135,0.05,641.25,300,341.25
ORD-2024-01727,2024-06-13,2024-06-16,CUST-0099,PRD-004,R108,In-Store,Credit Card,4,2199,0,8796,5600,3196
ORD-2024-01743,2024-06-13,2024-06-18,CUST-0053,PRD-002,R107,In-Store,Bank Transfer,3,1699,0.05,4842.15,3300,1542.15
ORD-2024-00560,2024-06-14,2024-06-19,CUST-0225,PRD-015,R105,Distributor,Credit Card,1,15,0,15,5,10
ORD-2024-00608,2024-06-14,2024-06-15,CUST-0087,PRD-025,R102,Distributor,PayPal,3,620,0,1860,870,990
ORD-2024-03341,2024-06-14,2024-06-16,CUST-0231,PRD-009,R104,Distributor,Cash,4,329,0,1316,720,596
ORD-2024-03343,2024-06-14,2024-06-18,CUST-0215,PRD-020,R108,In-Store,Bank Transfer,4,230,0,920,440,480
ORD-2024-01077,2024-06-15,2024-06-16,CUST-0065,PRD-021,R107,Online,Credit Card,2,289,0.1,520.2,240,280.2
ORD-2024-02440,2024-06-15,2024-06-19,CUST-0137,PRD-007,R107,Distributor,Cash,6,129,0,774,330,444
ORD-2024-00494,2024-06-16,2024-06-18,CUST-0052,PRD-002,R103,In-Store,Bank Transfer,3,1699,0.1,4587.3,3300,1287.3
ORD-2024-01149,2024-06-16,2024-06-20,CUST-0238,PRD-027,R101,Online,Bank Transfer,6,260,0.2,1248,690,558
ORD-2024-01611,2024-06-16,2024-06-20,CUST-0164,PRD-012,R104,Distributor,PayPal,4,199,0.05,756.2,360,396.2
ORD-2024-02694,2024-06-16,2024-06-20,CUST-0231,PRD-008,R105,In-Store,Cash,1,49,0.15,41.65,18,23.65
ORD-2024-00821,2024-06-17,2024-06-18,CUST-0014,PRD-019,R106,In-Store,Cash,3,175,0.05,498.75,225,273.75
ORD-2024-00950,2024-06-17,2024-06-20,CUST-0053,PRD-024,R105,Distributor,Bank Transfer,6,549,0.05,3129.3,1440,1689.3
ORD-2024-00137,2024-06-18,2024-06-21,CUST-0225,PRD-013,R101,Distributor,Bank Transfer,5,28,0,140,70,70
ORD-2024-00146,2024-06-18,2024-06-21,CUST-0098,PRD-006,R106,In-Store,Bank Transfer,1,89,0.05,84.55,35,49.55
ORD-2024-00441,2024-06-18,2024-06-23,CUST-0043,PRD-004,R106,In-Store,PayPal,6,2199,0.15,11214.9,8400,2814.9
ORD-2024-02117,2024-06-18,2024-06-19,CUST-0001,PRD-005,R108,Online,PayPal,6,39,0.05,222.3,90,132.3
ORD-2024-02246,2024-06-18,2024-06-21,CUST-0057,PRD-022,R105,Online,PayPal,1,450,0.05,427.5,210,217.5
ORD-2024-02708,2024-06-18,2024-06-19,CUST-0043,PRD-020,R102,Distributor,PayPal,6,230,0.1,1242,660,582
ORD-2024-00107,2024-06-19,2024-06-24,CUST-0213,PRD-011,R105,Online,Credit Card,3,499,0,1497,780,717
ORD-2024-01392,2024-06-19,2024-06-22,CUST-0028,PRD-012,R105,Distributor,Bank Transfer,1,199,0,199,90,109
ORD-2024-02416,2024-06-19,2024-06-24,CUST-0017,PRD-011,R105,Distributor,Bank Transfer,1,499,0.05,474.05,260,214.05
ORD-2024-02485,2024-06-19,2024-06-22,CUST-0213,PRD-026,R106,In-Store,Cash,2,210,0.15,357,190,167
ORD-2024-00366,2024-06-20,2024-06-24,CUST-0147,PRD-011,R107,Distributor,Credit Card,6,499,0.05,2844.3,1560,1284.3
ORD-2024-01728,2024-06-20,2024-06-21,CUST-0142,PRD-010,R103,In-Store,Cash,1,799,0,799,420,379
ORD-2024-01884,2024-06-20,2024-06-22,CUST-0229,PRD-001,R107,In-Store,Bank Transfer,2,999,0.05,1898.1,1300,598.1
ORD-2024-01999,2024-06-20,2024-06-23,CUST-0108,PRD-002,R106,Distributor,Credit Card,1,1699,0,1699,1100,599
ORD-2024-02073,2024-06-20,2024-06-22,CUST-0073,PRD-001,R108,In-Store,Cash,3,999,0.05,2847.15,1950,897.15
ORD-2024-02222,2024-06-20,2024-06-21,CUST-0043,PRD-024,R105,Online,PayPal,2,549,0.1,988.2,480,508.2
ORD-2024-02757,2024-06-20,2024-06-24,CUST-0045,PRD-008,R103,In-Store,Credit Card,1,49,0,49,18,31
ORD-2024-03209,2024-06-20,2024-06-23,CUST-0068,PRD-018,R101,Online,PayPal,6,85,0,510,240,270
ORD-2024-01139,2024-06-21,2024-06-26,CUST-0184,PRD-021,R107,Online,Cash,5,289,0.1,1300.5,600,700.5
ORD-2024-00866,2024-06-22,2024-06-24,CUST-0225,PRD-019,R105,In-Store,PayPal,5,175,0.2,700,375,325
ORD-2024-02860,2024-06-22,2024-06-26,CUST-0214,PRD-002,R103,Online,Cash,5,1699,0,8495,5500,2995
ORD-2024-02900,2024-06-22,2024-06-26,CUST-0146,PRD-019,R106,Online,Bank Transfer,6,175,0,1050,450,600
ORD-2024-00444,2024-06-23,2024-06-25,CUST-0044,PRD-024,R106,Distributor,Credit Card,3,549,0.1,1482.3,720,762.3
ORD-2024-01613,2024-06-23,2024-06-26,CUST-0189,PRD-018,R104,Online,PayPal,5,85,0.05,403.75,200,203.75
ORD-2024-01945,2024-06-23,2024-06-27,CUST-0220,PRD-012,R101,In-Store,PayPal,4,199,0,796,360,436
ORD-2024-02459,2024-06-23,2024-06-25,CUST-0040,PRD-026,R102,Distributor,Credit Card,5,210,0,1050,475,575
ORD-2024-02575,2024-06-23,2024-06-25,CUST-0145,PRD-015,R106,Distributor,PayPal,5,15,0,75,25,50
ORD-2024-02785,2024-06-23,2024-06-27,CUST-0116,PRD-008,R102,Online,Credit Card,2,49,0.05,93.1,36,57.1
ORD-2024-00937,2024-06-24,2024-06-28,CUST-0015,PRD-002,R104,In-Store,PayPal,5,1699,0.15,7220.75,5500,1720.75
ORD-2024-01228,2024-06-24,2024-06-25,CUST-0063,PRD-004,R108,Online,PayPal,1,2199,0,2199,1400,799
ORD-2024-02279,2024-06-24,2024-06-26,CUST-0228,PRD-006,R105,Online,Credit Card,1,89,0.1,80.1,35,45.1
ORD-2024-01518,2024-06-25,2024-06-27,CUST-0039,PRD-007,R108,Distributor,Bank Transfer,3,129,0.1,348.3,165,183.3
ORD-2024-01863,2024-06-25,2024-06-29,CUST-0206,PRD-020,R102,Online,Credit Card,2,230,0.15,391,220,171
ORD-2024-02749,2024-06-25,2024-06-26,CUST-0181,PRD-011,R104,Online,PayPal,1,499,0.05,474.05,260,214.05
ORD-2024-00788,2024-06-26,2024-07-01,CUST-0193,PRD-015,R103,Distributor,Credit Card,2,15,0.05,28.5,10,18.5
ORD-2024-03487,2024-06-26,2024-07-01,CUST-0071,PRD-013,R101,In-Store,PayPal,1,28,0,28,14,14
ORD-2024-00072,2024-06-27,2024-06-28,CUST-0120,PRD-015,R105,In-Store,PayPal,3,15,0.15,38.25,15,23.25
ORD-2024-01859,2024-06-27,2024-06-29,CUST-0014,PRD-005,R104,Online,Credit Card,1,39,0,39,15,24
ORD-2024-01150,2024-06-28,2024-07-01,CUST-0035,PRD-024,R101,In-Store,PayPal,1,549,0.1,494.1,240,254.1
ORD-2024-03199,2024-06-29,2024-07-02,CUST-0087,PRD-016,R105,Online,Credit Card,2,24,0.2,38.4,18,20.4
ORD-2024-00621,2024-06-30,2024-07-02,CUST-0072,PRD-014,R104,Distributor,Credit Card,1,22,0,22,8,14
ORD-2024-01798,2024-06-30,2024-07-01,CUST-0234,PRD-021,R107,Online,Credit Card,3,289,0,867,360,507
ORD-2024-00612,2024-07-01,2024-07-06,CUST-0179,PRD-003,R101,Distributor,PayPal,5,749,0,3745,2400,1345
ORD-2024-01515,2024-07-01,2024-07-04,CUST-0228,PRD-023,R101,Online,Credit Card,6,149,0.1,804.6,390,414.6
ORD-2024-02545,2024-07-01,2024-07-05,CUST-0175,PRD-006,R108,Distributor,Cash,5,89,0,445,175,270
ORD-2024-00354,2024-07-02,2024-07-05,CUST-0170,PRD-016,R101,Online,Bank Transfer,4,24,0.1,86.4,36,50.4
ORD-2024-01467,2024-07-02,2024-07-06,CUST-0089,PRD-026,R101,Online,PayPal,5,210,0.05,997.5,475,522.5
ORD-2024-02122,2024-07-02,2024-07-05,CUST-0182,PRD-001,R103,Distributor,PayPal,2,999,0.1,1798.2,1300,498.2
ORD-2024-00143,2024-07-03,2024-07-06,CUST-0013,PRD-028,R105,Distributor,PayPal,1,135,0.1,121.5,60,61.5
ORD-2024-00872,2024-07-03,2024-07-07,CUST-0026,PRD-026,R107,In-Store,PayPal,1,210,0,210,95,115
ORD-2024-01114,2024-07-03,2024-07-08,CUST-0169,PRD-007,R107,Online,Credit Card,6,129,0.15,657.9,330,327.9
ORD-2024-01141,2024-07-03,2024-07-04,CUST-0061,PRD-023,R106,Distributor,Credit Card,5,149,0,745,325,420
ORD-2024-00919,2024-07-04,2024-07-07,CUST-0139,PRD-003,R105,Online,PayPal,5,749,0.15,3183.25,2400,783.25
ORD-2024-03100,2024-07-04,2024-07-09,CUST-0230,PRD-008,R103,Distributor,Credit Card,1,49,0.2,39.2,18,21.2
ORD-2024-01387,2024-07-06,2024-07-07,CUST-0022,PRD-008,R106,Distributor,Cash,6,49,0,294,108,186
ORD-2024-02670,2024-07-06,2024-07-11,CUST-0205,PRD-001,R103,In-Store,Bank Transfer,6,999,0,5994,3900,2094
ORD-2024-03476,2024-07-06,2024-07-07,CUST-0108,PRD-015,R104,In-Store,PayPal,1,15,0,15,5,10
ORD-2024-01060,2024-07-07,2024-07-09,CUST-0086,PRD-004,R107,In-Store,PayPal,6,2199,0.15,11214.9,8400,2814.9
ORD-2024-01735,2024-07-07,2024-07-09,CUST-0117,PRD-028,R108,In-Store,Bank Transfer,2,135,0,270,120,150
ORD-2024-02442,2024-07-07,2024-07-11,CUST-0062,PRD-019,R107,In-Store,Cash,4,175,0,700,300,400
ORD-2024-00643,2024-07-08,2024-07-09,CUST-0011,PRD-014,R105,Distributor,Credit Card,1,22,0.05,20.9,8,12.9
ORD-2024-03261,2024-07-08,2024-07-09,CUST-0225,PRD-020,R105,Online,Cash,1,230,0,230,110,120
ORD-2024-03302,2024-07-08,2024-07-11,CUST-0213,PRD-008,R103,In-Store,PayPal,3,49,0.2,117.6,54,63.6
ORD-2024-01289,2024-07-09,2024-07-11,CUST-0091,PRD-025,R105,Distributor,Credit Card,3,620,0.05,1767,870,897
ORD-2024-01333,2024-07-09,2024-07-10,CUST-0248,PRD-008,R107,Online,Bank Transfer,2,49,0,98,36,62
ORD-2024-02533,2024-07-09,2024-07-10,CUST-0157,PRD-024,R102,Distributor,Bank Transfer,2,549,0.05,1043.1,480,563.1
ORD-2024-02564,2024-07-09,2024-07-10,CUST-0249,PRD-010,R102,In-Store,Bank Transfer,4,799,0.1,2876.4,1680,1196.4
ORD-2024-00959,2024-07-10,2024-07-14,CUST-0123,PRD-014,R104,Distributor,Credit Card,4,22,0.05,83.6,32,51.6
ORD-2024-01699,2024-07-10,2024-07-14,CUST-0063,PRD-006,R106,In-Store,PayPal,2,89,0,178,70,108
ORD-2024-00391,2024-07-11,2024-07-14,CUST-0060,PRD-004,R108,Distributor,PayPal,5,2199,0,10995,7000,3995
ORD-2024-00720,2024-07-11,2024-07-13,CUST-0147,PRD-021,R105,Distributor,PayPal,1,289,0.2,231.2,120,111.2
ORD-2024-01594,2024-07-11,2024-07-16,CUST-0192,PRD-023,R108,Online,Bank Transfer,1,149,0.1,134.1,65,69.1
ORD-2024-02251,2024-07-11,2024-07-14,CUST-0038,PRD-016,R107,Online,Cash,2,24,0,48,18,30
ORD-2024-03244,2024-07-11,2024-07-16,CUST-0140,PRD-023,R108,In-Store,Cash,2,149,0,298,130,168
ORD-2024-03278,2024-07-11,2024-07-15,CUST-0056,PRD-022,R103,In-Store,Credit Card,1,450,0,450,210,240
ORD-2024-02194,2024-07-12,2024-07-17,CUST-0122,PRD-009,R108,Distributor,Bank Transfer,2,329,0,658,360,298
ORD-2024-03183,2024-07-12,2024-07-13,CUST-0221,PRD-024,R103,Online,Bank Transfer,4,549,0,2196,960,1236
ORD-2024-03467,2024-07-12,2024-07-17,CUST-0088,PRD-013,R102,Distributor,Bank Transfer,6,28,0,168,84,84
ORD-2024-00638,2024-07-13,2024-07-17,CUST-0059,PRD-007,R106,Distributor,PayPal,3,129,0,387,165,222
ORD-2024-00945,2024-07-13,2024-07-16,CUST-0072,PRD-014,R106,In-Store,Credit Card,4,22,0,88,32,56
ORD-2024-02420,2024-07-13,2024-07-16,CUST-0157,PRD-001,R108,In-Store,Cash,3,999,0.2,2397.6,1950,447.6
ORD-2024-02604,2024-07-13,2024-07-14,CUST-0158,PRD-022,R106,In-Store,Credit Card,4,450,0,1800,840,960
ORD-2024-03016,2024-07-13,2024-07-16,CUST-0194,PRD-006,R108,Online,PayPal,1,89,0,89,35,54
ORD-2024-01296,2024-07-14,2024-07-19,CUST-0153,PRD-003,R106,Online,Cash,3,749,0,2247,1440,807
ORD-2024-01636,2024-07-14,2024-07-16,CUST-0161,PRD-010,R103,Distributor,Credit Card,6,799,0.05,4554.3,2520,2034.3
ORD-2024-02011,2024-07-14,2024-07-18,CUST-0045,PRD-004,R101,Online,Cash,4,2199,0.15,7476.6,5600,1876.6
ORD-2024-02108,2024-07-14,2024-07-19,CUST-0007,PRD-017,R104,Distributor,Credit Card,3,139,0,417,195,222
ORD-2024-00406,2024-07-15,2024-07-17,CUST-0094,PRD-017,R107,In-Store,PayPal,2,139,0.1,250.2,130,120.2
ORD-2024-00169,2024-07-16,2024-07-20,CUST-0003,PRD-013,R107,In-Store,Bank Transfer,2,28,0.2,44.8,28,16.8
ORD-2024-03042,2024-07-16,2024-07-17,CUST-0130,PRD-024,R104,Online,Credit Card,2,549,0,1098,480,618
ORD-2024-01250,2024-07-17,2024-07-20,CUST-0005,PRD-026,R104,Distributor,Cash,1,210,0,210,95,115
ORD-2024-02800,2024-07-17,2024-07-22,CUST-0184,PRD-020,R101,In-Store,Credit Card,3,230,0.05,655.5,330,325.5
ORD-2024-00556,2024-07-18,2024-07-23,CUST-0177,PRD-003,R103,In-Store,Bank Transfer,5,749,0.1,3370.5,2400,970.5
ORD-2024-00905,2024-07-18,2024-07-21,CUST-0120,PRD-028,R102,Online,Bank Transfer,1,135,0,135,60,75
ORD-2024-01396,2024-07-18,2024-07-23,CUST-0143,PRD-026,R106,Distributor,PayPal,5,210,0,1050,475,575
ORD-2024-00021,2024-07-19,2024-07-24,CUST-0031,PRD-017,R108,In-Store,Credit Card,4,139,0,556,260,296
ORD-2024-00364,2024-07-19,2024-07-22,CUST-0070,PRD-026,R108,Distributor,Bank Transfer,3,210,0.1,567,285,282
ORD-2024-00412,2024-07-19,2024-07-24,CUST-0030,PRD-018,R105,Distributor,Credit Card,6,85,0.2,408,240,168
ORD-2024-02333,2024-07-19,2024-07-20,CUST-0109,PRD-007,R108,Online,Credit Card,6,129,0,774,330,444
ORD-2024-01056,2024-07-20,2024-07-21,CUST-0077,PRD-005,R102,Online,Bank Transfer,5,39,0.15,165.75,75,90.75
ORD-2024-01942,2024-07-20,2024-07-25,CUST-0228,PRD-023,R106,Distributor,Cash,2,149,0,298,130,168
ORD-2024-01643,2024-07-21,2024-07-24,CUST-0092,PRD-001,R107,Distributor,Cash,6,999,0,5994,3900,2094
ORD-2024-01142,2024-07-22,2024-07-23,CUST-0066,PRD-025,R106,Distributor,Bank Transfer,4,620,0.05,2356,1160,1196
ORD-2024-02163,2024-07-22,2024-07-26,CUST-0244,PRD-013,R101,In-Store,Bank Transfer,4,28,0.05,106.4,56,50.4
ORD-2024-00065,2024-07-23,2024-07-26,CUST-0068,PRD-020,R103,In-Store,Cash,3,230,0.2,552,330,222
ORD-2024-01532,2024-07-23,2024-07-24,CUST-0140,PRD-013,R104,Online,Cash,5,28,0,140,70,70
ORD-2024-01596,2024-07-23,2024-07-25,CUST-0160,PRD-007,R102,In-Store,PayPal,1,129,0.15,109.65,55,54.65
ORD-2024-02461,2024-07-23,2024-07-28,CUST-0074,PRD-003,R107,Distributor,Cash,1,749,0.05,711.55,480,231.55
ORD-2024-02869,2024-07-23,2024-07-25,CUST-0206,PRD-015,R102,Online,PayPal,5,15,0.15,63.75,25,38.75
ORD-2024-02480,2024-07-24,2024-07-26,CUST-0001,PRD-011,R107,In-Store,Bank Transfer,4,499,0.05,1896.2,1040,856.2
ORD-2024-00363,2024-07-25,2024-07-26,CUST-0126,PRD-025,R105,Distributor,PayPal,6,620,0.05,3534,1740,1794
ORD-2024-02099,2024-07-25,2024-07-30,CUST-0040,PRD-015,R104,Distributor,Credit Card,3,15,0.05,42.75,15,27.75
ORD-2024-02356,2024-07-25,2024-07-26,CUST-0111,PRD-003,R105,Distributor,Credit Card,5,749,0.05,3557.75,2400,1157.75
ORD-2024-02782,2024-07-25,2024-07-26,CUST-0072,PRD-019,R106,Distributor,PayPal,1,175,0.2,140,75,65
ORD-2024-03479,2024-07-25,2024-07-26,CUST-0104,PRD-011,R102,In-Store,Credit Card,2,499,0,998,520,478
ORD-2024-00497,2024-07-26,2024-07-31,CUST-0226,PRD-023,R101,Online,Credit Card,1,149,0,149,65,84
ORD-2024-00756,2024-07-26,2024-07-29,CUST-0186,PRD-026,R104,Online,PayPal,3,210,0.05,598.5,285,313.5
ORD-2024-00801,2024-07-26,2024-07-31,CUST-0222,PRD-012,R103,Online,PayPal,5,199,0,995,450,545
ORD-2024-02359,2024-07-26,2024-07-28,CUST-0071,PRD-018,R102,Online,Credit Card,4,85,0,340,160,180
ORD-2024-03460,2024-07-26,2024-07-27,CUST-0097,PRD-017,R102,Distributor,Cash,6,139,0,834,390,444
ORD-2024-01293,2024-07-27,2024-08-01,CUST-0098,PRD-001,R102,Distributor,Cash,5,999,0.05,4745.25,3250,1495.25
ORD-2024-02849,2024-07-27,2024-07-28,CUST-0068,PRD-019,R107,In-Store,Bank Transfer,2,175,0,350,150,200
ORD-2024-01419,2024-07-28,2024-07-31,CUST-0095,PRD-021,R104,Online,Cash,1,289,0.05,274.55,120,154.55
ORD-2024-01702,2024-07-28,2024-08-02,CUST-0093,PRD-008,R102,Distributor,Bank Transfer,2,49,0,98,36,62
ORD-2024-02336,2024-07-28,2024-07-30,CUST-0191,PRD-017,R103,In-Store,PayPal,6,139,0.05,792.3,390,402.3
ORD-2024-02368,2024-07-28,2024-07-30,CUST-0099,PRD-002,R107,In-Store,Bank Transfer,5,1699,0.15,7220.75,5500,1720.75
ORD-2024-00993,2024-07-29,2024-08-02,CUST-0142,PRD-021,R107,Online,Credit Card,2,289,0.05,549.1,240,309.1
ORD-2024-02010,2024-07-29,2024-07-31,CUST-0036,PRD-019,R105,In-Store,Credit Card,6,175,0.05,997.5,450,547.5
ORD-2024-03266,2024-07-29,2024-08-01,CUST-0198,PRD-027,R107,Online,Credit Card,5,260,0.1,1170,575,595
ORD-2024-02667,2024-07-30,2024-08-03,CUST-0189,PRD-005,R105,Online,PayPal,4,39,0.1,140.4,60,80.4
ORD-2024-00913,2024-07-31,2024-08-02,CUST-0162,PRD-011,R105,Distributor,Bank Transfer,6,499,0.2,2395.2,1560,835.2
ORD-2024-00935,2024-07-31,2024-08-01,CUST-0209,PRD-003,R101,Distributor,PayPal,5,749,0.05,3557.75,2400,1157.75
ORD-2024-01697,2024-07-31,2024-08-03,CUST-0054,PRD-017,R105,Online,PayPal,5,139,0,695,325,370
ORD-2024-01802,2024-07-31,2024-08-02,CUST-0074,PRD-009,R104,In-Store,PayPal,2,329,0.05,625.1,360,265.1
ORD-2024-03387,2024-07-31,2024-08-05,CUST-0169,PRD-012,R105,Online,Bank Transfer,5,199,0.05,945.25,450,495.25
ORD-2024-00416,2024-08-01,2024-08-03,CUST-0032,PRD-002,R107,Online,Cash,2,1699,0.05,3228.1,2200,1028.1
ORD-2024-01491,2024-08-01,2024-08-06,CUST-0033,PRD-004,R101,In-Store,Credit Card,1,2199,0,2199,1400,799
ORD-2024-02085,2024-08-01,2024-08-06,CUST-0048,PRD-027,R107,In-Store,Bank Transfer,1,260,0.05,247,115,132
ORD-2024-02247,2024-08-01,2024-08-06,CUST-0065,PRD-018,R106,In-Store,Credit Card,6,85,0,510,240,270
ORD-2024-00292,2024-08-02,2024-08-06,CUST-0132,PRD-004,R107,Online,PayPal,4,2199,0,8796,5600,3196
ORD-2024-00520,2024-08-02,2024-08-04,CUST-0025,PRD-023,R102,Online,Bank Transfer,3,149,0.05,424.65,195,229.65
ORD-2024-00562,2024-08-02,2024-08-03,CUST-0210,PRD-006,R104,In-Store,Bank Transfer,4,89,0.2,284.8,140,144.8
ORD-2024-00807,2024-08-02,2024-08-04,CUST-0190,PRD-005,R101,Online,Cash,2,39,0.05,74.1,30,44.1
ORD-2024-02723,2024-08-02,2024-08-05,CUST-0091,PRD-009,R101,Distributor,Credit Card,5,329,0,1645,900,745
ORD-2024-03288,2024-08-02,2024-08-03,CUST-0064,PRD-016,R107,In-Store,Cash,2,24,0.1,43.2,18,25.2
ORD-2024-00251,2024-08-03,2024-08-06,CUST-0149,PRD-003,R106,Online,Bank Transfer,6,749,0,4494,2880,1614
ORD-2024-00437,2024-08-03,2024-08-07,CUST-0062,PRD-018,R103,In-Store,PayPal,2,85,0,170,80,90
ORD-2024-02760,2024-08-03,2024-08-08,CUST-0156,PRD-003,R107,In-Store,Bank Transfer,6,749,0.2,3595.2,2880,715.2
ORD-2024-00136,2024-08-04,2024-08-09,CUST-0214,PRD-004,R101,Online,PayPal,1,2199,0.2,1759.2,1400,359.2
ORD-2024-00654,2024-08-04,2024-08-06,CUST-0231,PRD-002,R101,Online,Bank Transfer,1,1699,0.2,1359.2,1100,259.2
ORD-2024-01204,2024-08-04,2024-08-05,CUST-0112,PRD-011,R103,Distributor,PayPal,2,499,0.15,848.3,520,328.3
ORD-2024-01598,2024-08-05,2024-08-09,CUST-0143,PRD-007,R108,Distributor,Cash,1,129,0,129,55,74
ORD-2024-03015,2024-08-05,2024-08-06,CUST-0152,PRD-017,R108,Distributor,Credit Card,3,139,0.2,333.6,195,138.6
ORD-2024-03297,2024-08-05,2024-08-07,CUST-0128,PRD-028,R104,In-Store,Cash,3,135,0.05,384.75,180,204.75
ORD-2024-00938,2024-08-06,2024-08-09,CUST-0050,PRD-001,R105,In-Store,Cash,4,999,0.1,3596.4,2600,996.4
ORD-2024-01030,2024-08-06,2024-08-09,CUST-0073,PRD-022,R106,Online,Credit Card,5,450,0.1,2025,1050,975
ORD-2024-01318,2024-08-06,2024-08-08,CUST-0051,PRD-004,R107,In-Store,Cash,4,2199,0.2,7036.8,5600,1436.8
ORD-2024-00195,2024-08-07,2024-08-12,CUST-0103,PRD-028,R101,In-Store,Cash,2,135,0.05,256.5,120,136.5
ORD-2024-02497,2024-08-07,2024-08-10,CUST-0136,PRD-009,R104,Distributor,Credit Card,6,329,0.1,1776.6,1080,696.6
ORD-2024-02650,2024-08-07,2024-08-11,CUST-0109,PRD-015,R106,Distributor,PayPal,5,15,0.05,71.25,25,46.25
ORD-2024-01451,2024-08-08,2024-08-13,CUST-0223,PRD-013,R101,Online,Credit Card,4,28,0,112,56,56
ORD-2024-00484,2024-08-09,2024-08-11,CUST-0188,PRD-016,R104,Online,PayPal,1,24,0.05,22.8,9,13.8
ORD-2024-02372,2024-08-09,2024-08-10,CUST-0077,PRD-026,R107,Distributor,Credit Card,1,210,0.05,199.5,95,104.5
ORD-2024-02731,2024-08-09,2024-08-11,CUST-0025,PRD-004,R101,Online,Bank Transfer,4,2199,0.2,7036.8,5600,1436.8
ORD-2024-02790,2024-08-09,2024-08-10,CUST-0209,PRD-019,R105,In-Store,Bank Transfer,3,175,0,525,225,300
ORD-2024-02817,2024-08-09,2024-08-14,CUST-0204,PRD-018,R106,Online,Credit Card,5,85,0.15,361.25,200,161.25
ORD-2024-03049,2024-08-09,2024-08-11,CUST-0193,PRD-006,R107,Online,Credit Card,5,89,0,445,175,270
ORD-2024-00135,2024-08-10,2024-08-11,CUST-0093,PRD-005,R104,Distributor,Bank Transfer,6,39,0.15,198.9,90,108.9
ORD-2024-02261,2024-08-10,2024-08-11,CUST-0206,PRD-004,R104,Online,Credit Card,3,2199,0,6597,4200,2397
ORD-2024-02299,2024-08-10,2024-08-11,CUST-0071,PRD-018,R101,In-Store,Cash,4,85,0.15,289,160,129
ORD-2024-02953,2024-08-10,2024-08-11,CUST-0020,PRD-006,R102,Online,Cash,6,89,0.05,507.3,210,297.3
ORD-2024-03193,2024-08-10,2024-08-13,CUST-0232,PRD-020,R101,Distributor,Bank Transfer,5,230,0.05,1092.5,550,542.5
ORD-2024-00186,2024-08-11,2024-08-15,CUST-0214,PRD-022,R101,In-Store,PayPal,3,450,0.05,1282.5,630,652.5
ORD-2024-02086,2024-08-11,2024-08-14,CUST-0172,PRD-003,R107,Online,Cash,1,749,0.2,599.2,480,119.2
ORD-2024-02447,2024-08-11,2024-08-15,CUST-0196,PRD-005,R101,Distributor,PayPal,2,39,0,78,30,48
ORD-2024-02843,2024-08-11,2024-08-12,CUST-0072,PRD-018,R108,Online,Bank Transfer,1,85,0.05,80.75,40,40.75
ORD-2024-02846,2024-08-11,2024-08-14,CUST-0120,PRD-008,R106,In-Store,PayPal,2,49,0,98,36,62
ORD-2024-01652,2024-08-12,2024-08-13,CUST-0107,PRD-002,R106,In-Store,Bank Transfer,4,1699,0,6796,4400,2396
ORD-2024-02401,2024-08-12,2024-08-17,CUST-0104,PRD-022,R103,Online,PayPal,2,450,0.2,720,420,300
ORD-2024-02151,2024-08-13,2024-08-17,CUST-0230,PRD-018,R105,Distributor,Credit Card,3,85,0.15,216.75,120,96.75
ORD-2024-02792,2024-08-13,2024-08-17,CUST-0126,PRD-006,R103,Distributor,PayPal,5,89,0.05,422.75,175,247.75
ORD-2024-00104,2024-08-14,2024-08-16,CUST-0221,PRD-013,R103,Distributor,Cash,5,28,0.05,133,70,63
ORD-2024-00314,2024-08-14,2024-08-18,CUST-0202,PRD-007,R104,Distributor,Credit Card,3,129,0.05,367.65,165,202.65
ORD-2024-00887,2024-08-14,2024-08-16,CUST-0079,PRD-007,R106,In-Store,Credit Card,1,129,0,129,55,74
ORD-2024-03281,2024-08-14,2024-08-15,CUST-0192,PRD-022,R108,In-Store,Bank Transfer,6,450,0.15,2295,1260,1035
ORD-2024-00969,2024-08-15,2024-08-19,CUST-0095,PRD-006,R104,In-Store,Bank Transfer,2,89,0.05,169.1,70,99.1
ORD-2024-02654,2024-08-15,2024-08-17,CUST-0051,PRD-024,R105,Distributor,Credit Card,6,549,0.2,2635.2,1440,1195.2
ORD-2024-00042,2024-08-16,2024-08-17,CUST-0027,PRD-021,R108,Distributor,Bank Transfer,3,289,0.15,736.95,360,376.95
ORD-2024-00181,2024-08-16,2024-08-20,CUST-0201,PRD-005,R108,Distributor,Cash,5,39,0.2,156,75,81
ORD-2024-01106,2024-08-16,2024-08-19,CUST-0021,PRD-001,R103,In-Store,PayPal,1,999,0,999,650,349
ORD-2024-01683,2024-08-16,2024-08-19,CUST-0128,PRD-001,R108,Distributor,Cash,4,999,0,3996,2600,1396
ORD-2024-03414,2024-08-16,2024-08-21,CUST-0208,PRD-009,R107,In-Store,Cash,4,329,0,1316,720,596
ORD-2024-03495,2024-08-16,2024-08-17,CUST-0043,PRD-022,R107,In-Store,Bank Transfer,5,450,0.1,2025,1050,975
ORD-2024-01436,2024-08-17,2024-08-20,CUST-0096,PRD-012,R103,In-Store,Bank Transfer,6,199,0.05,1134.3,540,594.3
ORD-2024-02273,2024-08-17,2024-08-18,CUST-0185,PRD-025,R103,In-Store,PayPal,3,620,0.15,1581,870,711
ORD-2024-02803,2024-08-17,2024-08-21,CUST-0006,PRD-018,R107,Online,Cash,3,85,0.1,229.5,120,109.5
ORD-2024-00633,2024-08-18,2024-08-23,CUST-0098,PRD-003,R101,Distributor,Credit Card,1,749,0,749,480,269
ORD-2024-01424,2024-08-18,2024-08-20,CUST-0196,PRD-026,R104,Distributor,PayPal,4,210,0.05,798,380,418
ORD-2024-03388,2024-08-18,2024-08-22,CUST-0162,PRD-012,R108,In-Store,Credit Card,2,199,0.05,378.1,180,198.1
ORD-2024-00160,2024-08-19,2024-08-20,CUST-0203,PRD-014,R108,In-Store,PayPal,1,22,0.2,17.6,8,9.6
ORD-2024-02938,2024-08-19,2024-08-23,CUST-0021,PRD-020,R104,Distributor,Cash,4,230,0.1,828,440,388
ORD-2024-00778,2024-08-20,2024-08-24,CUST-0176,PRD-008,R104,Distributor,Credit Card,1,49,0,49,18,31
ORD-2024-01312,2024-08-20,2024-08-25,CUST-0081,PRD-021,R105,In-Store,Credit Card,1,289,0,289,120,169
ORD-2024-02618,2024-08-20,2024-08-23,CUST-0020,PRD-020,R108,Online,Credit Card,4,230,0,920,440,480
ORD-2024-03155,2024-08-20,2024-08-25,CUST-0161,PRD-009,R108,Distributor,Cash,6,329,0,1974,1080,894
ORD-2024-00349,2024-08-21,2024-08-24,CUST-0130,PRD-014,R108,Online,PayPal,6,22,0.05,125.4,48,77.4
ORD-2024-01814,2024-08-21,2024-08-25,CUST-0134,PRD-008,R108,Distributor,Cash,1,49,0.2,39.2,18,21.2
ORD-2024-02389,2024-08-21,2024-08-24,CUST-0102,PRD-012,R103,Online,PayPal,2,199,0.2,318.4,180,138.4
ORD-2024-03052,2024-08-21,2024-08-25,CUST-0231,PRD-002,R105,Online,PayPal,3,1699,0,5097,3300,1797
ORD-2024-01963,2024-08-22,2024-08-24,CUST-0165,PRD-022,R107,Online,Bank Transfer,4,450,0.15,1530,840,690
ORD-2024-02344,2024-08-22,2024-08-25,CUST-0145,PRD-005,R102,In-Store,PayPal,3,39,0,117,45,72
ORD-2024-02724,2024-08-22,2024-08-24,CUST-0013,PRD-009,R104,Online,Credit Card,3,329,0.1,888.3,540,348.3
ORD-2024-00215,2024-08-23,2024-08-28,CUST-0202,PRD-001,R104,In-Store,PayPal,2,999,0,1998,1300,698
ORD-2024-00722,2024-08-23,2024-08-24,CUST-0079,PRD-021,R106,Distributor,Cash,6,289,0,1734,720,1014
ORD-2024-01218,2024-08-23,2024-08-26,CUST-0189,PRD-023,R106,Online,Bank Transfer,1,149,0,149,65,84
ORD-2024-02513,2024-08-23,2024-08-28,CUST-0114,PRD-028,R101,Distributor,Bank Transfer,3,135,0,405,180,225
ORD-2024-02590,2024-08-23,2024-08-27,CUST-0031,PRD-004,R107,Online,PayPal,5,2199,0.15,9345.75,7000,2345.75
ORD-2024-01232,2024-08-24,2024-08-27,CUST-0093,PRD-006,R103,In-Store,Bank Transfer,5,89,0.2,356,175,181
ORD-2024-00025,2024-08-25,2024-08-27,CUST-0077,PRD-011,R104,Distributor,Credit Card,3,499,0.05,1422.15,780,642.15
ORD-2024-02127,2024-08-25,2024-08-30,CUST-0121,PRD-020,R108,Distributor,Credit Card,4,230,0.2,736,440,296
ORD-2024-02888,2024-08-25,2024-08-30,CUST-0244,PRD-027,R107,Distributor,Cash,1,260,0,260,115,145
ORD-2024-00835,2024-08-26,2024-08-30,CUST-0089,PRD-015,R103,In-Store,Credit Card,6,15,0,90,30,60
ORD-2024-01267,2024-08-26,2024-08-30,CUST-0121,PRD-024,R107,Distributor,PayPal,3,549,0.05,1564.65,720,844.65
ORD-2024-02491,2024-08-26,2024-08-27,CUST-0109,PRD-014,R106,Online,Cash,3,22,0.15,56.1,24,32.1
ORD-2024-00627,2024-08-28,2024-08-30,CUST-0228,PRD-012,R102,Online,Bank Transfer,3,199,0,597,270,327
ORD-2024-00664,2024-08-28,2024-08-29,CUST-0151,PRD-011,R107,In-Store,Bank Transfer,2,499,0.15,848.3,520,328.3
ORD-2024-00810,2024-08-28,2024-08-29,CUST-0094,PRD-008,R108,In-Store,PayPal,5,49,0.1,220.5,90,130.5
ORD-2024-03035,2024-08-28,2024-08-30,CUST-0111,PRD-008,R106,In-Store,Credit Card,3,49,0,147,54,93
ORD-2024-01162,2024-08-29,2024-09-01,CUST-0059,PRD-007,R105,In-Store,Credit Card,3,129,0,387,165,222
ORD-2024-02218,2024-08-30,2024-09-03,CUST-0234,PRD-015,R103,Online,Credit Card,5,15,0,75,25,50
ORD-2024-02685,2024-08-30,2024-08-31,CUST-0243,PRD-004,R107,In-Store,PayPal,4,2199,0.15,7476.6,5600,1876.6
ORD-2024-02720,2024-08-30,2024-09-03,CUST-0042,PRD-014,R105,In-Store,Cash,1,22,0,22,8,14
ORD-2024-03362,2024-08-30,2024-09-02,CUST-0003,PRD-005,R101,Online,Bank Transfer,4,39,0.05,148.2,60,88.2
ORD-2024-01208,2024-08-31,2024-09-04,CUST-0094,PRD-009,R106,Online,Bank Transfer,4,329,0.1,1184.4,720,464.4
ORD-2024-02682,2024-08-31,2024-09-02,CUST-0179,PRD-008,R107,Online,PayPal,1,49,0.05,46.55,18,28.55
ORD-2024-00001,2024-09-02,2024-09-05,CUST-0239,PRD-001,R107,Distributor,Credit Card,3,999,0.1,2697.3,1950,747.3
ORD-2024-02002,2024-09-02,2024-09-07,CUST-0024,PRD-005,R106,Online,Bank Transfer,2,39,0,78,30,48
ORD-2024-02055,2024-09-02,2024-09-07,CUST-0250,PRD-003,R103,Distributor,Cash,6,749,0,4494,2880,1614
ORD-2024-02879,2024-09-02,2024-09-05,CUST-0206,PRD-003,R102,In-Store,PayPal,1,749,0,749,480,269
ORD-2024-03160,2024-09-03,2024-09-04,CUST-0094,PRD-004,R108,Online,Bank Transfer,4,2199,0.15,7476.6,5600,1876.6
ORD-2024-03294,2024-09-03,2024-09-05,CUST-0011,PRD-011,R101,Online,Bank Transfer,4,499,0.1,1796.4,1040,756.4
ORD-2024-03486,2024-09-03,2024-09-08,CUST-0059,PRD-026,R101,Online,PayPal,5,210,0,1050,475,575
ORD-2024-00062,2024-09-04,2024-09-05,CUST-0178,PRD-009,R108,Distributor,Bank Transfer,3,329,0,987,540,447
ORD-2024-00677,2024-09-04,2024-09-09,CUST-0085,PRD-025,R105,Online,PayPal,6,620,0.1,3348,1740,1608
ORD-2024-01432,2024-09-04,2024-09-06,CUST-0089,PRD-026,R102,Online,Credit Card,6,210,0.05,1197,570,627
ORD-2024-01445,2024-09-04,2024-09-07,CUST-0120,PRD-022,R106,Distributor,Credit Card,3,450,0,1350,630,720
ORD-2024-01894,2024-09-04,2024-09-06,CUST-0104,PRD-007,R107,Distributor,Cash,5,129,0.2,516,275,241
ORD-2024-01914,2024-09-04,2024-09-05,CUST-0016,PRD-012,R108,Online,PayPal,5,199,0.05,945.25,450,495.25
ORD-2024-00491,2024-09-05,2024-09-07,CUST-0177,PRD-003,R104,Distributor,Cash,4,749,0.05,2846.2,1920,926.2
ORD-2024-00684,2024-09-06,2024-09-09,CUST-0148,PRD-021,R101,In-Store,Bank Transfer,4,289,0,1156,480,676
ORD-2024-01541,2024-09-06,2024-09-07,CUST-0179,PRD-009,R107,Online,Bank Transfer,1,329,0.15,279.65,180,99.65
ORD-2024-03181,2024-09-06,2024-09-11,CUST-0119,PRD-022,R108,Distributor,Credit Card,3,450,0.2,1080,630,450
ORD-2024-03312,2024-09-06,2024-09-09,CUST-0118,PRD-016,R107,In-Store,Bank Transfer,1,24,0.05,22.8,9,13.8
ORD-2024-00175,2024-09-07,2024-09-10,CUST-0149,PRD-008,R105,Distributor,PayPal,6,49,0.05,279.3,108,171.3
ORD-2024-01417,2024-09-07,2024-09-08,CUST-0076,PRD-008,R107,Distributor,Credit Card,4,49,0.05,186.2,72,114.2
ORD-2024-00312,2024-09-08,2024-09-09,CUST-0242,PRD-001,R108,Distributor,Bank Transfer,3,999,0.05,2847.15,1950,897.15
ORD-2024-00225,2024-09-09,2024-09-13,CUST-0101,PRD-025,R107,Online,Bank Transfer,6,620,0.15,3162,1740,1422
ORD-2024-00567,2024-09-09,2024-09-13,CUST-0068,PRD-003,R104,Distributor,Cash,1,749,0.15,636.65,480,156.65
ORD-2024-00591,2024-09-09,2024-09-12,CUST-0051,PRD-024,R106,Distributor,Cash,6,549,0.05,3129.3,1440,1689.3
ORD-2024-01421,2024-09-09,2024-09-14,CUST-0134,PRD-010,R108,In-Store,Credit Card,5,799,0.05,3795.25,2100,1695.25
ORD-2024-02295,2024-09-09,2024-09-12,CUST-0152,PRD-024,R106,In-Store,Credit Card,3,549,0.2,1317.6,720,597.6
ORD-2024-03416,2024-09-10,2024-09-14,CUST-0044,PRD-025,R107,In-Store,PayPal,1,620,0.2,496,290,206
ORD-2024-00368,2024-09-11,2024-09-16,CUST-0028,PRD-014,R108,Distributor,Credit Card,2,22,0.1,39.6,16,23.6
ORD-2024-01259,2024-09-11,2024-09-15,CUST-0233,PRD-015,R103,Online,Cash,5,15,0.1,67.5,25,42.5
ORD-2024-01330,2024-09-11,2024-09-14,CUST-0106,PRD-010,R101,Distributor,Cash,1,799,0.1,719.1,420,299.1
ORD-2024-01443,2024-09-12,2024-09-17,CUST-0131,PRD-016,R103,Online,PayPal,5,24,0.2,96,45,51
ORD-2024-03223,2024-09-12,2024-09-13,CUST-0171,PRD-008,R108,Distributor,Credit Card,5,49,0.05,232.75,90,142.75
ORD-2024-00002,2024-09-13,2024-09-16,CUST-0218,PRD-017,R108,Distributor,PayPal,3,139,0.05,396.15,195,201.15
ORD-2024-00729,2024-09-13,2024-09-17,CUST-0096,PRD-012,R105,Online,Credit Card,5,199,0.15,845.75,450,395.75
ORD-2024-01789,2024-09-13,2024-09-18,CUST-0094,PRD-014,R108,Online,PayPal,2,22,0.15,37.4,16,21.4
ORD-2024-02249,2024-09-13,2024-09-18,CUST-0076,PRD-022,R105,In-Store,Bank Transfer,2,450,0,900,420,480
ORD-2024-02481,2024-09-13,2024-09-14,CUST-0043,PRD-014,R108,Online,Bank Transfer,6,22,0,132,48,84
ORD-2024-00519,2024-09-14,2024-09-18,CUST-0077,PRD-002,R102,In-Store,Credit Card,5,1699,0.05,8070.25,5500,2570.25
ORD-2024-02265,2024-09-14,2024-09-19,CUST-0098,PRD-026,R105,In-Store,Cash,2,210,0,420,190,230
ORD-2024-02883,2024-09-14,2024-09-15,CUST-0242,PRD-003,R108,Online,Credit Card,6,749,0.1,4044.6,2880,1164.6
ORD-2024-02074,2024-09-15,2024-09-20,CUST-0106,PRD-015,R103,In-Store,Cash,1,15,0.15,12.75,5,7.75
ORD-2024-03144,2024-09-15,2024-09-16,CUST-0031,PRD-006,R108,Distributor,PayPal,5,89,0,445,175,270
ORD-2024-02101,2024-09-16,2024-09-21,CUST-0206,PRD-010,R104,Distributor,Bank Transfer,5,799,0.2,3196,2100,1096
ORD-2024-02479,2024-09-16,2024-09-21,CUST-0187,PRD-018,R105,Online,Cash,4,85,0.05,323,160,163
ORD-2024-00189,2024-09-17,2024-09-19,CUST-0239,PRD-010,R107,Distributor,Cash,6,799,0,4794,2520,2274
ORD-2024-02288,2024-09-17,2024-09-21,CUST-0073,PRD-002,R104,Distributor,Credit Card,2,1699,0,3398,2200,1198
ORD-2024-03361,2024-09-17,2024-09-22,CUST-0092,PRD-006,R108,Distributor,Bank Transfer,3,89,0,267,105,162
ORD-2024-00656,2024-09-18,2024-09-21,CUST-0144,PRD-025,R105,Distributor,Credit Card,5,620,0,3100,1450,1650
ORD-2024-01703,2024-09-18,2024-09-22,CUST-0116,PRD-008,R105,Online,Bank Transfer,6,49,0.2,235.2,108,127.2
ORD-2024-02198,2024-09-18,2024-09-23,CUST-0151,PRD-021,R106,In-Store,Credit Card,5,289,0,1445,600,845
ORD-2024-03002,2024-09-18,2024-09-20,CUST-0043,PRD-003,R105,Online,Credit Card,4,749,0,2996,1920,1076
ORD-2024-00786,2024-09-19,2024-09-20,CUST-0161,PRD-003,R107,In-Store,PayPal,6,749,0.05,4269.3,2880,1389.3
ORD-2024-01292,2024-09-19,2024-09-20,CUST-0241,PRD-024,R102,Distributor,Credit Card,5,549,0,2745,1200,1545
ORD-2024-02439,2024-09-19,2024-09-20,CUST-0026,PRD-007,R102,Distributor,Bank Transfer,6,129,0,774,330,444
ORD-2024-02659,2024-09-19,2024-09-20,CUST-0115,PRD-028,R106,In-Store,PayPal,6,135,0.1,729,360,369
ORD-2024-00750,2024-09-20,2024-09-25,CUST-0110,PRD-004,R108,Online,Bank Transfer,3,2199,0,6597,4200,2397
ORD-2024-01817,2024-09-20,2024-09-22,CUST-0194,PRD-007,R103,Online,Cash,4,129,0.2,412.8,220,192.8
ORD-2024-02214,2024-09-20,2024-09-24,CUST-0164,PRD-020,R105,In-Store,Bank Transfer,1,230,0,230,110,120
ORD-2024-00134,2024-09-21,2024-09-22,CUST-0202,PRD-020,R101,Online,Cash,5,230,0.1,1035,550,485
ORD-2024-01105,2024-09-21,2024-09-26,CUST-0139,PRD-017,R103,In-Store,Bank Transfer,5,139,0.05,660.25,325,335.25
ORD-2024-03055,2024-09-21,2024-09-23,CUST-0171,PRD-014,R101,In-Store,Bank Transfer,4,22,0.1,79.2,32,47.2
ORD-2024-00886,2024-09-22,2024-09-27,CUST-0236,PRD-019,R108,Online,PayPal,5,175,0.1,787.5,375,412.5
ORD-2024-02681,2024-09-22,2024-09-27,CUST-0183,PRD-008,R105,Distributor,Cash,4,49,0.05,186.2,72,114.2
ORD-2024-03081,2024-09-22,2024-09-27,CUST-0144,PRD-022,R104,Distributor,Bank Transfer,6,450,0,2700,1260,1440
ORD-2024-00971,2024-09-23,2024-09-25,CUST-0170,PRD-024,R105,Online,PayPal,4,549,0.05,2086.2,960,1126.2
ORD-2024-02669,2024-09-23,2024-09-27,CUST-0064,PRD-027,R103,Online,Cash,4,260,0.05,988,460,528
ORD-2024-00201,2024-09-24,2024-09-26,CUST-0213,PRD-002,R108,In-Store,PayPal,2,1699,0.1,3058.2,2200,858.2
ORD-2024-01626,2024-09-24,2024-09-27,CUST-0055,PRD-018,R104,Distributor,Bank Transfer,1,85,0,85,40,45
ORD-2024-02780,2024-09-24,2024-09-25,CUST-0035,PRD-010,R105,Distributor,Cash,5,799,0.15,3395.75,2100,1295.75
ORD-2024-00727,2024-09-25,2024-09-26,CUST-0111,PRD-006,R106,Distributor,PayPal,3,89,0,267,105,162
ORD-2024-00774,2024-09-25,2024-09-29,CUST-0047,PRD-013,R105,Online,PayPal,6,28,0.15,142.8,84,58.8
ORD-2024-01867,2024-09-25,2024-09-26,CUST-0026,PRD-026,R107,In-Store,PayPal,4,210,0.15,714,380,334
ORD-2024-02932,2024-09-25,2024-09-26,CUST-0238,PRD-026,R105,Distributor,PayPal,5,210,0,1050,475,575
ORD-2024-02980,2024-09-25,2024-09-28,CUST-0055,PRD-005,R103,Distributor,Bank Transfer,2,39,0.2,62.4,30,32.4
ORD-2024-03275,2024-09-25,2024-09-29,CUST-0247,PRD-017,R106,Online,Bank Transfer,3,139,0.1,375.3,195,180.3
ORD-2024-03410,2024-09-25,2024-09-27,CUST-0129,PRD-002,R108,In-Store,Bank Transfer,4,1699,0.05,6456.2,4400,2056.2
ORD-2024-01086,2024-09-26,2024-09-27,CUST-0012,PRD-018,R105,Distributor,Bank Transfer,6,85,0.05,484.5,240,244.5
ORD-2024-01581,2024-09-26,2024-09-28,CUST-0224,PRD-007,R106,Online,Credit Card,6,129,0.15,657.9,330,327.9
ORD-2024-02332,2024-09-26,2024-09-30,CUST-0232,PRD-013,R101,In-Store,Cash,6,28,0,168,84,84
ORD-2024-00375,2024-09-27,2024-09-29,CUST-0207,PRD-011,R101,Distributor,PayPal,6,499,0.05,2844.3,1560,1284.3
ORD-2024-00830,2024-09-27,2024-10-02,CUST-0073,PRD-023,R107,In-Store,PayPal,5,149,0.15,633.25,325,308.25
ORD-2024-01747,2024-09-27,2024-09-28,CUST-0208,PRD-005,R103,Distributor,Credit Card,5,39,0.15,165.75,75,90.75
ORD-2024-01815,2024-09-27,2024-09-28,CUST-0119,PRD-026,R103,Online,PayPal,1,210,0,210,95,115
ORD-2024-02492,2024-09-27,2024-09-28,CUST-0248,PRD-016,R107,In-Store,Credit Card,3,24,0.15,61.2,27,34.2
ORD-2024-03447,2024-09-27,2024-09-28,CUST-0142,PRD-025,R102,Online,Bank Transfer,6,620,0.2,2976,1740,1236
ORD-2024-03177,2024-09-28,2024-09-30,CUST-0021,PRD-003,R101,Distributor,Cash,6,749,0,4494,2880,1614
ORD-2024-00141,2024-09-29,2024-10-01,CUST-0245,PRD-011,R101,Distributor,Credit Card,3,499,0.15,1272.45,780,492.45
ORD-2024-02381,2024-09-29,2024-10-02,CUST-0024,PRD-010,R106,Online,PayPal,2,799,0,1598,840,758
ORD-2024-02576,2024-09-29,2024-10-04,CUST-0168,PRD-014,R102,Online,PayPal,2,22,0.05,41.8,16,25.8
ORD-2024-00023,2024-09-30,2024-10-01,CUST-0122,PRD-013,R104,Distributor,PayPal,3,28,0.15,71.4,42,29.4
ORD-2024-01046,2024-09-30,2024-10-02,CUST-0230,PRD-005,R106,In-Store,Cash,4,39,0.05,148.2,60,88.2
ORD-2024-01054,2024-09-30,2024-10-03,CUST-0157,PRD-008,R105,In-Store,Bank Transfer,3,49,0.1,132.3,54,78.3
ORD-2024-02285,2024-09-30,2024-10-01,CUST-0130,PRD-017,R101,In-Store,Cash,4,139,0.05,528.2,260,268.2
ORD-2024-03236,2024-09-30,2024-10-02,CUST-0051,PRD-002,R106,In-Store,Credit Card,1,1699,0,1699,1100,599
ORD-2024-00651,2024-10-01,2024-10-05,CUST-0199,PRD-015,R103,Distributor,Cash,2,15,0.05,28.5,10,18.5
ORD-2024-03149,2024-10-01,2024-10-03,CUST-0145,PRD-004,R108,In-Store,Credit Card,5,2199,0,10995,7000,3995
ORD-2024-00027,2024-10-02,2024-10-04,CUST-0143,PRD-011,R107,Distributor,Credit Card,3,499,0.1,1347.3,780,567.3
ORD-2024-00272,2024-10-02,2024-10-03,CUST-0108,PRD-006,R102,Distributor,Cash,5,89,0.05,422.75,175,247.75
ORD-2024-00453,2024-10-02,2024-10-04,CUST-0178,PRD-014,R108,Distributor,Cash,5,22,0.05,104.5,40,64.5
ORD-2024-00841,2024-10-02,2024-10-07,CUST-0043,PRD-022,R106,Distributor,Cash,1,450,0.05,427.5,210,217.5
ORD-2024-01163,2024-10-03,2024-10-08,CUST-0078,PRD-011,R107,In-Store,Bank Transfer,1,499,0.05,474.05,260,214.05
ORD-2024-02721,2024-10-03,2024-10-08,CUST-0089,PRD-011,R101,Distributor,PayPal,1,499,0.15,424.15,260,164.15
ORD-2024-03356,2024-10-03,2024-10-06,CUST-0191,PRD-008,R102,Distributor,Bank Transfer,1,49,0,49,18,31
ORD-2024-00432,2024-10-04,2024-10-09,CUST-0164,PRD-016,R105,Distributor,Bank Transfer,4,24,0.1,86.4,36,50.4
ORD-2024-01379,2024-10-04,2024-10-08,CUST-0054,PRD-028,R108,In-Store,Cash,5,135,0.15,573.75,300,273.75
ORD-2024-00178,2024-10-05,2024-10-10,CUST-0166,PRD-002,R103,In-Store,Credit Card,5,1699,0.05,8070.25,5500,2570.25
ORD-2024-01125,2024-10-05,2024-10-07,CUST-0078,PRD-021,R102,Distributor,Bank Transfer,2,289,0.15,491.3,240,251.3
ORD-2024-01853,2024-10-05,2024-10-07,CUST-0220,PRD-022,R101,Distributor,PayPal,6,450,0.05,2565,1260,1305
ORD-2024-03330,2024-10-05,2024-10-09,CUST-0096,PRD-014,R101,Distributor,PayPal,2,22,0.2,35.2,16,19.2
ORD-2024-02293,2024-10-06,2024-10-10,CUST-0161,PRD-017,R105,Online,Cash,4,139,0,556,260,296
ORD-2024-02414,2024-10-06,2024-10-08,CUST-0180,PRD-003,R105,Online,PayPal,1,749,0,749,480,269
ORD-2024-02796,2024-10-06,2024-10-07,CUST-0107,PRD-019,R107,In-Store,PayPal,3,175,0,525,225,300
ORD-2024-02820,2024-10-06,2024-10-09,CUST-0192,PRD-005,R104,Online,Cash,3,39,0.05,111.15,45,66.15
ORD-2024-02922,2024-10-06,2024-10-11,CUST-0153,PRD-004,R107,Distributor,PayPal,3,2199,0.2,5277.6,4200,1077.6
ORD-2024-03109,2024-10-06,2024-10-07,CUST-0112,PRD-025,R104,Online,Bank Transfer,1,620,0.15,527,290,237
ORD-2024-03492,2024-10-06,2024-10-08,CUST-0222,PRD-010,R107,Distributor,Cash,6,799,0,4794,2520,2274
ORD-2024-00050,2024-10-07,2024-10-10,CUST-0005,PRD-027,R101,In-Store,Credit Card,3,260,0,780,345,435
ORD-2024-00708,2024-10-07,2024-10-12,CUST-0221,PRD-015,R104,Online,PayPal,3,15,0.05,42.75,15,27.75
ORD-2024-01644,2024-10-07,2024-10-10,CUST-0187,PRD-026,R105,Distributor,Credit Card,6,210,0.05,1197,570,627
ORD-2024-02730,2024-10-07,2024-10-11,CUST-0127,PRD-028,R108,Distributor,PayPal,6,135,0.05,769.5,360,409.5
ORD-2024-03263,2024-10-07,2024-10-11,CUST-0128,PRD-001,R107,In-Store,PayPal,3,999,0.05,2847.15,1950,897.15
ORD-2024-01651,2024-10-08,2024-10-09,CUST-0020,PRD-004,R108,In-Store,Bank Transfer,4,2199,0.2,7036.8,5600,1436.8
ORD-2024-01984,2024-10-08,2024-10-12,CUST-0055,PRD-014,R104,Online,PayPal,6,22,0.05,125.4,48,77.4
ORD-2024-02296,2024-10-08,2024-10-09,CUST-0130,PRD-021,R106,Distributor,Bank Transfer,4,289,0.15,982.6,480,502.6
ORD-2024-02770,2024-10-08,2024-10-12,CUST-0087,PRD-007,R103,Online,Bank Transfer,4,129,0,516,220,296
ORD-2024-00503,2024-10-09,2024-10-12,CUST-0121,PRD-002,R107,Distributor,Credit Card,3,1699,0.05,4842.15,3300,1542.15
ORD-2024-00744,2024-10-09,2024-10-10,CUST-0071,PRD-008,R106,Online,PayPal,3,49,0,147,54,93
ORD-2024-01059,2024-10-09,2024-10-10,CUST-0148,PRD-009,R108,Distributor,Cash,4,329,0.2,1052.8,720,332.8
ORD-2024-00532,2024-10-10,2024-10-14,CUST-0179,PRD-015,R104,In-Store,PayPal,2,15,0,30,10,20
ORD-2024-01223,2024-10-10,2024-10-11,CUST-0248,PRD-027,R102,Online,PayPal,6,260,0.2,1248,690,558
ORD-2024-01393,2024-10-10,2024-10-15,CUST-0174,PRD-021,R106,In-Store,Bank Transfer,4,289,0.1,1040.4,480,560.4
ORD-2024-02859,2024-10-10,2024-10-12,CUST-0027,PRD-015,R103,Distributor,Cash,5,15,0.15,63.75,25,38.75
ORD-2024-02165,2024-10-11,2024-10-15,CUST-0190,PRD-009,R101,Distributor,Bank Transfer,6,329,0.05,1875.3,1080,795.3
ORD-2024-02619,2024-10-13,2024-10-14,CUST-0070,PRD-017,R108,Online,Credit Card,3,139,0.05,396.15,195,201.15
ORD-2024-02889,2024-10-13,2024-10-16,CUST-0206,PRD-003,R101,Distributor,Credit Card,1,749,0.2,599.2,480,119.2
ORD-2024-03031,2024-10-13,2024-10-17,CUST-0075,PRD-007,R102,In-Store,PayPal,4,129,0.15,438.6,220,218.6
ORD-2024-03459,2024-10-13,2024-10-18,CUST-0188,PRD-025,R107,In-Store,PayPal,3,620,0,1860,870,990
ORD-2024-01383,2024-10-14,2024-10-19,CUST-0117,PRD-016,R108,In-Store,Cash,3,24,0,72,27,45
ORD-2024-01807,2024-10-14,2024-10-19,CUST-0065,PRD-011,R101,Distributor,Credit Card,4,499,0.05,1896.2,1040,856.2
ORD-2024-01181,2024-10-15,2024-10-20,CUST-0238,PRD-005,R105,In-Store,Bank Transfer,6,39,0.05,222.3,90,132.3
ORD-2024-02500,2024-10-15,2024-10-20,CUST-0044,PRD-019,R108,Online,PayPal,4,175,0,700,300,400
ORD-2024-02858,2024-10-15,2024-10-19,CUST-0035,PRD-014,R103,Distributor,Bank Transfer,1,22,0.2,17.6,8,9.6
ORD-2024-01606,2024-10-16,2024-10-17,CUST-0168,PRD-028,R107,Online,Bank Transfer,3,135,0,405,180,225
ORD-2024-02341,2024-10-16,2024-10-19,CUST-0156,PRD-004,R106,In-Store,Cash,4,2199,0.1,7916.4,5600,2316.4
ORD-2024-02740,2024-10-16,2024-10-21,CUST-0227,PRD-001,R105,Distributor,PayPal,6,999,0,5994,3900,2094
ORD-2024-00120,2024-10-17,2024-10-18,CUST-0212,PRD-014,R104,Online,Bank Transfer,6,22,0.05,125.4,48,77.4
ORD-2024-00805,2024-10-17,2024-10-22,CUST-0016,PRD-004,R107,Online,PayPal,2,2199,0.05,4178.1,2800,1378.1
ORD-2024-02262,2024-10-17,2024-10-19,CUST-0247,PRD-001,R106,In-Store,Credit Card,3,999,0.05,2847.15,1950,897.15
ORD-2024-03020,2024-10-17,2024-10-21,CUST-0224,PRD-006,R101,Online,Cash,2,89,0.15,151.3,70,81.3
ORD-2024-01274,2024-10-19,2024-10-24,CUST-0207,PRD-026,R102,Distributor,Credit Card,5,210,0.15,892.5,475,417.5
ORD-2024-02304,2024-10-19,2024-10-22,CUST-0126,PRD-018,R107,Distributor,Cash,5,85,0.05,403.75,200,203.75
ORD-2024-02520,2024-10-19,2024-10-22,CUST-0219,PRD-015,R105,In-Store,Bank Transfer,4,15,0,60,20,40
ORD-2024-03499,2024-10-19,2024-10-22,CUST-0197,PRD-002,R106,Distributor,Credit Card,4,1699,0,6796,4400,2396
ORD-2024-00476,2024-10-20,2024-10-25,CUST-0218,PRD-011,R105,In-Store,Cash,2,499,0.2,798.4,520,278.4
ORD-2024-00870,2024-10-20,2024-10-21,CUST-0206,PRD-005,R105,Online,Bank Transfer,4,39,0.05,148.2,60,88.2
ORD-2024-01551,2024-10-20,2024-10-23,CUST-0197,PRD-012,R107,Online,Bank Transfer,4,199,0.05,756.2,360,396.2
ORD-2024-01849,2024-10-20,2024-10-22,CUST-0145,PRD-013,R105,Online,PayPal,1,28,0.2,22.4,14,8.4
ORD-2024-03398,2024-10-20,2024-10-23,CUST-0003,PRD-007,R104,Online,PayPal,3,129,0.1,348.3,165,183.3
ORD-2024-00550,2024-10-21,2024-10-24,CUST-0066,PRD-028,R104,Online,Credit Card,2,135,0.05,256.5,120,136.5
ORD-2024-00641,2024-10-21,2024-10-24,CUST-0036,PRD-027,R105,Online,Cash,1,260,0,260,115,145
ORD-2024-03152,2024-10-21,2024-10-24,CUST-0196,PRD-013,R103,In-Store,Cash,3,28,0,84,42,42
ORD-2024-01210,2024-10-22,2024-10-25,CUST-0041,PRD-028,R103,Online,PayPal,2,135,0,270,120,150
ORD-2024-01616,2024-10-22,2024-10-23,CUST-0059,PRD-007,R104,Online,Cash,5,129,0.1,580.5,275,305.5
ORD-2024-01956,2024-10-22,2024-10-25,CUST-0206,PRD-011,R101,Online,Credit Card,4,499,0.2,1596.8,1040,556.8
ORD-2024-02467,2024-10-22,2024-10-24,CUST-0059,PRD-002,R108,In-Store,Cash,6,1699,0,10194,6600,3594
ORD-2024-01389,2024-10-23,2024-10-26,CUST-0202,PRD-017,R103,Distributor,Cash,5,139,0,695,325,370
ORD-2024-03249,2024-10-23,2024-10-28,CUST-0114,PRD-005,R105,Distributor,Credit Card,5,39,0.15,165.75,75,90.75
ORD-2024-00290,2024-10-24,2024-10-27,CUST-0158,PRD-024,R103,Online,PayPal,6,549,0.1,2964.6,1440,1524.6
ORD-2024-00569,2024-10-24,2024-10-28,CUST-0042,PRD-005,R102,Distributor,PayPal,3,39,0,117,45,72
ORD-2024-01065,2024-10-24,2024-10-26,CUST-0031,PRD-005,R106,Distributor,Cash,5,39,0.2,156,75,81
ORD-2024-01111,2024-10-24,2024-10-28,CUST-0069,PRD-019,R103,Online,PayPal,3,175,0.15,446.25,225,221.25
ORD-2024-01593,2024-10-24,2024-10-27,CUST-0069,PRD-010,R108,In-Store,PayPal,1,799,0,799,420,379
ORD-2024-02076,2024-10-24,2024-10-26,CUST-0127,PRD-011,R107,In-Store,Credit Card,5,499,0.15,2120.75,1300,820.75
ORD-2024-00204,2024-10-25,2024-10-28,CUST-0245,PRD-005,R101,Distributor,Credit Card,5,39,0.05,185.25,75,110.25
ORD-2024-00228,2024-10-25,2024-10-27,CUST-0215,PRD-012,R106,Online,PayPal,2,199,0.05,378.1,180,198.1
ORD-2024-00791,2024-10-25,2024-10-26,CUST-0219,PRD-001,R101,Distributor,Bank Transfer,6,999,0.05,5694.3,3900,1794.3
ORD-2024-00924,2024-10-25,2024-10-27,CUST-0012,PRD-021,R108,Distributor,PayPal,2,289,0,578,240,338
ORD-2024-01022,2024-10-25,2024-10-27,CUST-0226,PRD-021,R105,Online,Credit Card,2,289,0,578,240,338
ORD-2024-01823,2024-10-26,2024-10-28,CUST-0170,PRD-010,R102,In-Store,PayPal,4,799,0,3196,1680,1516
ORD-2024-02639,2024-10-26,2024-10-31,CUST-0173,PRD-007,R102,Distributor,Credit Card,6,129,0,774,330,444
ORD-2024-03129,2024-10-26,2024-10-29,CUST-0225,PRD-005,R108,In-Store,Bank Transfer,6,39,0.05,222.3,90,132.3
ORD-2024-03468,2024-10-26,2024-10-30,CUST-0037,PRD-018,R101,Online,PayPal,2,85,0.05,161.5,80,81.5
ORD-2024-00205,2024-10-27,2024-10-31,CUST-0092,PRD-005,R105,Distributor,Credit Card,3,39,0,117,45,72
ORD-2024-03290,2024-10-27,2024-10-31,CUST-0070,PRD-001,R103,Online,PayPal,5,999,0,4995,3250,1745
ORD-2024-01257,2024-10-28,2024-10-30,CUST-0052,PRD-005,R106,In-Store,Credit Card,3,39,0,117,45,72
ORD-2024-02202,2024-10-28,2024-11-01,CUST-0059,PRD-005,R108,Distributor,Bank Transfer,3,39,0,117,45,72
ORD-2024-02745,2024-10-28,2024-11-01,CUST-0128,PRD-022,R107,Distributor,Credit Card,1,450,0,450,210,240
ORD-2024-03126,2024-10-28,2024-10-30,CUST-0055,PRD-001,R106,Distributor,Bank Transfer,6,999,0.05,5694.3,3900,1794.3
ORD-2024-02579,2024-10-29,2024-10-30,CUST-0006,PRD-022,R103,In-Store,Bank Transfer,1,450,0,450,210,240
ORD-2024-03115,2024-10-29,2024-11-01,CUST-0080,PRD-019,R106,Online,Credit Card,3,175,0,525,225,300
ORD-2024-03440,2024-10-29,2024-11-01,CUST-0232,PRD-017,R108,In-Store,Cash,6,139,0.05,792.3,390,402.3
ORD-2024-00972,2024-10-30,2024-11-02,CUST-0244,PRD-003,R105,Distributor,Credit Card,1,749,0.05,711.55,480,231.55
ORD-2024-01620,2024-10-30,2024-11-02,CUST-0116,PRD-013,R102,Online,Cash,3,28,0.05,79.8,42,37.8
ORD-2024-02215,2024-10-30,2024-11-03,CUST-0140,PRD-020,R106,Distributor,Bank Transfer,6,230,0.2,1104,660,444
ORD-2024-02400,2024-10-30,2024-10-31,CUST-0232,PRD-025,R108,Distributor,Bank Transfer,5,620,0,3100,1450,1650
ORD-2024-03250,2024-10-30,2024-11-01,CUST-0204,PRD-002,R101,In-Store,PayPal,5,1699,0.2,6796,5500,1296
ORD-2024-00007,2024-10-31,2024-11-03,CUST-0002,PRD-007,R101,Distributor,Bank Transfer,5,129,0.2,516,275,241
ORD-2024-00301,2024-10-31,2024-11-03,CUST-0090,PRD-004,R105,Distributor,Bank Transfer,1,2199,0.2,1759.2,1400,359.2
ORD-2024-03051,2024-10-31,2024-11-03,CUST-0144,PRD-005,R105,Online,Bank Transfer,5,39,0.15,165.75,75,90.75
ORD-2024-03446,2024-10-31,2024-11-04,CUST-0153,PRD-021,R102,Distributor,Bank Transfer,4,289,0,1156,480,676
ORD-2024-02051,2024-11-01,2024-11-06,CUST-0167,PRD-002,R103,Distributor,Cash,2,1699,0.05,3228.1,2200,1028.1
ORD-2024-02586,2024-11-01,2024-11-02,CUST-0030,PRD-019,R105,Distributor,Cash,6,175,0,1050,450,600
ORD-2024-03064,2024-11-01,2024-11-05,CUST-0225,PRD-011,R101,Online,Credit Card,6,499,0.15,2544.9,1560,984.9
ORD-2024-00347,2024-11-02,2024-11-04,CUST-0035,PRD-009,R107,Distributor,Credit Card,5,329,0.05,1562.75,900,662.75
ORD-2024-00593,2024-11-02,2024-11-07,CUST-0176,PRD-008,R108,In-Store,Bank Transfer,5,49,0.05,232.75,90,142.75
ORD-2024-02326,2024-11-02,2024-11-03,CUST-0072,PRD-007,R106,Online,Cash,5,129,0.05,612.75,275,337.75
ORD-2024-03394,2024-11-02,2024-11-06,CUST-0213,PRD-024,R104,In-Store,Cash,6,549,0.15,2799.9,1440,1359.9
ORD-2024-00379,2024-11-03,2024-11-07,CUST-0240,PRD-011,R103,In-Store,PayPal,1,499,0.1,449.1,260,189.1
ORD-2024-01602,2024-11-03,2024-11-06,CUST-0209,PRD-012,R108,Distributor,Credit Card,4,199,0,796,360,436
ORD-2024-02025,2024-11-03,2024-11-08,CUST-0042,PRD-016,R101,Online,PayPal,2,24,0,48,18,30
ORD-2024-02641,2024-11-04,2024-11-05,CUST-0148,PRD-015,R101,In-Store,Bank Transfer,2,15,0.2,24,10,14
ORD-2024-03442,2024-11-04,2024-11-06,CUST-0148,PRD-003,R101,Distributor,Credit Card,3,749,0,2247,1440,807
ORD-2024-00584,2024-11-05,2024-11-10,CUST-0020,PRD-010,R103,Online,Bank Transfer,4,799,0.05,3036.2,1680,1356.2
ORD-2024-00598,2024-11-05,2024-11-08,CUST-0180,PRD-008,R107,In-Store,PayPal,1,49,0.15,41.65,18,23.65
ORD-2024-01288,2024-11-05,2024-11-09,CUST-0178,PRD-007,R101,Distributor,Credit Card,1,129,0.2,103.2,55,48.2
ORD-2024-03165,2024-11-05,2024-11-06,CUST-0047,PRD-003,R104,In-Store,Bank Transfer,4,749,0.1,2696.4,1920,776.4
ORD-2024-00308,2024-11-06,2024-11-09,CUST-0237,PRD-022,R104,Online,Credit Card,1,450,0,450,210,240
ORD-2024-00434,2024-11-06,2024-11-08,CUST-0010,PRD-007,R106,Distributor,Cash,5,129,0,645,275,370
ORD-2024-00467,2024-11-06,2024-11-09,CUST-0146,PRD-009,R105,Distributor,Bank Transfer,4,329,0.05,1250.2,720,530.2
ORD-2024-00695,2024-11-06,2024-11-08,CUST-0121,PRD-028,R106,In-Store,PayPal,2,135,0,270,120,150
ORD-2024-01291,2024-11-06,2024-11-07,CUST-0136,PRD-023,R104,Distributor,PayPal,5,149,0.15,633.25,325,308.25
ORD-2024-01449,2024-11-06,2024-11-07,CUST-0082,PRD-001,R104,In-Store,Cash,2,999,0,1998,1300,698
ORD-2024-01615,2024-11-06,2024-11-09,CUST-0049,PRD-024,R105,In-Store,PayPal,6,549,0,3294,1440,1854
ORD-2024-02303,2024-11-07,2024-11-10,CUST-0233,PRD-014,R104,Online,Credit Card,6,22,0.1,118.8,48,70.8
ORD-2024-00003,2024-11-08,2024-11-11,CUST-0074,PRD-016,R102,In-Store,Cash,5,24,0,120,45,75
ORD-2024-02066,2024-11-08,2024-11-13,CUST-0064,PRD-007,R105,In-Store,Credit Card,5,129,0.05,612.75,275,337.75
ORD-2024-02591,2024-11-08,2024-11-12,CUST-0127,PRD-004,R106,Distributor,Credit Card,6,2199,0.05,12534.3,8400,4134.3
ORD-2024-03345,2024-11-08,2024-11-11,CUST-0008,PRD-007,R104,Distributor,PayPal,2,129,0.2,206.4,110,96.4
ORD-2024-00157,2024-11-09,2024-11-11,CUST-0146,PRD-001,R101,Distributor,Bank Transfer,2,999,0.15,1698.3,1300,398.3
ORD-2024-00474,2024-11-09,2024-11-14,CUST-0045,PRD-006,R105,In-Store,Cash,2,89,0,178,70,108
ORD-2024-00881,2024-11-09,2024-11-14,CUST-0045,PRD-003,R101,In-Store,Bank Transfer,3,749,0.05,2134.65,1440,694.65
ORD-2024-00075,2024-11-10,2024-11-11,CUST-0081,PRD-011,R103,Online,PayPal,3,499,0.15,1272.45,780,492.45
ORD-2024-01481,2024-11-10,2024-11-12,CUST-0162,PRD-012,R103,In-Store,Bank Transfer,2,199,0.1,358.2,180,178.2
ORD-2024-02363,2024-11-10,2024-11-14,CUST-0150,PRD-011,R102,In-Store,PayPal,3,499,0.2,1197.6,780,417.6
ORD-2024-00475,2024-11-11,2024-11-15,CUST-0035,PRD-006,R101,Online,Credit Card,1,89,0,89,35,54
ORD-2024-00775,2024-11-11,2024-11-16,CUST-0093,PRD-008,R107,In-Store,Credit Card,1,49,0.15,41.65,18,23.65
ORD-2024-00970,2024-11-11,2024-11-12,CUST-0047,PRD-002,R102,Online,Bank Transfer,4,1699,0.15,5776.6,4400,1376.6
ORD-2024-01890,2024-11-11,2024-11-15,CUST-0100,PRD-027,R103,Online,Bank Transfer,2,260,0.2,416,230,186
ORD-2024-03490,2024-11-11,2024-11-14,CUST-0032,PRD-023,R103,Distributor,Cash,4,149,0.05,566.2,260,306.2
ORD-2024-01261,2024-11-12,2024-11-15,CUST-0118,PRD-012,R105,Distributor,PayPal,2,199,0.2,318.4,180,138.4
ORD-2024-01783,2024-11-12,2024-11-17,CUST-0232,PRD-016,R104,Distributor,Cash,5,24,0.2,96,45,51
ORD-2024-02477,2024-11-12,2024-11-15,CUST-0104,PRD-003,R108,Distributor,Bank Transfer,2,749,0.05,1423.1,960,463.1
ORD-2024-02592,2024-11-12,2024-11-13,CUST-0200,PRD-026,R105,Distributor,Cash,1,210,0,210,95,115
ORD-2024-03038,2024-11-12,2024-11-13,CUST-0059,PRD-014,R101,In-Store,Cash,3,22,0.05,62.7,24,38.7
ORD-2024-00545,2024-11-13,2024-11-18,CUST-0226,PRD-012,R102,In-Store,Cash,5,199,0.05,945.25,450,495.25
ORD-2024-01115,2024-11-13,2024-11-14,CUST-0146,PRD-020,R108,In-Store,Bank Transfer,6,230,0.05,1311,660,651
ORD-2024-01525,2024-11-13,2024-11-18,CUST-0093,PRD-010,R105,In-Store,Credit Card,2,799,0.15,1358.3,840,518.3
ORD-2024-02230,2024-11-13,2024-11-16,CUST-0099,PRD-023,R102,Online,Cash,3,149,0.1,402.3,195,207.3
ORD-2024-00172,2024-11-14,2024-11-16,CUST-0093,PRD-003,R102,Online,Bank Transfer,6,749,0.05,4269.3,2880,1389.3
ORD-2024-01889,2024-11-14,2024-11-18,CUST-0028,PRD-010,R105,Online,Credit Card,2,799,0.15,1358.3,840,518.3
ORD-2024-02281,2024-11-14,2024-11-16,CUST-0081,PRD-020,R106,Distributor,Bank Transfer,6,230,0,1380,660,720
ORD-2024-02325,2024-11-14,2024-11-15,CUST-0184,PRD-026,R103,In-Store,Bank Transfer,1,210,0,210,95,115
ORD-2024-02355,2024-11-14,2024-11-17,CUST-0193,PRD-011,R101,Online,PayPal,2,499,0.05,948.1,520,428.1
ORD-2024-02937,2024-11-14,2024-11-18,CUST-0248,PRD-025,R106,Distributor,PayPal,6,620,0,3720,1740,1980
ORD-2024-02690,2024-11-15,2024-11-17,CUST-0051,PRD-024,R108,Distributor,Bank Transfer,3,549,0.05,1564.65,720,844.65
ORD-2024-03357,2024-11-15,2024-11-19,CUST-0150,PRD-027,R107,In-Store,Credit Card,6,260,0,1560,690,870
ORD-2024-00863,2024-11-16,2024-11-19,CUST-0214,PRD-025,R101,Online,Credit Card,3,620,0.2,1488,870,618
ORD-2024-02267,2024-11-16,2024-11-18,CUST-0053,PRD-013,R105,In-Store,Bank Transfer,5,28,0,140,70,70
ORD-2024-02944,2024-11-16,2024-11-21,CUST-0156,PRD-008,R101,In-Store,Credit Card,5,49,0,245,90,155
ORD-2024-01127,2024-11-17,2024-11-21,CUST-0079,PRD-024,R102,Distributor,Credit Card,3,549,0,1647,720,927
ORD-2024-01994,2024-11-17,2024-11-21,CUST-0241,PRD-012,R106,Online,Credit Card,6,199,0.1,1074.6,540,534.6
ORD-2024-02550,2024-11-17,2024-11-21,CUST-0141,PRD-002,R103,Distributor,Credit Card,4,1699,0,6796,4400,2396
ORD-2024-02854,2024-11-17,2024-11-18,CUST-0028,PRD-026,R108,In-Store,PayPal,6,210,0,1260,570,690
ORD-2024-01374,2024-11-18,2024-11-21,CUST-0205,PRD-023,R102,In-Store,PayPal,3,149,0,447,195,252
ORD-2024-00544,2024-11-19,2024-11-21,CUST-0071,PRD-013,R106,In-Store,PayPal,5,28,0.05,133,70,63
ORD-2024-03248,2024-11-19,2024-11-20,CUST-0143,PRD-010,R101,Distributor,Credit Card,3,799,0.05,2277.15,1260,1017.15
ORD-2024-00392,2024-11-20,2024-11-23,CUST-0040,PRD-022,R107,Distributor,Credit Card,5,450,0.1,2025,1050,975
ORD-2024-01055,2024-11-20,2024-11-24,CUST-0058,PRD-018,R104,Distributor,Cash,5,85,0.2,340,200,140
ORD-2024-02601,2024-11-20,2024-11-23,CUST-0021,PRD-003,R101,In-Store,Bank Transfer,4,749,0,2996,1920,1076
ORD-2024-02511,2024-11-21,2024-11-23,CUST-0131,PRD-019,R102,In-Store,Bank Transfer,2,175,0,350,150,200
ORD-2024-00639,2024-11-22,2024-11-23,CUST-0170,PRD-013,R103,Distributor,PayPal,1,28,0,28,14,14
ORD-2024-02043,2024-11-22,2024-11-25,CUST-0126,PRD-008,R108,Distributor,Credit Card,4,49,0,196,72,124
ORD-2024-02840,2024-11-22,2024-11-25,CUST-0137,PRD-024,R104,Distributor,Cash,2,549,0.1,988.2,480,508.2
ORD-2024-00238,2024-11-24,2024-11-29,CUST-0181,PRD-026,R102,Distributor,PayPal,1,210,0.15,178.5,95,83.5
ORD-2024-00417,2024-11-24,2024-11-28,CUST-0129,PRD-014,R105,Online,Credit Card,1,22,0.05,20.9,8,12.9
ORD-2024-01444,2024-11-25,2024-11-26,CUST-0089,PRD-012,R102,In-Store,PayPal,5,199,0,995,450,545
ORD-2024-02468,2024-11-25,2024-11-27,CUST-0230,PRD-012,R103,In-Store,Credit Card,6,199,0.15,1014.9,540,474.9
ORD-2024-03010,2024-11-25,2024-11-28,CUST-0073,PRD-003,R102,Distributor,PayPal,2,749,0.05,1423.1,960,463.1
ORD-2024-00602,2024-11-26,2024-11-29,CUST-0172,PRD-021,R105,In-Store,Bank Transfer,5,289,0,1445,600,845
ORD-2024-01804,2024-11-26,2024-11-28,CUST-0150,PRD-009,R103,Online,PayPal,6,329,0.1,1776.6,1080,696.6
ORD-2024-01833,2024-11-26,2024-11-27,CUST-0053,PRD-004,R102,Online,PayPal,5,2199,0.15,9345.75,7000,2345.75
ORD-2024-02059,2024-11-26,2024-12-01,CUST-0160,PRD-019,R102,In-Store,PayPal,3,175,0.15,446.25,225,221.25
ORD-2024-00069,2024-11-27,2024-12-02,CUST-0027,PRD-018,R104,Distributor,Bank Transfer,3,85,0,255,120,135
ORD-2024-00616,2024-11-27,2024-11-28,CUST-0147,PRD-017,R102,In-Store,PayPal,5,139,0.15,590.75,325,265.75
ORD-2024-02349,2024-11-27,2024-11-30,CUST-0181,PRD-018,R103,Distributor,Bank Transfer,3,85,0.15,216.75,120,96.75
ORD-2024-00260,2024-11-28,2024-12-02,CUST-0123,PRD-007,R107,Distributor,Bank Transfer,3,129,0.1,348.3,165,183.3
ORD-2024-01145,2024-11-28,2024-12-01,CUST-0244,PRD-008,R102,Online,Cash,3,49,0.2,117.6,54,63.6
ORD-2024-01700,2024-11-28,2024-12-03,CUST-0180,PRD-010,R103,Distributor,Bank Transfer,6,799,0,4794,2520,2274
ORD-2024-02019,2024-11-28,2024-11-30,CUST-0077,PRD-005,R106,In-Store,Credit Card,6,39,0,234,90,144
ORD-2024-03196,2024-11-28,2024-12-01,CUST-0129,PRD-019,R104,In-Store,PayPal,1,175,0,175,75,100
ORD-2024-01591,2024-11-29,2024-12-04,CUST-0165,PRD-015,R108,Online,PayPal,4,15,0.2,48,20,28
ORD-2024-00126,2024-11-30,2024-12-02,CUST-0133,PRD-014,R107,Distributor,PayPal,2,22,0.05,41.8,16,25.8
ORD-2024-01219,2024-11-30,2024-12-03,CUST-0067,PRD-021,R103,Online,Bank Transfer,3,289,0.1,780.3,360,420.3
ORD-2024-01778,2024-11-30,2024-12-02,CUST-0144,PRD-023,R108,Online,Bank Transfer,5,149,0.2,596,325,271
ORD-2024-03324,2024-11-30,2024-12-05,CUST-0023,PRD-027,R105,Online,Bank Transfer,6,260,0.05,1482,690,792
ORD-2024-02988,2024-12-01,2024-12-04,CUST-0061,PRD-024,R108,In-Store,PayPal,6,549,0,3294,1440,1854
ORD-2024-00028,2024-12-02,2024-12-05,CUST-0055,PRD-002,R107,In-Store,Cash,5,1699,0.2,6796,5500,1296
ORD-2024-00115,2024-12-02,2024-12-06,CUST-0046,PRD-015,R103,Online,Cash,3,15,0,45,15,30
ORD-2024-01774,2024-12-02,2024-12-03,CUST-0059,PRD-012,R107,Distributor,Cash,6,199,0.05,1134.3,540,594.3
ORD-2024-01961,2024-12-02,2024-12-07,CUST-0226,PRD-027,R103,In-Store,PayPal,5,260,0.15,1105,575,530
ORD-2024-02102,2024-12-02,2024-12-07,CUST-0173,PRD-010,R102,In-Store,Credit Card,1,799,0,799,420,379
ORD-2024-02324,2024-12-02,2024-12-04,CUST-0045,PRD-008,R106,Online,Credit Card,6,49,0.05,279.3,108,171.3
ORD-2024-02569,2024-12-02,2024-12-04,CUST-0109,PRD-016,R104,In-Store,Cash,2,24,0,48,18,30
ORD-2024-01756,2024-12-03,2024-12-07,CUST-0111,PRD-007,R105,Distributor,Cash,6,129,0,774,330,444
ORD-2024-02403,2024-12-03,2024-12-05,CUST-0230,PRD-002,R105,Distributor,Credit Card,5,1699,0.05,8070.25,5500,2570.25
ORD-2024-02646,2024-12-03,2024-12-06,CUST-0124,PRD-006,R105,Distributor,Credit Card,5,89,0.05,422.75,175,247.75
ORD-2024-02609,2024-12-04,2024-12-07,CUST-0139,PRD-010,R107,Online,Bank Transfer,1,799,0.2,639.2,420,219.2
ORD-2024-03315,2024-12-04,2024-12-08,CUST-0023,PRD-008,R104,Online,Credit Card,6,49,0,294,108,186
ORD-2024-01172,2024-12-05,2024-12-06,CUST-0126,PRD-010,R102,In-Store,PayPal,1,799,0,799,420,379
ORD-2024-01555,2024-12-05,2024-12-06,CUST-0107,PRD-002,R101,Online,Bank Transfer,6,1699,0.1,9174.6,6600,2574.6
ORD-2024-02978,2024-12-07,2024-12-10,CUST-0113,PRD-010,R104,Distributor,PayPal,2,799,0.05,1518.1,840,678.1
ORD-2024-00182,2024-12-08,2024-12-11,CUST-0184,PRD-028,R104,In-Store,PayPal,1,135,0.05,128.25,60,68.25
ORD-2024-00320,2024-12-08,2024-12-13,CUST-0210,PRD-011,R104,Distributor,Bank Transfer,3,499,0,1497,780,717
ORD-2024-00343,2024-12-08,2024-12-09,CUST-0165,PRD-003,R104,Online,Cash,5,749,0.05,3557.75,2400,1157.75
ORD-2024-01784,2024-12-08,2024-12-09,CUST-0238,PRD-025,R108,Distributor,PayPal,3,620,0.05,1767,870,897
ORD-2024-02585,2024-12-08,2024-12-09,CUST-0175,PRD-012,R107,In-Store,Credit Card,2,199,0,398,180,218
ORD-2024-03331,2024-12-08,2024-12-12,CUST-0053,PRD-026,R104,In-Store,Cash,1,210,0,210,95,115
ORD-2024-01717,2024-12-09,2024-12-11,CUST-0162,PRD-005,R101,In-Store,PayPal,1,39,0.2,31.2,15,16.2
ORD-2024-02093,2024-12-09,2024-12-12,CUST-0073,PRD-002,R105,Distributor,Cash,6,1699,0.15,8664.9,6600,2064.9
ORD-2024-02791,2024-12-09,2024-12-13,CUST-0056,PRD-011,R104,Distributor,Credit Card,2,499,0.1,898.2,520,378.2
ORD-2024-03445,2024-12-09,2024-12-11,CUST-0249,PRD-027,R104,In-Store,Bank Transfer,4,260,0.15,884,460,424
ORD-2024-00243,2024-12-10,2024-12-14,CUST-0008,PRD-023,R105,Online,Cash,4,149,0.05,566.2,260,306.2
ORD-2024-00589,2024-12-10,2024-12-12,CUST-0151,PRD-024,R103,Online,PayPal,1,549,0.1,494.1,240,254.1
ORD-2024-00973,2024-12-10,2024-12-15,CUST-0210,PRD-025,R103,Online,Credit Card,4,620,0.15,2108,1160,948
ORD-2024-01140,2024-12-10,2024-12-11,CUST-0162,PRD-027,R104,In-Store,PayPal,3,260,0,780,345,435
ORD-2024-01429,2024-12-10,2024-12-12,CUST-0090,PRD-026,R104,Online,Credit Card,3,210,0.1,567,285,282
ORD-2024-02373,2024-12-10,2024-12-12,CUST-0236,PRD-026,R105,In-Store,PayPal,4,210,0.1,756,380,376
ORD-2024-02493,2024-12-10,2024-12-13,CUST-0167,PRD-019,R101,Online,Bank Transfer,3,175,0.1,472.5,225,247.5
ORD-2024-03098,2024-12-10,2024-12-13,CUST-0174,PRD-024,R107,In-Store,Bank Transfer,6,549,0.05,3129.3,1440,1689.3
ORD-2024-03358,2024-12-10,2024-12-12,CUST-0021,PRD-022,R103,In-Store,Cash,6,450,0,2700,1260,1440
ORD-2024-02096,2024-12-11,2024-12-13,CUST-0084,PRD-008,R106,Distributor,Credit Card,1,49,0,49,18,31
ORD-2024-02816,2024-12-11,2024-12-12,CUST-0205,PRD-020,R106,Distributor,Bank Transfer,6,230,0,1380,660,720
ORD-2024-03163,2024-12-11,2024-12-12,CUST-0191,PRD-017,R101,Distributor,Bank Transfer,5,139,0,695,325,370
ORD-2024-01222,2024-12-12,2024-12-16,CUST-0237,PRD-013,R108,Online,Credit Card,3,28,0.05,79.8,42,37.8
ORD-2024-00298,2024-12-13,2024-12-16,CUST-0095,PRD-008,R108,In-Store,Credit Card,1,49,0.05,46.55,18,28.55
ORD-2024-01017,2024-12-13,2024-12-16,CUST-0211,PRD-016,R101,In-Store,Credit Card,2,24,0.05,45.6,18,27.6
ORD-2024-01780,2024-12-13,2024-12-17,CUST-0224,PRD-014,R101,Distributor,Cash,3,22,0.1,59.4,24,35.4
ORD-2024-01820,2024-12-13,2024-12-17,CUST-0212,PRD-001,R102,In-Store,Bank Transfer,4,999,0.1,3596.4,2600,996.4
ORD-2024-02645,2024-12-13,2024-12-17,CUST-0120,PRD-012,R105,Distributor,PayPal,2,199,0.05,378.1,180,198.1
ORD-2024-02715,2024-12-13,2024-12-14,CUST-0057,PRD-014,R103,Online,PayPal,1,22,0,22,8,14
ORD-2024-02813,2024-12-13,2024-12-18,CUST-0069,PRD-019,R106,In-Store,PayPal,5,175,0.05,831.25,375,456.25
ORD-2024-02899,2024-12-13,2024-12-14,CUST-0028,PRD-003,R105,Distributor,PayPal,6,749,0,4494,2880,1614
ORD-2024-02906,2024-12-13,2024-12-16,CUST-0201,PRD-020,R105,Distributor,PayPal,5,230,0,1150,550,600
ORD-2024-02950,2024-12-13,2024-12-15,CUST-0250,PRD-022,R105,In-Store,Cash,5,450,0.05,2137.5,1050,1087.5
ORD-2024-00657,2024-12-14,2024-12-16,CUST-0149,PRD-012,R103,Online,Cash,1,199,0.2,159.2,90,69.2
ORD-2024-02729,2024-12-14,2024-12-19,CUST-0199,PRD-009,R106,Online,Bank Transfer,6,329,0.15,1677.9,1080,597.9
ORD-2024-02927,2024-12-14,2024-12-18,CUST-0019,PRD-006,R102,Online,PayPal,5,89,0.2,356,175,181
ORD-2024-00488,2024-12-15,2024-12-20,CUST-0109,PRD-011,R108,In-Store,PayPal,3,499,0.05,1422.15,780,642.15
ORD-2024-01522,2024-12-15,2024-12-18,CUST-0008,PRD-003,R105,Online,Credit Card,1,749,0,749,480,269
ORD-2024-02201,2024-12-15,2024-12-16,CUST-0124,PRD-005,R106,Online,Bank Transfer,5,39,0.1,175.5,75,100.5
ORD-2024-03269,2024-12-15,2024-12-17,CUST-0103,PRD-018,R106,Online,Cash,5,85,0.2,340,200,140
ORD-2024-01328,2024-12-16,2024-12-18,CUST-0170,PRD-004,R103,In-Store,Cash,6,2199,0,13194,8400,4794
ORD-2024-01362,2024-12-16,2024-12-19,CUST-0167,PRD-006,R104,In-Store,PayPal,3,89,0.05,253.65,105,148.65
ORD-2024-02912,2024-12-16,2024-12-21,CUST-0221,PRD-024,R108,Online,Credit Card,5,549,0.1,2470.5,1200,1270.5
ORD-2024-02254,2024-12-17,2024-12-22,CUST-0176,PRD-010,R104,Online,Cash,2,799,0,1598,840,758
ORD-2024-02726,2024-12-17,2024-12-22,CUST-0144,PRD-002,R107,In-Store,Credit Card,5,1699,0.2,6796,5500,1296
ORD-2024-00187,2024-12-18,2024-12-21,CUST-0083,PRD-012,R107,Distributor,Credit Card,5,199,0.1,895.5,450,445.5
ORD-2024-01635,2024-12-18,2024-12-22,CUST-0004,PRD-013,R108,In-Store,Cash,3,28,0.1,75.6,42,33.6
ORD-2024-00321,2024-12-19,2024-12-22,CUST-0163,PRD-022,R102,Online,Cash,2,450,0.05,855,420,435
ORD-2024-00466,2024-12-19,2024-12-22,CUST-0019,PRD-012,R106,Distributor,Cash,5,199,0,995,450,545
ORD-2024-01053,2024-12-19,2024-12-24,CUST-0077,PRD-001,R107,Online,Cash,6,999,0.05,5694.3,3900,1794.3
ORD-2024-01577,2024-12-19,2024-12-22,CUST-0054,PRD-006,R103,In-Store,Bank Transfer,2,89,0.05,169.1,70,99.1
ORD-2024-02822,2024-12-19,2024-12-20,CUST-0241,PRD-027,R104,In-Store,Bank Transfer,3,260,0.05,741,345,396
ORD-2024-03161,2024-12-19,2024-12-20,CUST-0155,PRD-024,R103,In-Store,PayPal,2,549,0.15,933.3,480,453.3
ORD-2024-00739,2024-12-20,2024-12-22,CUST-0012,PRD-022,R106,Distributor,Cash,5,450,0,2250,1050,1200
ORD-2024-01245,2024-12-20,2024-12-25,CUST-0008,PRD-010,R102,Online,Credit Card,1,799,0,799,420,379
ORD-2024-01733,2024-12-20,2024-12-22,CUST-0139,PRD-017,R106,Online,PayPal,6,139,0.05,792.3,390,402.3
ORD-2024-00985,2024-12-21,2024-12-25,CUST-0103,PRD-001,R103,Online,PayPal,1,999,0,999,650,349
ORD-2024-01707,2024-12-21,2024-12-23,CUST-0025,PRD-028,R107,Distributor,Cash,2,135,0.05,256.5,120,136.5
ORD-2024-02552,2024-12-21,2024-12-22,CUST-0165,PRD-024,R103,Online,PayPal,3,549,0,1647,720,927
ORD-2024-02700,2024-12-21,2024-12-22,CUST-0181,PRD-015,R107,Online,PayPal,2,15,0.1,27,10,17
ORD-2024-02216,2024-12-22,2024-12-24,CUST-0171,PRD-016,R103,In-Store,Bank Transfer,1,24,0,24,9,15
ORD-2024-03011,2024-12-22,2024-12-26,CUST-0119,PRD-008,R108,Online,Credit Card,5,49,0.05,232.75,90,142.75
ORD-2024-03202,2024-12-23,2024-12-26,CUST-0250,PRD-024,R107,Distributor,PayPal,1,549,0.2,439.2,240,199.2
ORD-2024-00622,2024-12-24,2024-12-29,CUST-0096,PRD-012,R105,In-Store,Cash,5,199,0.05,945.25,450,495.25
ORD-2024-01940,2024-12-24,2024-12-25,CUST-0099,PRD-003,R106,Online,Credit Card,6,749,0.2,3595.2,2880,715.2
ORD-2024-03373,2024-12-24,2024-12-29,CUST-0113,PRD-024,R107,In-Store,PayPal,2,549,0.05,1043.1,480,563.1
ORD-2024-00781,2024-12-25,2024-12-28,CUST-0096,PRD-003,R106,In-Store,Cash,2,749,0.05,1423.1,960,463.1
ORD-2024-01542,2024-12-25,2024-12-28,CUST-0161,PRD-019,R103,Distributor,Bank Transfer,1,175,0.1,157.5,75,82.5
ORD-2024-00414,2024-12-26,2024-12-31,CUST-0193,PRD-015,R107,In-Store,Cash,6,15,0,90,30,60
ORD-2024-02082,2024-12-26,2024-12-28,CUST-0163,PRD-004,R107,Online,Credit Card,4,2199,0.05,8356.2,5600,2756.2
ORD-2024-02892,2024-12-26,2024-12-27,CUST-0072,PRD-012,R104,Online,PayPal,3,199,0,597,270,327
ORD-2024-03305,2024-12-26,2024-12-31,CUST-0119,PRD-021,R106,In-Store,Bank Transfer,1,289,0.05,274.55,120,154.55
ORD-2024-00570,2024-12-27,2024-12-31,CUST-0154,PRD-010,R105,In-Store,Bank Transfer,1,799,0.05,759.05,420,339.05
ORD-2024-00896,2024-12-27,2024-12-30,CUST-0019,PRD-004,R108,In-Store,Cash,5,2199,0,10995,7000,3995
ORD-2024-01011,2024-12-27,2024-12-29,CUST-0023,PRD-011,R101,Online,PayPal,4,499,0.1,1796.4,1040,756.4
ORD-2024-01295,2024-12-27,2024-12-29,CUST-0208,PRD-028,R108,Online,Cash,1,135,0.1,121.5,60,61.5
ORD-2024-02193,2024-12-27,2024-12-30,CUST-0239,PRD-014,R104,In-Store,Bank Transfer,3,22,0.05,62.7,24,38.7
ORD-2024-01235,2024-12-28,2024-12-30,CUST-0084,PRD-018,R103,In-Store,Cash,5,85,0,425,200,225
ORD-2024-02186,2024-12-28,2024-12-29,CUST-0080,PRD-004,R106,In-Store,PayPal,4,2199,0,8796,5600,3196
ORD-2024-00558,2024-12-29,2025-01-02,CUST-0228,PRD-006,R101,Distributor,Credit Card,5,89,0.2,356,175,181
ORD-2024-01050,2024-12-29,2024-12-31,CUST-0144,PRD-008,R108,Distributor,PayPal,5,49,0,245,90,155
ORD-2024-02747,2024-12-29,2024-12-30,CUST-0232,PRD-008,R101,Online,Cash,5,49,0.2,196,90,106
ORD-2024-01103,2024-12-30,2025-01-03,CUST-0201,PRD-013,R103,In-Store,PayPal,4,28,0.05,106.4,56,50.4
ORD-2024-02109,2024-12-30,2025-01-04,CUST-0144,PRD-027,R107,Distributor,Bank Transfer,5,260,0.2,1040,575,465
ORD-2024-00665,2024-12-31,2025-01-01,CUST-0223,PRD-009,R102,In-Store,Cash,6,329,0.05,1875.3,1080,795.3
ORD-2024-01877,2024-12-31,2025-01-02,CUST-0180,PRD-020,R106,Online,Credit Card,4,230,0,920,440,480
ORD-2024-02157,2024-12-31,2025-01-03,CUST-0104,PRD-028,R107,Distributor,Cash,1,135,0.1,121.5,60,61.5
ORD-2024-02196,2024-12-31,2025-01-01,CUST-0095,PRD-010,R107,Online,Credit Card,6,799,0.2,3835.2,2520,1315.2
ORD-2024-02672,2024-12-31,2025-01-04,CUST-0150,PRD-007,R104,Distributor,PayPal,1,129,0.1,116.1,55,61.1
ORD-2024-03437,2024-12-31,2025-01-03,CUST-0059,PRD-011,R101,Online,PayPal,6,499,0,2994,1560,1434
ORD-2024-03471,2024-12-31,2025-01-05,CUST-0117,PRD-001,R107,In-Store,Bank Transfer,2,999,0.05,1898.1,1300,598.1
ORD-2025-01025,2025-01-01,2025-01-06,CUST-0005,PRD-019,R102,Distributor,Bank Transfer,6,175,0,1050,450,600
ORD-2025-02736,2025-01-01,2025-01-03,CUST-0160,PRD-024,R105,In-Store,Credit Card,6,549,0,3294,1440,1854
ORD-2025-00103,2025-01-03,2025-01-07,CUST-0170,PRD-014,R104,In-Store,Cash,5,22,0,110,40,70
ORD-2025-02114,2025-01-03,2025-01-08,CUST-0180,PRD-005,R102,Online,Credit Card,6,39,0.05,222.3,90,132.3
ORD-2025-00185,2025-01-04,2025-01-06,CUST-0076,PRD-021,R105,Online,Bank Transfer,6,289,0.2,1387.2,720,667.2
ORD-2025-01724,2025-01-04,2025-01-07,CUST-0054,PRD-015,R107,In-Store,Credit Card,2,15,0.05,28.5,10,18.5
ORD-2025-01860,2025-01-04,2025-01-09,CUST-0132,PRD-027,R108,Online,Bank Transfer,1,260,0.05,247,115,132
ORD-2025-00719,2025-01-05,2025-01-06,CUST-0208,PRD-015,R108,Online,Bank Transfer,1,15,0,15,5,10
ORD-2025-02680,2025-01-05,2025-01-08,CUST-0151,PRD-024,R106,In-Store,Cash,6,549,0.05,3129.3,1440,1689.3
ORD-2025-02765,2025-01-05,2025-01-08,CUST-0200,PRD-015,R105,Distributor,Bank Transfer,3,15,0.2,36,15,21
ORD-2025-03368,2025-01-05,2025-01-06,CUST-0228,PRD-006,R103,In-Store,PayPal,4,89,0.05,338.2,140,198.2
ORD-2025-00931,2025-01-06,2025-01-08,CUST-0104,PRD-023,R102,Online,Bank Transfer,3,149,0,447,195,252
ORD-2025-01298,2025-01-06,2025-01-11,CUST-0056,PRD-021,R108,In-Store,Credit Card,5,289,0.05,1372.75,600,772.75
ORD-2025-01986,2025-01-06,2025-01-10,CUST-0019,PRD-001,R103,In-Store,Credit Card,1,999,0,999,650,349
ORD-2025-00964,2025-01-07,2025-01-08,CUST-0212,PRD-008,R102,In-Store,PayPal,1,49,0.05,46.55,18,28.55
ORD-2025-02318,2025-01-07,2025-01-08,CUST-0208,PRD-020,R101,In-Store,PayPal,5,230,0.2,920,550,370
ORD-2025-00378,2025-01-08,2025-01-11,CUST-0200,PRD-005,R106,In-Store,PayPal,4,39,0.1,140.4,60,80.4
ORD-2025-00663,2025-01-08,2025-01-10,CUST-0211,PRD-014,R104,Distributor,Cash,3,22,0.05,62.7,24,38.7
ORD-2025-00704,2025-01-08,2025-01-13,CUST-0019,PRD-011,R102,Distributor,PayPal,2,499,0.05,948.1,520,428.1
ORD-2025-02573,2025-01-08,2025-01-12,CUST-0186,PRD-002,R107,In-Store,Credit Card,3,1699,0.05,4842.15,3300,1542.15
ORD-2025-00077,2025-01-09,2025-01-12,CUST-0238,PRD-020,R106,In-Store,Bank Transfer,1,230,0,230,110,120
ORD-2025-01270,2025-01-09,2025-01-14,CUST-0054,PRD-012,R107,Online,Bank Transfer,1,199,0.1,179.1,90,89.1
ORD-2025-01422,2025-01-09,2025-01-13,CUST-0083,PRD-022,R105,Distributor,PayPal,5,450,0,2250,1050,1200
ORD-2025-01563,2025-01-09,2025-01-12,CUST-0039,PRD-010,R106,In-Store,Credit Card,2,799,0.2,1278.4,840,438.4
ORD-2025-02173,2025-01-09,2025-01-12,CUST-0079,PRD-010,R103,Distributor,PayPal,2,799,0.05,1518.1,840,678.1
ORD-2025-02551,2025-01-09,2025-01-10,CUST-0009,PRD-026,R101,Distributor,Cash,6,210,0.15,1071,570,501
ORD-2025-02710,2025-01-09,2025-01-12,CUST-0073,PRD-016,R102,In-Store,PayPal,5,24,0.2,96,45,51
ORD-2025-02768,2025-01-09,2025-01-11,CUST-0021,PRD-001,R108,In-Store,Cash,2,999,0,1998,1300,698
ORD-2025-00540,2025-01-10,2025-01-13,CUST-0070,PRD-023,R106,In-Store,Credit Card,3,149,0.15,379.95,195,184.95
ORD-2025-01569,2025-01-10,2025-01-15,CUST-0138,PRD-028,R101,In-Store,Credit Card,5,135,0,675,300,375
ORD-2025-02257,2025-01-10,2025-01-13,CUST-0231,PRD-007,R108,In-Store,Cash,3,129,0.2,309.6,165,144.6
ORD-2025-02322,2025-01-10,2025-01-13,CUST-0161,PRD-021,R102,In-Store,Bank Transfer,1,289,0.05,274.55,120,154.55
ORD-2025-03344,2025-01-10,2025-01-12,CUST-0213,PRD-001,R101,In-Store,Cash,4,999,0.05,3796.2,2600,1196.2
ORD-2025-01744,2025-01-11,2025-01-15,CUST-0230,PRD-005,R106,Distributor,PayPal,5,39,0,195,75,120
ORD-2025-03260,2025-01-11,2025-01-15,CUST-0074,PRD-007,R103,In-Store,PayPal,5,129,0.15,548.25,275,273.25
ORD-2025-03399,2025-01-11,2025-01-16,CUST-0092,PRD-026,R102,Online,Bank Transfer,5,210,0,1050,475,575
ORD-2025-03477,2025-01-11,2025-01-12,CUST-0245,PRD-013,R108,Distributor,Bank Transfer,6,28,0,168,84,84
ORD-2025-01084,2025-01-12,2025-01-13,CUST-0249,PRD-020,R104,Online,PayPal,3,230,0,690,330,360
ORD-2025-01528,2025-01-12,2025-01-14,CUST-0166,PRD-018,R104,Distributor,Cash,1,85,0,85,40,45
ORD-2025-02000,2025-01-12,2025-01-16,CUST-0065,PRD-027,R107,In-Store,Credit Card,2,260,0.1,468,230,238
ORD-2025-02631,2025-01-12,2025-01-16,CUST-0105,PRD-022,R103,Online,Bank Transfer,4,450,0.1,1620,840,780
ORD-2025-01545,2025-01-13,2025-01-14,CUST-0153,PRD-012,R103,In-Store,Cash,2,199,0.15,338.3,180,158.3
ORD-2025-02026,2025-01-13,2025-01-16,CUST-0079,PRD-012,R101,Online,Bank Transfer,1,199,0.05,189.05,90,99.05
ORD-2025-03464,2025-01-13,2025-01-15,CUST-0248,PRD-011,R102,Online,PayPal,4,499,0.15,1696.6,1040,656.6
ORD-2025-01144,2025-01-14,2025-01-15,CUST-0107,PRD-016,R102,In-Store,Bank Transfer,6,24,0.15,122.4,54,68.4
ORD-2025-01839,2025-01-14,2025-01-17,CUST-0032,PRD-027,R106,In-Store,Bank Transfer,3,260,0.1,702,345,357
ORD-2025-00035,2025-01-15,2025-01-18,CUST-0052,PRD-008,R107,Distributor,Credit Card,4,49,0.15,166.6,72,94.6
ORD-2025-01198,2025-01-15,2025-01-19,CUST-0239,PRD-019,R108,In-Store,PayPal,5,175,0,875,375,500
ORD-2025-01474,2025-01-15,2025-01-16,CUST-0214,PRD-014,R103,Distributor,Credit Card,2,22,0.05,41.8,16,25.8
ORD-2025-02206,2025-01-15,2025-01-19,CUST-0148,PRD-017,R104,Distributor,Cash,6,139,0.05,792.3,390,402.3
ORD-2025-01346,2025-01-16,2025-01-20,CUST-0020,PRD-028,R105,Distributor,Cash,4,135,0.05,513,240,273
ORD-2025-01723,2025-01-16,2025-01-18,CUST-0233,PRD-015,R101,Distributor,PayPal,2,15,0.15,25.5,10,15.5
ORD-2025-02751,2025-01-16,2025-01-21,CUST-0009,PRD-001,R102,In-Store,Credit Card,3,999,0,2997,1950,1047
ORD-2025-03488,2025-01-16,2025-01-20,CUST-0115,PRD-018,R107,Online,Credit Card,2,85,0.05,161.5,80,81.5
ORD-2025-02063,2025-01-17,2025-01-19,CUST-0058,PRD-017,R102,In-Store,Bank Transfer,6,139,0.05,792.3,390,402.3
ORD-2025-02866,2025-01-17,2025-01-19,CUST-0113,PRD-005,R102,Online,PayPal,2,39,0,78,30,48
ORD-2025-02959,2025-01-17,2025-01-18,CUST-0173,PRD-021,R102,Distributor,PayPal,4,289,0,1156,480,676
ORD-2025-00381,2025-01-18,2025-01-21,CUST-0245,PRD-001,R103,In-Store,PayPal,2,999,0.2,1598.4,1300,298.4
ORD-2025-01164,2025-01-18,2025-01-22,CUST-0147,PRD-017,R101,Online,Cash,4,139,0.2,444.8,260,184.8
ORD-2025-01279,2025-01-18,2025-01-19,CUST-0133,PRD-019,R104,Distributor,Cash,3,175,0.1,472.5,225,247.5
ORD-2025-03058,2025-01-19,2025-01-24,CUST-0091,PRD-020,R102,In-Store,PayPal,1,230,0,230,110,120
ORD-2025-00236,2025-01-20,2025-01-25,CUST-0056,PRD-020,R102,Distributor,Bank Transfer,1,230,0.05,218.5,110,108.5
ORD-2025-02593,2025-01-20,2025-01-22,CUST-0098,PRD-018,R106,Distributor,Cash,1,85,0.05,80.75,40,40.75
ORD-2025-03408,2025-01-20,2025-01-24,CUST-0091,PRD-014,R104,Distributor,PayPal,5,22,0.15,93.5,40,53.5
ORD-2025-00173,2025-01-21,2025-01-23,CUST-0163,PRD-004,R102,Online,Credit Card,4,2199,0,8796,5600,3196
ORD-2025-00079,2025-01-22,2025-01-24,CUST-0120,PRD-007,R106,Online,Credit Card,6,129,0.1,696.6,330,366.6
ORD-2025-00393,2025-01-22,2025-01-27,CUST-0191,PRD-015,R102,In-Store,Bank Transfer,4,15,0.05,57,20,37
ORD-2025-02830,2025-01-22,2025-01-24,CUST-0163,PRD-005,R104,Online,Credit Card,4,39,0.05,148.2,60,88.2
ORD-2025-02986,2025-01-22,2025-01-25,CUST-0249,PRD-006,R108,Distributor,Bank Transfer,3,89,0.1,240.3,105,135.3
ORD-2025-03295,2025-01-22,2025-01-26,CUST-0009,PRD-028,R107,In-Store,PayPal,6,135,0,810,360,450
ORD-2025-01899,2025-01-23,2025-01-27,CUST-0242,PRD-007,R102,Online,Bank Transfer,4,129,0,516,220,296
ORD-2025-02695,2025-01-23,2025-01-24,CUST-0250,PRD-007,R107,Online,Cash,3,129,0,387,165,222
ORD-2025-02703,2025-01-23,2025-01-27,CUST-0220,PRD-007,R104,Online,Bank Transfer,6,129,0.15,657.9,330,327.9
ORD-2025-02734,2025-01-23,2025-01-27,CUST-0113,PRD-022,R104,Distributor,Cash,4,450,0.2,1440,840,600
ORD-2025-03092,2025-01-23,2025-01-24,CUST-0215,PRD-002,R108,In-Store,PayPal,6,1699,0.05,9684.3,6600,3084.3
ORD-2025-01710,2025-01-24,2025-01-25,CUST-0004,PRD-016,R106,Distributor,Bank Transfer,6,24,0.15,122.4,54,68.4
ORD-2025-01852,2025-01-24,2025-01-26,CUST-0030,PRD-024,R102,Distributor,PayPal,6,549,0,3294,1440,1854
ORD-2025-02929,2025-01-24,2025-01-25,CUST-0140,PRD-009,R106,Online,PayPal,4,329,0,1316,720,596
ORD-2025-01663,2025-01-25,2025-01-28,CUST-0239,PRD-003,R107,Distributor,Cash,4,749,0,2996,1920,1076
ORD-2025-02802,2025-01-25,2025-01-29,CUST-0214,PRD-023,R108,Online,Cash,2,149,0.05,283.1,130,153.1
ORD-2025-00623,2025-01-26,2025-01-30,CUST-0182,PRD-021,R106,In-Store,PayPal,5,289,0.15,1228.25,600,628.25
ORD-2025-01192,2025-01-26,2025-01-29,CUST-0061,PRD-009,R104,Distributor,Credit Card,2,329,0,658,360,298
ORD-2025-01416,2025-01-26,2025-01-27,CUST-0220,PRD-027,R108,Online,Bank Transfer,6,260,0.05,1482,690,792
ORD-2025-02175,2025-01-27,2025-01-29,CUST-0115,PRD-003,R105,In-Store,Bank Transfer,4,749,0,2996,1920,1076
ORD-2025-00351,2025-01-28,2025-01-31,CUST-0137,PRD-023,R105,Online,Bank Transfer,3,149,0.05,424.65,195,229.65
ORD-2025-00932,2025-01-28,2025-02-02,CUST-0239,PRD-006,R107,Distributor,PayPal,4,89,0.2,284.8,140,144.8
ORD-2025-01148,2025-01-28,2025-02-02,CUST-0250,PRD-009,R104,In-Store,Cash,5,329,0,1645,900,745
ORD-2025-01507,2025-01-28,2025-01-30,CUST-0122,PRD-027,R102,Online,Credit Card,2,260,0.05,494,230,264
ORD-2025-02995,2025-01-28,2025-02-02,CUST-0176,PRD-003,R105,Distributor,Cash,3,749,0.05,2134.65,1440,694.65
ORD-2025-03349,2025-01-28,2025-02-02,CUST-0025,PRD-014,R102,In-Store,Bank Transfer,2,22,0.1,39.6,16,23.6
ORD-2025-01537,2025-01-29,2025-02-02,CUST-0072,PRD-007,R108,In-Store,Credit Card,2,129,0.15,219.3,110,109.3
ORD-2025-03240,2025-01-29,2025-02-01,CUST-0238,PRD-019,R107,In-Store,Credit Card,2,175,0.05,332.5,150,182.5
ORD-2025-00171,2025-01-30,2025-02-01,CUST-0144,PRD-004,R107,Distributor,Credit Card,1,2199,0,2199,1400,799
ORD-2025-01078,2025-01-30,2025-02-04,CUST-0117,PRD-028,R105,Online,Credit Card,3,135,0.15,344.25,180,164.25
ORD-2025-02240,2025-01-30,2025-01-31,CUST-0029,PRD-006,R103,In-Store,Cash,2,89,0.1,160.2,70,90.2
ORD-2025-02527,2025-01-30,2025-01-31,CUST-0118,PRD-018,R105,Distributor,Cash,2,85,0,170,80,90
ORD-2025-03153,2025-01-30,2025-02-01,CUST-0011,PRD-027,R103,In-Store,Bank Transfer,2,260,0.05,494,230,264
ORD-2025-00151,2025-01-31,2025-02-04,CUST-0073,PRD-005,R107,Distributor,Bank Transfer,2,39,0.15,66.3,30,36.3
ORD-2025-00254,2025-01-31,2025-02-01,CUST-0215,PRD-025,R105,Distributor,Credit Card,6,620,0.2,2976,1740,1236
ORD-2025-01893,2025-01-31,2025-02-04,CUST-0121,PRD-028,R108,Online,Bank Transfer,4,135,0,540,240,300
ORD-2025-02072,2025-02-01,2025-02-05,CUST-0142,PRD-006,R102,Online,Credit Card,1,89,0.05,84.55,35,49.55
ORD-2025-02915,2025-02-01,2025-02-03,CUST-0218,PRD-006,R107,Distributor,Bank Transfer,5,89,0.05,422.75,175,247.75
ORD-2025-02963,2025-02-01,2025-02-02,CUST-0147,PRD-022,R104,Online,PayPal,6,450,0.1,2430,1260,1170
ORD-2025-03386,2025-02-01,2025-02-03,CUST-0106,PRD-002,R105,Distributor,Cash,3,1699,0.2,4077.6,3300,777.6
ORD-2025-00698,2025-02-02,2025-02-07,CUST-0131,PRD-004,R105,Distributor,Credit Card,3,2199,0.15,5607.45,4200,1407.45
ORD-2025-01666,2025-02-02,2025-02-07,CUST-0183,PRD-008,R107,In-Store,Credit Card,1,49,0.05,46.55,18,28.55
ORD-2025-01998,2025-02-02,2025-02-06,CUST-0129,PRD-007,R103,In-Store,Bank Transfer,5,129,0,645,275,370
ORD-2025-02834,2025-02-02,2025-02-05,CUST-0201,PRD-015,R104,In-Store,Credit Card,4,15,0.05,57,20,37
ORD-2025-02934,2025-02-02,2025-02-07,CUST-0218,PRD-008,R104,Distributor,Bank Transfer,2,49,0.15,83.3,36,47.3
ORD-2025-03325,2025-02-02,2025-02-04,CUST-0196,PRD-018,R105,In-Store,Credit Card,2,85,0.1,153,80,73
ORD-2025-01036,2025-02-03,2025-02-04,CUST-0191,PRD-016,R104,In-Store,PayPal,1,24,0.2,19.2,9,10.2
ORD-2025-00162,2025-02-04,2025-02-08,CUST-0036,PRD-002,R101,Online,Bank Transfer,4,1699,0,6796,4400,2396
ORD-2025-01475,2025-02-04,2025-02-07,CUST-0125,PRD-010,R108,Distributor,PayPal,1,799,0,799,420,379
ORD-2025-02494,2025-02-04,2025-02-09,CUST-0205,PRD-024,R104,Distributor,Bank Transfer,4,549,0,2196,960,1236
ORD-2025-03402,2025-02-04,2025-02-06,CUST-0125,PRD-009,R107,Online,Bank Transfer,3,329,0,987,540,447
ORD-2025-01714,2025-02-05,2025-02-09,CUST-0178,PRD-009,R102,Distributor,PayPal,5,329,0.05,1562.75,900,662.75
ORD-2025-02384,2025-02-05,2025-02-07,CUST-0064,PRD-007,R107,In-Store,Cash,4,129,0.05,490.2,220,270.2
ORD-2025-01562,2025-02-06,2025-02-07,CUST-0080,PRD-001,R106,Online,Bank Transfer,4,999,0,3996,2600,1396
ORD-2025-02823,2025-02-06,2025-02-11,CUST-0089,PRD-006,R108,In-Store,Cash,3,89,0.2,213.6,105,108.6
ORD-2025-00068,2025-02-07,2025-02-10,CUST-0210,PRD-020,R101,In-Store,Credit Card,4,230,0,920,440,480
ORD-2025-00121,2025-02-07,2025-02-12,CUST-0120,PRD-023,R101,Online,PayPal,1,149,0.05,141.55,65,76.55
ORD-2025-00707,2025-02-07,2025-02-08,CUST-0103,PRD-025,R101,Distributor,Credit Card,2,620,0,1240,580,660
ORD-2025-01400,2025-02-07,2025-02-11,CUST-0174,PRD-001,R106,Distributor,Credit Card,5,999,0,4995,3250,1745
ORD-2025-00051,2025-02-08,2025-02-11,CUST-0010,PRD-023,R104,Online,Cash,4,149,0.15,506.6,260,246.6
ORD-2025-00142,2025-02-08,2025-02-12,CUST-0178,PRD-021,R102,Distributor,Cash,1,289,0.15,245.65,120,125.65
ORD-2025-01497,2025-02-08,2025-02-11,CUST-0106,PRD-023,R105,In-Store,Cash,2,149,0.1,268.2,130,138.2
ORD-2025-00676,2025-02-09,2025-02-13,CUST-0163,PRD-017,R106,In-Store,Bank Transfer,4,139,0.2,444.8,260,184.8
ORD-2025-00694,2025-02-10,2025-02-15,CUST-0239,PRD-020,R106,In-Store,PayPal,4,230,0.05,874,440,434
ORD-2025-01331,2025-02-10,2025-02-11,CUST-0069,PRD-024,R103,In-Store,Credit Card,6,549,0,3294,1440,1854
ORD-2025-00207,2025-02-11,2025-02-12,CUST-0029,PRD-027,R106,Online,Cash,6,260,0.05,1482,690,792
ORD-2025-00899,2025-02-11,2025-02-13,CUST-0013,PRD-007,R107,In-Store,PayPal,1,129,0.15,109.65,55,54.65
ORD-2025-01610,2025-02-11,2025-02-15,CUST-0006,PRD-001,R108,In-Store,PayPal,6,999,0.2,4795.2,3900,895.2
ORD-2025-00687,2025-02-12,2025-02-13,CUST-0200,PRD-026,R102,Online,Bank Transfer,6,210,0.05,1197,570,627
ORD-2025-00987,2025-02-12,2025-02-14,CUST-0022,PRD-006,R102,In-Store,Bank Transfer,5,89,0,445,175,270
ORD-2025-01533,2025-02-12,2025-02-15,CUST-0247,PRD-023,R101,Online,Credit Card,2,149,0.1,268.2,130,138.2
ORD-2025-00009,2025-02-13,2025-02-15,CUST-0136,PRD-001,R107,Distributor,Credit Card,3,999,0.2,2397.6,1950,447.6
ORD-2025-00268,2025-02-13,2025-02-18,CUST-0039,PRD-009,R103,In-Store,PayPal,6,329,0.15,1677.9,1080,597.9
ORD-2025-02118,2025-02-13,2025-02-18,CUST-0050,PRD-008,R106,In-Store,Cash,4,49,0,196,72,124
ORD-2025-02396,2025-02-13,2025-02-17,CUST-0135,PRD-023,R105,Distributor,Cash,4,149,0.15,506.6,260,246.6
ORD-2025-01091,2025-02-14,2025-02-15,CUST-0244,PRD-027,R108,Online,PayPal,6,260,0,1560,690,870
ORD-2025-01965,2025-02-14,2025-02-16,CUST-0026,PRD-017,R101,Online,PayPal,1,139,0,139,65,74
ORD-2025-02268,2025-02-14,2025-02-16,CUST-0004,PRD-009,R101,In-Store,Cash,2,329,0,658,360,298
ORD-2025-02547,2025-02-14,2025-02-19,CUST-0014,PRD-014,R103,Online,Credit Card,4,22,0.2,70.4,32,38.4
ORD-2025-01147,2025-02-15,2025-02-17,CUST-0139,PRD-008,R104,In-Store,Bank Transfer,5,49,0.05,232.75,90,142.75
ORD-2025-02020,2025-02-15,2025-02-16,CUST-0142,PRD-017,R108,Online,Bank Transfer,6,139,0,834,390,444
ORD-2025-02229,2025-02-15,2025-02-17,CUST-0076,PRD-001,R108,Online,Credit Card,5,999,0.05,4745.25,3250,1495.25
ORD-2025-00418,2025-02-16,2025-02-21,CUST-0111,PRD-019,R102,Online,Bank Transfer,2,175,0,350,150,200
ORD-2025-02824,2025-02-17,2025-02-20,CUST-0200,PRD-002,R101,Online,Cash,5,1699,0.15,7220.75,5500,1720.75
ORD-2025-03082,2025-02-17,2025-02-21,CUST-0199,PRD-017,R103,Online,Bank Transfer,2,139,0.05,264.1,130,134.1
ORD-2025-03318,2025-02-17,2025-02-19,CUST-0096,PRD-021,R104,In-Store,PayPal,4,289,0.05,1098.2,480,618.2
ORD-2025-01605,2025-02-18,2025-02-23,CUST-0027,PRD-007,R108,In-Store,PayPal,6,129,0.1,696.6,330,366.6
ORD-2025-03028,2025-02-18,2025-02-23,CUST-0150,PRD-010,R107,Online,Cash,3,799,0,2397,1260,1137
ORD-2025-03268,2025-02-18,2025-02-23,CUST-0092,PRD-014,R108,In-Store,PayPal,4,22,0.1,79.2,32,47.2
ORD-2025-03299,2025-02-18,2025-02-19,CUST-0054,PRD-026,R108,In-Store,Credit Card,4,210,0.15,714,380,334
ORD-2025-01195,2025-02-19,2025-02-22,CUST-0148,PRD-024,R103,In-Store,PayPal,6,549,0.15,2799.9,1440,1359.9
ORD-2025-01260,2025-02-19,2025-02-21,CUST-0247,PRD-025,R104,Distributor,Bank Transfer,1,620,0,620,290,330
ORD-2025-01935,2025-02-19,2025-02-23,CUST-0115,PRD-020,R108,Online,PayPal,5,230,0,1150,550,600
ORD-2025-03418,2025-02-19,2025-02-22,CUST-0222,PRD-027,R107,Distributor,PayPal,3,260,0.1,702,345,357
ORD-2025-01190,2025-02-20,2025-02-25,CUST-0081,PRD-019,R104,Distributor,Cash,3,175,0.1,472.5,225,247.5
ORD-2025-02377,2025-02-20,2025-02-22,CUST-0029,PRD-009,R108,Online,PayPal,6,329,0,1974,1080,894
ORD-2025-00033,2025-02-21,2025-02-26,CUST-0205,PRD-001,R106,Distributor,Cash,1,999,0.1,899.1,650,249.1
ORD-2025-01498,2025-02-21,2025-02-25,CUST-0064,PRD-028,R107,In-Store,Cash,1,135,0,135,60,75
ORD-2025-02462,2025-02-21,2025-02-22,CUST-0070,PRD-022,R106,Distributor,Credit Card,6,450,0.2,2160,1260,900
ORD-2025-01037,2025-02-22,2025-02-27,CUST-0102,PRD-006,R102,Online,Cash,5,89,0,445,175,270
ORD-2025-02981,2025-02-22,2025-02-26,CUST-0048,PRD-009,R101,Distributor,PayPal,6,329,0,1974,1080,894
ORD-2025-01679,2025-02-23,2025-02-26,CUST-0216,PRD-009,R103,In-Store,Credit Card,2,329,0.05,625.1,360,265.1
ORD-2025-02894,2025-02-23,2025-02-28,CUST-0104,PRD-005,R106,Distributor,Bank Transfer,6,39,0,234,90,144
ORD-2025-01669,2025-02-24,2025-03-01,CUST-0208,PRD-003,R108,Distributor,Credit Card,2,749,0.05,1423.1,960,463.1
ORD-2025-02512,2025-02-24,2025-02-27,CUST-0056,PRD-017,R106,Online,Credit Card,4,139,0,556,260,296
ORD-2025-02993,2025-02-24,2025-02-26,CUST-0085,PRD-015,R107,In-Store,Cash,5,15,0,75,25,50
ORD-2025-03247,2025-02-24,2025-02-26,CUST-0215,PRD-008,R106,Distributor,Credit Card,2,49,0.1,88.2,36,52.2
ORD-2025-00052,2025-02-25,2025-02-26,CUST-0213,PRD-022,R107,In-Store,Credit Card,3,450,0,1350,630,720
ORD-2025-01513,2025-02-25,2025-02-27,CUST-0214,PRD-011,R101,In-Store,Bank Transfer,5,499,0.05,2370.25,1300,1070.25
ORD-2025-01540,2025-02-25,2025-03-01,CUST-0097,PRD-003,R103,In-Store,Credit Card,4,749,0,2996,1920,1076
ORD-2025-02423,2025-02-25,2025-03-01,CUST-0077,PRD-006,R105,Distributor,Credit Card,1,89,0.05,84.55,35,49.55
ORD-2025-02946,2025-02-25,2025-03-01,CUST-0107,PRD-020,R106,Distributor,Credit Card,4,230,0.05,874,440,434
ORD-2025-00424,2025-02-26,2025-03-03,CUST-0043,PRD-016,R108,Online,Credit Card,3,24,0,72,27,45
ORD-2025-01151,2025-02-26,2025-03-03,CUST-0125,PRD-020,R105,In-Store,Bank Transfer,4,230,0.2,736,440,296
ORD-2025-03481,2025-02-26,2025-03-03,CUST-0100,PRD-027,R102,In-Store,Credit Card,6,260,0,1560,690,870
ORD-2025-00043,2025-02-27,2025-03-03,CUST-0215,PRD-003,R104,In-Store,Cash,4,749,0.05,2846.2,1920,926.2
ORD-2025-00587,2025-02-27,2025-03-03,CUST-0053,PRD-026,R104,Online,Cash,3,210,0,630,285,345
ORD-2025-01458,2025-02-27,2025-03-03,CUST-0109,PRD-017,R107,Online,PayPal,4,139,0,556,260,296
ORD-2025-00402,2025-02-28,2025-03-01,CUST-0053,PRD-021,R104,Distributor,PayPal,4,289,0,1156,480,676
ORD-2025-01000,2025-02-28,2025-03-03,CUST-0133,PRD-009,R107,In-Store,Bank Transfer,6,329,0.05,1875.3,1080,795.3
ORD-2025-01732,2025-02-28,2025-03-04,CUST-0207,PRD-002,R102,Distributor,Cash,5,1699,0.05,8070.25,5500,2570.25
ORD-2025-00300,2025-03-01,2025-03-02,CUST-0178,PRD-027,R106,In-Store,Bank Transfer,4,260,0.05,988,460,528
ORD-2025-00941,2025-03-01,2025-03-05,CUST-0017,PRD-004,R104,Distributor,PayPal,5,2199,0.1,9895.5,7000,2895.5
ORD-2025-01243,2025-03-01,2025-03-02,CUST-0132,PRD-003,R102,Online,Bank Transfer,3,749,0.05,2134.65,1440,694.65
ORD-2025-01891,2025-03-01,2025-03-05,CUST-0002,PRD-024,R108,In-Store,PayPal,3,549,0.1,1482.3,720,762.3
ORD-2025-02845,2025-03-01,2025-03-03,CUST-0028,PRD-013,R104,In-Store,Bank Transfer,6,28,0.1,151.2,84,67.2
ORD-2025-00450,2025-03-02,2025-03-04,CUST-0124,PRD-005,R107,Distributor,PayPal,2,39,0.05,74.1,30,44.1
ORD-2025-02537,2025-03-02,2025-03-04,CUST-0175,PRD-010,R108,In-Store,Credit Card,5,799,0,3995,2100,1895
ORD-2025-00508,2025-03-03,2025-03-08,CUST-0205,PRD-027,R107,Online,Bank Transfer,4,260,0,1040,460,580
ORD-2025-00809,2025-03-03,2025-03-06,CUST-0023,PRD-012,R102,Distributor,PayPal,4,199,0,796,360,436
ORD-2025-01671,2025-03-03,2025-03-05,CUST-0035,PRD-018,R101,In-Store,Bank Transfer,3,85,0.1,229.5,120,109.5
ORD-2025-01772,2025-03-03,2025-03-08,CUST-0152,PRD-019,R107,Online,Bank Transfer,1,175,0,175,75,100
ORD-2025-02510,2025-03-03,2025-03-07,CUST-0107,PRD-025,R108,In-Store,Bank Transfer,3,620,0.1,1674,870,804
ORD-2025-02814,2025-03-03,2025-03-07,CUST-0147,PRD-016,R104,In-Store,Credit Card,5,24,0,120,45,75
ORD-2025-03030,2025-03-03,2025-03-05,CUST-0175,PRD-006,R101,Distributor,Bank Transfer,2,89,0.05,169.1,70,99.1
ORD-2025-01759,2025-03-04,2025-03-05,CUST-0232,PRD-015,R103,Online,Cash,3,15,0.1,40.5,15,25.5
ORD-2025-00080,2025-03-05,2025-03-07,CUST-0233,PRD-002,R103,Distributor,PayPal,6,1699,0,10194,6600,3594
ORD-2025-00655,2025-03-05,2025-03-10,CUST-0110,PRD-011,R103,Distributor,PayPal,6,499,0,2994,1560,1434
ORD-2025-00988,2025-03-05,2025-03-10,CUST-0170,PRD-004,R108,In-Store,PayPal,1,2199,0,2199,1400,799
ORD-2025-02398,2025-03-05,2025-03-07,CUST-0206,PRD-022,R103,Distributor,Bank Transfer,6,450,0,2700,1260,1440
ORD-2025-00323,2025-03-06,2025-03-09,CUST-0023,PRD-004,R103,Online,Cash,2,2199,0.1,3958.2,2800,1158.2
ORD-2025-01012,2025-03-06,2025-03-08,CUST-0210,PRD-027,R101,Distributor,Bank Transfer,1,260,0.1,234,115,119
ORD-2025-01968,2025-03-06,2025-03-08,CUST-0154,PRD-023,R102,Online,Credit Card,4,149,0.15,506.6,260,246.6
ORD-2025-02621,2025-03-06,2025-03-10,CUST-0101,PRD-025,R103,Online,Cash,2,620,0.2,992,580,412
ORD-2025-02640,2025-03-06,2025-03-07,CUST-0035,PRD-025,R108,In-Store,Cash,2,620,0,1240,580,660
ORD-2025-00074,2025-03-07,2025-03-08,CUST-0011,PRD-001,R106,Distributor,PayPal,6,999,0,5994,3900,2094
ORD-2025-02130,2025-03-07,2025-03-09,CUST-0243,PRD-008,R107,Distributor,Credit Card,5,49,0.05,232.75,90,142.75
ORD-2025-00699,2025-03-08,2025-03-09,CUST-0094,PRD-014,R106,Distributor,Cash,1,22,0,22,8,14
ORD-2025-00894,2025-03-08,2025-03-12,CUST-0021,PRD-018,R103,Online,PayPal,3,85,0,255,120,135
ORD-2025-02052,2025-03-08,2025-03-12,CUST-0024,PRD-003,R104,Online,PayPal,1,749,0,749,480,269
ORD-2025-02778,2025-03-08,2025-03-13,CUST-0015,PRD-016,R108,Distributor,PayPal,4,24,0.2,76.8,36,40.8
ORD-2025-00293,2025-03-09,2025-03-11,CUST-0002,PRD-018,R107,Distributor,Credit Card,3,85,0.15,216.75,120,96.75
ORD-2025-02033,2025-03-09,2025-03-13,CUST-0241,PRD-011,R108,Online,Cash,5,499,0.05,2370.25,1300,1070.25
ORD-2025-02530,2025-03-09,2025-03-10,CUST-0078,PRD-025,R105,In-Store,Credit Card,4,620,0,2480,1160,1320
ORD-2025-03436,2025-03-09,2025-03-12,CUST-0236,PRD-008,R102,In-Store,Bank Transfer,5,49,0.1,220.5,90,130.5
ORD-2025-00059,2025-03-10,2025-03-11,CUST-0244,PRD-012,R104,In-Store,PayPal,3,199,0.05,567.15,270,297.15
ORD-2025-00828,2025-03-10,2025-03-14,CUST-0155,PRD-015,R106,Distributor,Cash,2,15,0.05,28.5,10,18.5
ORD-2025-00836,2025-03-10,2025-03-15,CUST-0032,PRD-009,R103,Online,Cash,1,329,0.05,312.55,180,132.55
ORD-2025-00853,2025-03-10,2025-03-13,CUST-0034,PRD-011,R106,Online,PayPal,2,499,0,998,520,478
ORD-2025-01033,2025-03-10,2025-03-15,CUST-0193,PRD-017,R103,In-Store,Cash,3,139,0,417,195,222
ORD-2025-01665,2025-03-10,2025-03-15,CUST-0097,PRD-011,R107,Online,Credit Card,3,499,0,1497,780,717
ORD-2025-02008,2025-03-10,2025-03-14,CUST-0216,PRD-018,R104,Distributor,Cash,1,85,0,85,40,45
ORD-2025-02046,2025-03-10,2025-03-14,CUST-0135,PRD-013,R107,Distributor,Bank Transfer,2,28,0.1,50.4,28,22.4
ORD-2025-02084,2025-03-10,2025-03-12,CUST-0126,PRD-002,R108,In-Store,PayPal,1,1699,0.15,1444.15,1100,344.15
ORD-2025-00790,2025-03-11,2025-03-13,CUST-0201,PRD-017,R102,In-Store,PayPal,1,139,0.1,125.1,65,60.1
ORD-2025-02431,2025-03-11,2025-03-12,CUST-0229,PRD-020,R106,In-Store,Bank Transfer,5,230,0.1,1035,550,485
ORD-2025-00221,2025-03-12,2025-03-15,CUST-0148,PRD-011,R102,Distributor,Credit Card,3,499,0.05,1422.15,780,642.15
ORD-2025-01437,2025-03-12,2025-03-13,CUST-0110,PRD-010,R101,In-Store,Bank Transfer,6,799,0,4794,2520,2274
ORD-2025-01882,2025-03-12,2025-03-17,CUST-0113,PRD-021,R103,Distributor,Credit Card,4,289,0.2,924.8,480,444.8
ORD-2025-02651,2025-03-12,2025-03-15,CUST-0035,PRD-013,R105,Online,Bank Transfer,3,28,0.15,71.4,42,29.4
ORD-2025-00210,2025-03-13,2025-03-15,CUST-0200,PRD-002,R104,Online,PayPal,1,1699,0,1699,1100,599
ORD-2025-01621,2025-03-13,2025-03-17,CUST-0224,PRD-011,R107,In-Store,Cash,2,499,0.15,848.3,520,328.3
ORD-2025-01911,2025-03-13,2025-03-14,CUST-0167,PRD-003,R104,In-Store,Cash,2,749,0,1498,960,538
ORD-2025-02735,2025-03-13,2025-03-16,CUST-0018,PRD-003,R102,In-Store,Bank Transfer,5,749,0,3745,2400,1345
ORD-2025-03184,2025-03-13,2025-03-16,CUST-0171,PRD-008,R104,Distributor,PayPal,6,49,0.05,279.3,108,171.3
ORD-2025-00702,2025-03-14,2025-03-18,CUST-0134,PRD-014,R102,Distributor,Cash,5,22,0.05,104.5,40,64.5
ORD-2025-01266,2025-03-14,2025-03-18,CUST-0200,PRD-017,R108,In-Store,Credit Card,6,139,0,834,390,444
ORD-2025-01897,2025-03-14,2025-03-19,CUST-0112,PRD-024,R108,Distributor,Credit Card,4,549,0.05,2086.2,960,1126.2
ORD-2025-01922,2025-03-14,2025-03-18,CUST-0135,PRD-006,R106,In-Store,Credit Card,2,89,0.05,169.1,70,99.1
ORD-2025-02124,2025-03-14,2025-03-16,CUST-0194,PRD-001,R101,Distributor,Cash,4,999,0.2,3196.8,2600,596.8
ORD-2025-00015,2025-03-15,2025-03-19,CUST-0171,PRD-011,R103,Distributor,Cash,5,499,0,2495,1300,1195
ORD-2025-00101,2025-03-15,2025-03-20,CUST-0043,PRD-005,R103,In-Store,Bank Transfer,4,39,0.05,148.2,60,88.2
ORD-2025-01067,2025-03-16,2025-03-17,CUST-0124,PRD-002,R107,Online,Credit Card,3,1699,0,5097,3300,1797
ORD-2025-01282,2025-03-16,2025-03-17,CUST-0144,PRD-009,R106,Distributor,Cash,3,329,0.1,888.3,540,348.3
ORD-2025-01913,2025-03-16,2025-03-20,CUST-0116,PRD-014,R106,Online,PayPal,6,22,0.15,112.2,48,64.2
ORD-2025-02135,2025-03-16,2025-03-19,CUST-0199,PRD-015,R108,Distributor,Cash,3,15,0.05,42.75,15,27.75
ORD-2025-02837,2025-03-16,2025-03-19,CUST-0207,PRD-007,R102,Online,Credit Card,3,129,0,387,165,222
ORD-2025-00071,2025-03-17,2025-03-20,CUST-0090,PRD-028,R103,In-Store,Cash,1,135,0.05,128.25,60,68.25
ORD-2025-01691,2025-03-17,2025-03-18,CUST-0150,PRD-016,R102,In-Store,PayPal,5,24,0.15,102,45,57
ORD-2025-01752,2025-03-17,2025-03-20,CUST-0012,PRD-013,R107,In-Store,Bank Transfer,1,28,0.05,26.6,14,12.6
ORD-2025-03178,2025-03-18,2025-03-20,CUST-0112,PRD-006,R104,Online,PayPal,6,89,0,534,210,324
ORD-2025-00344,2025-03-19,2025-03-22,CUST-0112,PRD-002,R107,Online,Bank Transfer,3,1699,0.2,4077.6,3300,777.6
ORD-2025-02313,2025-03-19,2025-03-20,CUST-0027,PRD-015,R101,Distributor,Cash,6,15,0.15,76.5,30,46.5
ORD-2025-03321,2025-03-19,2025-03-24,CUST-0167,PRD-004,R102,In-Store,PayPal,5,2199,0,10995,7000,3995
ORD-2025-01143,2025-03-20,2025-03-22,CUST-0220,PRD-012,R106,Distributor,PayPal,2,199,0.05,378.1,180,198.1
ORD-2025-01704,2025-03-20,2025-03-25,CUST-0176,PRD-014,R101,Distributor,PayPal,1,22,0.1,19.8,8,11.8
ORD-2025-00843,2025-03-21,2025-03-26,CUST-0190,PRD-008,R106,In-Store,PayPal,1,49,0.2,39.2,18,21.2
ORD-2025-01521,2025-03-21,2025-03-25,CUST-0108,PRD-024,R107,In-Store,PayPal,2,549,0,1098,480,618
ORD-2025-01688,2025-03-21,2025-03-23,CUST-0044,PRD-001,R104,Online,Cash,3,999,0.1,2697.3,1950,747.3
ORD-2025-02974,2025-03-21,2025-03-24,CUST-0127,PRD-004,R101,Distributor,Cash,1,2199,0,2199,1400,799
ORD-2025-01524,2025-03-22,2025-03-27,CUST-0002,PRD-025,R108,In-Store,PayPal,3,620,0.2,1488,870,618
ORD-2025-01617,2025-03-22,2025-03-27,CUST-0192,PRD-011,R104,Distributor,Credit Card,1,499,0.15,424.15,260,164.15
ORD-2025-02039,2025-03-22,2025-03-27,CUST-0238,PRD-002,R104,Distributor,Bank Transfer,5,1699,0,8495,5500,2995
ORD-2025-03075,2025-03-22,2025-03-23,CUST-0170,PRD-022,R101,Online,Cash,6,450,0,2700,1260,1440
ORD-2025-03475,2025-03-22,2025-03-26,CUST-0246,PRD-024,R101,In-Store,Credit Card,2,549,0.15,933.3,480,453.3
ORD-2025-01129,2025-03-23,2025-03-25,CUST-0228,PRD-026,R105,In-Store,Cash,2,210,0,420,190,230
ORD-2025-01750,2025-03-23,2025-03-25,CUST-0250,PRD-002,R103,In-Store,Credit Card,3,1699,0,5097,3300,1797
ORD-2025-02578,2025-03-23,2025-03-24,CUST-0006,PRD-003,R103,In-Store,Cash,5,749,0,3745,2400,1345
ORD-2025-03142,2025-03-23,2025-03-28,CUST-0035,PRD-027,R104,Online,Cash,2,260,0.05,494,230,264
ORD-2025-00250,2025-03-24,2025-03-26,CUST-0027,PRD-017,R107,Distributor,Credit Card,4,139,0,556,260,296
ORD-2025-00515,2025-03-24,2025-03-27,CUST-0069,PRD-021,R108,Online,Bank Transfer,4,289,0.05,1098.2,480,618.2
ORD-2025-01029,2025-03-24,2025-03-27,CUST-0057,PRD-003,R106,In-Store,Bank Transfer,4,749,0.2,2396.8,1920,476.8
ORD-2025-02040,2025-03-24,2025-03-29,CUST-0216,PRD-012,R106,Online,Bank Transfer,6,199,0.2,955.2,540,415.2
ORD-2025-02584,2025-03-24,2025-03-27,CUST-0152,PRD-020,R105,Online,PayPal,3,230,0,690,330,360
ORD-2025-00464,2025-03-25,2025-03-29,CUST-0119,PRD-013,R105,Distributor,Cash,2,28,0,56,28,28
ORD-2025-00531,2025-03-25,2025-03-29,CUST-0239,PRD-013,R106,In-Store,PayPal,5,28,0,140,70,70
ORD-2025-00669,2025-03-25,2025-03-29,CUST-0083,PRD-005,R106,Distributor,Bank Transfer,5,39,0,195,75,120
ORD-2025-00740,2025-03-25,2025-03-27,CUST-0063,PRD-017,R108,Online,PayPal,3,139,0,417,195,222
ORD-2025-01517,2025-03-25,2025-03-28,CUST-0189,PRD-018,R107,Distributor,Bank Transfer,5,85,0.15,361.25,200,161.25
ORD-2025-01631,2025-03-25,2025-03-27,CUST-0173,PRD-019,R108,Distributor,Cash,5,175,0,875,375,500
ORD-2025-01797,2025-03-25,2025-03-26,CUST-0171,PRD-013,R108,Distributor,Credit Card,2,28,0,56,28,28
ORD-2025-03131,2025-03-25,2025-03-29,CUST-0112,PRD-010,R107,Distributor,Cash,3,799,0.05,2277.15,1260,1017.15
ORD-2025-00957,2025-03-26,2025-03-29,CUST-0054,PRD-004,R108,Online,Credit Card,1,2199,0,2199,1400,799
ORD-2025-02022,2025-03-26,2025-03-28,CUST-0140,PRD-005,R103,In-Store,Credit Card,2,39,0,78,30,48
ORD-2025-02089,2025-03-26,2025-03-27,CUST-0241,PRD-020,R106,Online,PayPal,2,230,0.05,437,220,217
ORD-2025-00408,2025-03-27,2025-03-29,CUST-0012,PRD-007,R107,Online,PayPal,2,129,0.2,206.4,110,96.4
ORD-2025-01236,2025-03-27,2025-03-29,CUST-0046,PRD-021,R104,Online,Bank Transfer,4,289,0,1156,480,676
ORD-2025-03233,2025-03-27,2025-04-01,CUST-0159,PRD-009,R101,Online,Cash,4,329,0.1,1184.4,720,464.4
ORD-2025-00626,2025-03-28,2025-04-02,CUST-0149,PRD-024,R104,In-Store,Bank Transfer,4,549,0.15,1866.6,960,906.6
ORD-2025-02476,2025-03-28,2025-03-31,CUST-0216,PRD-028,R101,In-Store,Bank Transfer,6,135,0.15,688.5,360,328.5
ORD-2025-00089,2025-03-29,2025-03-30,CUST-0248,PRD-009,R102,Distributor,Bank Transfer,3,329,0,987,540,447
ORD-2025-00883,2025-03-29,2025-03-31,CUST-0202,PRD-012,R102,Distributor,PayPal,1,199,0,199,90,109
ORD-2025-02441,2025-03-30,2025-03-31,CUST-0117,PRD-021,R108,Online,Credit Card,5,289,0.15,1228.25,600,628.25
ORD-2025-03292,2025-03-31,2025-04-01,CUST-0194,PRD-020,R106,In-Store,Bank Transfer,2,230,0.15,391,220,171
ORD-2025-00692,2025-04-01,2025-04-04,CUST-0192,PRD-026,R103,In-Store,Bank Transfer,1,210,0,210,95,115
ORD-2025-00854,2025-04-01,2025-04-05,CUST-0236,PRD-016,R101,In-Store,Credit Card,3,24,0.05,68.4,27,41.4
ORD-2025-01568,2025-04-01,2025-04-04,CUST-0200,PRD-006,R105,In-Store,Bank Transfer,3,89,0,267,105,162
ORD-2025-02146,2025-04-01,2025-04-03,CUST-0233,PRD-027,R106,Online,Credit Card,1,260,0.1,234,115,119
ORD-2025-03415,2025-04-01,2025-04-06,CUST-0171,PRD-028,R101,Online,Credit Card,6,135,0.15,688.5,360,328.5
ORD-2025-02428,2025-04-02,2025-04-04,CUST-0153,PRD-019,R106,In-Store,Credit Card,6,175,0.1,945,450,495
ORD-2025-03172,2025-04-02,2025-04-03,CUST-0245,PRD-009,R103,Online,Credit Card,2,329,0.1,592.2,360,232.2
ORD-2025-00804,2025-04-03,2025-04-07,CUST-0005,PRD-026,R105,Distributor,Cash,4,210,0,840,380,460
ORD-2025-00847,2025-04-03,2025-04-06,CUST-0214,PRD-005,R108,Distributor,PayPal,6,39,0.2,187.2,90,97.2
ORD-2025-01310,2025-04-04,2025-04-06,CUST-0052,PRD-015,R107,In-Store,Bank Transfer,4,15,0.05,57,20,37
ORD-2025-01622,2025-04-04,2025-04-06,CUST-0070,PRD-016,R104,In-Store,PayPal,5,24,0.05,114,45,69
ORD-2025-03200,2025-04-04,2025-04-07,CUST-0024,PRD-028,R108,Distributor,Bank Transfer,2,135,0.1,243,120,123
ORD-2025-00561,2025-04-05,2025-04-10,CUST-0215,PRD-027,R107,Online,Bank Transfer,6,260,0.15,1326,690,636
ORD-2025-02967,2025-04-05,2025-04-09,CUST-0109,PRD-012,R106,Distributor,Cash,6,199,0,1194,540,654
ORD-2025-00090,2025-04-07,2025-04-09,CUST-0224,PRD-009,R105,Online,Bank Transfer,4,329,0,1316,720,596
ORD-2025-01597,2025-04-07,2025-04-09,CUST-0151,PRD-004,R104,Online,PayPal,6,2199,0.05,12534.3,8400,4134.3
ORD-2025-02351,2025-04-07,2025-04-09,CUST-0017,PRD-017,R107,Distributor,PayPal,2,139,0.05,264.1,130,134.1
ORD-2025-00158,2025-04-08,2025-04-11,CUST-0224,PRD-012,R106,Distributor,PayPal,5,199,0.15,845.75,450,395.75
ORD-2025-00390,2025-04-08,2025-04-09,CUST-0228,PRD-002,R105,In-Store,Credit Card,4,1699,0.1,6116.4,4400,1716.4
ORD-2025-02917,2025-04-08,2025-04-13,CUST-0041,PRD-021,R103,In-Store,Bank Transfer,6,289,0,1734,720,1014
ORD-2025-01816,2025-04-10,2025-04-14,CUST-0241,PRD-028,R108,Online,PayPal,3,135,0.1,364.5,180,184.5
ORD-2025-01941,2025-04-10,2025-04-11,CUST-0048,PRD-015,R106,Online,Credit Card,2,15,0,30,10,20
ORD-2025-02794,2025-04-10,2025-04-14,CUST-0222,PRD-025,R103,Online,Bank Transfer,1,620,0.2,496,290,206
ORD-2025-02225,2025-04-11,2025-04-13,CUST-0165,PRD-022,R105,Distributor,Credit Card,3,450,0,1350,630,720
ORD-2025-02453,2025-04-11,2025-04-15,CUST-0007,PRD-027,R105,Online,Cash,2,260,0,520,230,290
ORD-2025-02935,2025-04-11,2025-04-12,CUST-0012,PRD-001,R107,Distributor,PayPal,3,999,0,2997,1950,1047
ORD-2025-03367,2025-04-11,2025-04-12,CUST-0125,PRD-027,R105,Online,Cash,2,260,0,520,230,290
ORD-2025-00188,2025-04-12,2025-04-13,CUST-0219,PRD-018,R104,Online,PayPal,1,85,0,85,40,45
ORD-2025-00286,2025-04-12,2025-04-15,CUST-0202,PRD-027,R107,Online,Credit Card,1,260,0,260,115,145
ORD-2025-00310,2025-04-12,2025-04-16,CUST-0202,PRD-020,R103,In-Store,Cash,6,230,0,1380,660,720
ORD-2025-01239,2025-04-12,2025-04-17,CUST-0201,PRD-014,R103,In-Store,PayPal,1,22,0.05,20.9,8,12.9
ORD-2025-02856,2025-04-12,2025-04-16,CUST-0099,PRD-025,R103,Distributor,Bank Transfer,4,620,0.2,1984,1160,824
ORD-2025-01962,2025-04-13,2025-04-14,CUST-0021,PRD-028,R103,Online,Bank Transfer,4,135,0.05,513,240,273
ORD-2025-02309,2025-04-13,2025-04-15,CUST-0193,PRD-015,R104,In-Store,PayPal,3,15,0,45,15,30
ORD-2025-02989,2025-04-13,2025-04-17,CUST-0064,PRD-026,R104,In-Store,PayPal,3,210,0.2,504,285,219
ORD-2025-00438,2025-04-14,2025-04-17,CUST-0167,PRD-015,R107,In-Store,Bank Transfer,6,15,0,90,30,60
ORD-2025-01313,2025-04-14,2025-04-17,CUST-0150,PRD-013,R105,Distributor,PayPal,6,28,0.2,134.4,84,50.4
ORD-2025-01836,2025-04-16,2025-04-19,CUST-0186,PRD-014,R105,In-Store,PayPal,1,22,0.2,17.6,8,9.6
ORD-2025-03087,2025-04-16,2025-04-17,CUST-0249,PRD-019,R101,Online,PayPal,3,175,0.2,420,225,195
ORD-2025-03342,2025-04-16,2025-04-21,CUST-0225,PRD-008,R108,Distributor,Bank Transfer,1,49,0.2,39.2,18,21.2
ORD-2025-00303,2025-04-17,2025-04-20,CUST-0022,PRD-005,R104,In-Store,Bank Transfer,5,39,0,195,75,120
ORD-2025-01564,2025-04-17,2025-04-21,CUST-0198,PRD-012,R103,In-Store,Bank Transfer,4,199,0.2,636.8,360,276.8
ORD-2025-02806,2025-04-17,2025-04-22,CUST-0221,PRD-015,R105,Distributor,Bank Transfer,6,15,0,90,30,60
ORD-2025-02943,2025-04-17,2025-04-22,CUST-0223,PRD-018,R108,In-Store,Credit Card,2,85,0.1,153,80,73
ORD-2025-03258,2025-04-17,2025-04-22,CUST-0161,PRD-013,R102,Distributor,PayPal,1,28,0.2,22.4,14,8.4
ORD-2025-00334,2025-04-18,2025-04-23,CUST-0203,PRD-021,R106,In-Store,Cash,3,289,0.2,693.6,360,333.6
ORD-2025-01592,2025-04-18,2025-04-22,CUST-0235,PRD-012,R103,Online,PayPal,5,199,0,995,450,545
ORD-2025-02269,2025-04-18,2025-04-23,CUST-0007,PRD-002,R101,In-Store,Bank Transfer,2,1699,0.05,3228.1,2200,1028.1
ORD-2025-01249,2025-04-19,2025-04-23,CUST-0181,PRD-001,R101,In-Store,Cash,3,999,0,2997,1950,1047
ORD-2025-01933,2025-04-19,2025-04-22,CUST-0068,PRD-018,R101,Online,Cash,1,85,0.05,80.75,40,40.75
ORD-2025-00844,2025-04-20,2025-04-23,CUST-0173,PRD-009,R104,Online,PayPal,2,329,0.05,625.1,360,265.1
ORD-2025-00885,2025-04-20,2025-04-23,CUST-0049,PRD-026,R104,Distributor,Bank Transfer,3,210,0,630,285,345
ORD-2025-02329,2025-04-20,2025-04-24,CUST-0208,PRD-022,R103,Distributor,Bank Transfer,5,450,0.2,1800,1050,750
ORD-2025-00435,2025-04-21,2025-04-26,CUST-0249,PRD-001,R106,Distributor,Bank Transfer,5,999,0,4995,3250,1745
ORD-2025-00603,2025-04-21,2025-04-24,CUST-0044,PRD-016,R102,Online,Bank Transfer,4,24,0,96,36,60
ORD-2025-01107,2025-04-21,2025-04-25,CUST-0200,PRD-005,R101,In-Store,PayPal,4,39,0.05,148.2,60,88.2
ORD-2025-02407,2025-04-21,2025-04-25,CUST-0062,PRD-023,R106,Distributor,Cash,6,149,0,894,390,504
ORD-2025-03206,2025-04-21,2025-04-26,CUST-0165,PRD-013,R101,Online,PayPal,3,28,0.05,79.8,42,37.8
ORD-2025-00407,2025-04-22,2025-04-25,CUST-0250,PRD-013,R102,Distributor,Cash,4,28,0.15,95.2,56,39.2
ORD-2025-00581,2025-04-22,2025-04-26,CUST-0139,PRD-021,R105,Distributor,Bank Transfer,1,289,0.2,231.2,120,111.2
ORD-2025-00610,2025-04-22,2025-04-25,CUST-0189,PRD-018,R101,Distributor,Cash,3,85,0.15,216.75,120,96.75
ORD-2025-00703,2025-04-22,2025-04-27,CUST-0032,PRD-010,R106,Distributor,Bank Transfer,3,799,0,2397,1260,1137
ORD-2025-00768,2025-04-22,2025-04-27,CUST-0055,PRD-002,R105,Distributor,Cash,6,1699,0.2,8155.2,6600,1555.2
ORD-2025-01418,2025-04-22,2025-04-24,CUST-0090,PRD-023,R108,Online,PayPal,5,149,0.05,707.75,325,382.75
ORD-2025-01722,2025-04-22,2025-04-23,CUST-0181,PRD-022,R108,In-Store,Credit Card,3,450,0.05,1282.5,630,652.5
ORD-2025-02343,2025-04-22,2025-04-23,CUST-0133,PRD-002,R101,In-Store,Credit Card,4,1699,0,6796,4400,2396
ORD-2025-00724,2025-04-23,2025-04-28,CUST-0248,PRD-006,R105,Online,Credit Card,1,89,0.2,71.2,35,36.2
ORD-2025-00907,2025-04-23,2025-04-28,CUST-0054,PRD-028,R105,In-Store,Cash,4,135,0.15,459,240,219
ORD-2025-01317,2025-04-23,2025-04-27,CUST-0093,PRD-002,R104,Distributor,Credit Card,4,1699,0,6796,4400,2396
ORD-2025-02232,2025-04-23,2025-04-27,CUST-0037,PRD-019,R101,In-Store,Cash,3,175,0.2,420,225,195
ORD-2025-01074,2025-04-24,2025-04-29,CUST-0150,PRD-009,R107,In-Store,Bank Transfer,6,329,0.15,1677.9,1080,597.9
ORD-2025-01213,2025-04-24,2025-04-27,CUST-0177,PRD-012,R102,In-Store,Credit Card,2,199,0.1,358.2,180,178.2
ORD-2025-01320,2025-04-24,2025-04-28,CUST-0006,PRD-028,R107,Distributor,PayPal,3,135,0,405,180,225
ORD-2025-01796,2025-04-24,2025-04-27,CUST-0121,PRD-014,R104,Distributor,PayPal,4,22,0.05,83.6,32,51.6
ORD-2025-01866,2025-04-24,2025-04-27,CUST-0071,PRD-001,R108,Online,PayPal,3,999,0.1,2697.3,1950,747.3
ORD-2025-03186,2025-04-24,2025-04-26,CUST-0066,PRD-011,R104,Distributor,Credit Card,5,499,0.05,2370.25,1300,1070.25
ORD-2025-00247,2025-04-25,2025-04-26,CUST-0122,PRD-003,R104,Distributor,Bank Transfer,1,749,0,749,480,269
ORD-2025-00815,2025-04-25,2025-04-26,CUST-0136,PRD-008,R108,Online,PayPal,6,49,0.2,235.2,108,127.2
ORD-2025-01231,2025-04-25,2025-04-27,CUST-0119,PRD-028,R103,In-Store,Bank Transfer,6,135,0.2,648,360,288
ORD-2025-01825,2025-04-25,2025-04-26,CUST-0244,PRD-010,R104,Distributor,Cash,3,799,0.2,1917.6,1260,657.6
ORD-2025-02901,2025-04-25,2025-04-29,CUST-0179,PRD-013,R108,In-Store,Credit Card,5,28,0.1,126,70,56
ORD-2025-03274,2025-04-25,2025-04-26,CUST-0215,PRD-024,R108,Distributor,Bank Transfer,4,549,0,2196,960,1236
ORD-2025-00574,2025-04-26,2025-04-27,CUST-0079,PRD-023,R105,In-Store,Credit Card,2,149,0.05,283.1,130,153.1
ORD-2025-01131,2025-04-26,2025-04-30,CUST-0124,PRD-009,R107,Distributor,PayPal,3,329,0.1,888.3,540,348.3
ORD-2025-02071,2025-04-26,2025-04-30,CUST-0095,PRD-009,R102,Online,Credit Card,4,329,0.15,1118.6,720,398.6
ORD-2025-00296,2025-04-27,2025-04-29,CUST-0161,PRD-002,R105,Online,Cash,2,1699,0,3398,2200,1198
ORD-2025-01410,2025-04-27,2025-04-30,CUST-0182,PRD-020,R103,Distributor,Bank Transfer,4,230,0.05,874,440,434
ORD-2025-03039,2025-04-27,2025-05-02,CUST-0065,PRD-014,R107,Online,PayPal,5,22,0,110,40,70
ORD-2025-03352,2025-04-27,2025-04-29,CUST-0088,PRD-023,R104,Distributor,Cash,1,149,0,149,65,84
ORD-2025-00645,2025-04-28,2025-05-01,CUST-0024,PRD-014,R106,Distributor,Cash,5,22,0,110,40,70
ORD-2025-00868,2025-04-28,2025-04-29,CUST-0162,PRD-010,R102,In-Store,PayPal,4,799,0,3196,1680,1516
ORD-2025-01614,2025-04-28,2025-04-29,CUST-0225,PRD-006,R104,In-Store,PayPal,5,89,0,445,175,270
ORD-2025-02608,2025-04-28,2025-05-01,CUST-0189,PRD-007,R103,Distributor,Bank Transfer,2,129,0.1,232.2,110,122.2
ORD-2025-02616,2025-04-28,2025-04-29,CUST-0220,PRD-015,R101,Online,Credit Card,2,15,0.05,28.5,10,18.5
ORD-2025-01552,2025-04-29,2025-05-02,CUST-0247,PRD-002,R103,Distributor,PayPal,2,1699,0.05,3228.1,2200,1028.1
ORD-2025-01850,2025-04-29,2025-05-01,CUST-0188,PRD-022,R101,Online,PayPal,4,450,0.05,1710,840,870
ORD-2025-02968,2025-04-29,2025-04-30,CUST-0220,PRD-021,R104,Distributor,PayPal,1,289,0,289,120,169
ORD-2025-03043,2025-04-29,2025-05-01,CUST-0205,PRD-009,R102,In-Store,Credit Card,6,329,0.1,1776.6,1080,696.6
ORD-2025-00029,2025-04-30,2025-05-02,CUST-0025,PRD-019,R106,Online,Cash,2,175,0.05,332.5,150,182.5
ORD-2025-00955,2025-04-30,2025-05-02,CUST-0232,PRD-009,R105,Distributor,Bank Transfer,5,329,0,1645,900,745
ORD-2025-02200,2025-04-30,2025-05-01,CUST-0184,PRD-005,R105,Distributor,Cash,3,39,0.05,111.15,45,66.15
ORD-2025-03303,2025-05-01,2025-05-06,CUST-0178,PRD-010,R107,Online,Credit Card,5,799,0,3995,2100,1895
ORD-2025-00822,2025-05-02,2025-05-06,CUST-0085,PRD-014,R106,Online,Bank Transfer,2,22,0,44,16,28
ORD-2025-01040,2025-05-02,2025-05-05,CUST-0233,PRD-005,R104,Distributor,Bank Transfer,3,39,0.1,105.3,45,60.3
ORD-2025-02244,2025-05-02,2025-05-05,CUST-0053,PRD-014,R105,Online,Bank Transfer,1,22,0.15,18.7,8,10.7
ORD-2025-02611,2025-05-02,2025-05-03,CUST-0093,PRD-006,R108,Online,Cash,4,89,0,356,140,216
ORD-2025-03254,2025-05-02,2025-05-04,CUST-0164,PRD-005,R101,In-Store,PayPal,6,39,0.2,187.2,90,97.2
ORD-2025-01846,2025-05-03,2025-05-05,CUST-0154,PRD-011,R105,Online,PayPal,1,499,0.1,449.1,260,189.1
ORD-2025-00302,2025-05-04,2025-05-08,CUST-0085,PRD-004,R106,Online,Bank Transfer,6,2199,0.05,12534.3,8400,4134.3
ORD-2025-01625,2025-05-04,2025-05-07,CUST-0061,PRD-014,R102,In-Store,PayPal,4,22,0,88,32,56
ORD-2025-01777,2025-05-04,2025-05-07,CUST-0142,PRD-011,R103,Distributor,PayPal,3,499,0,1497,780,717
ORD-2025-02656,2025-05-04,2025-05-07,CUST-0221,PRD-008,R102,Distributor,Bank Transfer,2,49,0.05,93.1,36,57.1
ORD-2025-03034,2025-05-04,2025-05-06,CUST-0163,PRD-007,R108,In-Store,Cash,3,129,0,387,165,222
ORD-2025-00053,2025-05-05,2025-05-07,CUST-0016,PRD-003,R106,Online,PayPal,5,749,0.05,3557.75,2400,1157.75
ORD-2025-00451,2025-05-05,2025-05-09,CUST-0075,PRD-007,R106,Online,PayPal,6,129,0,774,330,444
ORD-2025-01973,2025-05-05,2025-05-10,CUST-0102,PRD-007,R101,In-Store,Bank Transfer,6,129,0,774,330,444
ORD-2025-02128,2025-05-05,2025-05-06,CUST-0185,PRD-026,R107,Distributor,Cash,6,210,0,1260,570,690
ORD-2025-03096,2025-05-05,2025-05-10,CUST-0110,PRD-008,R101,Distributor,PayPal,6,49,0.05,279.3,108,171.3
ORD-2025-00860,2025-05-06,2025-05-08,CUST-0092,PRD-003,R101,In-Store,Bank Transfer,1,749,0.05,711.55,480,231.55
ORD-2025-01675,2025-05-06,2025-05-07,CUST-0080,PRD-026,R106,Online,PayPal,2,210,0.05,399,190,209
ORD-2025-02880,2025-05-07,2025-05-10,CUST-0137,PRD-019,R102,In-Store,Cash,3,175,0.05,498.75,225,273.75
ORD-2025-00209,2025-05-08,2025-05-13,CUST-0047,PRD-025,R107,In-Store,Bank Transfer,2,620,0,1240,580,660
ORD-2025-00460,2025-05-08,2025-05-11,CUST-0072,PRD-017,R103,Distributor,Credit Card,6,139,0,834,390,444
ORD-2025-01196,2025-05-08,2025-05-12,CUST-0103,PRD-015,R103,Distributor,PayPal,6,15,0.15,76.5,30,46.5
ORD-2025-00083,2025-05-09,2025-05-11,CUST-0204,PRD-017,R108,Distributor,Bank Transfer,2,139,0.05,264.1,130,134.1
ORD-2025-01910,2025-05-09,2025-05-11,CUST-0050,PRD-009,R108,Online,Credit Card,3,329,0.2,789.6,540,249.6
ORD-2025-02483,2025-05-09,2025-05-11,CUST-0053,PRD-004,R102,In-Store,PayPal,1,2199,0.15,1869.15,1400,469.15
ORD-2025-01315,2025-05-10,2025-05-12,CUST-0088,PRD-028,R108,In-Store,PayPal,5,135,0.1,607.5,300,307.5
ORD-2025-01909,2025-05-10,2025-05-13,CUST-0044,PRD-010,R107,Distributor,Bank Transfer,1,799,0,799,420,379
ORD-2025-02156,2025-05-10,2025-05-13,CUST-0229,PRD-007,R104,Distributor,Credit Card,2,129,0.2,206.4,110,96.4
ORD-2025-02181,2025-05-10,2025-05-15,CUST-0157,PRD-011,R106,In-Store,Bank Transfer,5,499,0.2,1996,1300,696
ORD-2025-00280,2025-05-11,2025-05-15,CUST-0012,PRD-010,R103,In-Store,PayPal,6,799,0.1,4314.6,2520,1794.6
ORD-2025-00585,2025-05-11,2025-05-14,CUST-0246,PRD-004,R103,Online,Bank Transfer,4,2199,0,8796,5600,3196
ORD-2025-03007,2025-05-12,2025-05-16,CUST-0174,PRD-012,R103,Online,Credit Card,3,199,0.05,567.15,270,297.15
ORD-2025-03255,2025-05-12,2025-05-17,CUST-0206,PRD-003,R101,In-Store,Credit Card,6,749,0.15,3819.9,2880,939.9
ORD-2025-03391,2025-05-12,2025-05-14,CUST-0039,PRD-020,R107,Distributor,Credit Card,6,230,0,1380,660,720
ORD-2025-02144,2025-05-13,2025-05-14,CUST-0075,PRD-025,R104,In-Store,Cash,5,620,0.05,2945,1450,1495
ORD-2025-02850,2025-05-13,2025-05-16,CUST-0047,PRD-018,R106,Distributor,Bank Transfer,4,85,0.05,323,160,163
ORD-2025-03063,2025-05-13,2025-05-14,CUST-0197,PRD-016,R107,Distributor,Credit Card,4,24,0.1,86.4,36,50.4
ORD-2025-00590,2025-05-14,2025-05-17,CUST-0140,PRD-028,R105,Distributor,Cash,6,135,0,810,360,450
ORD-2025-00666,2025-05-14,2025-05-18,CUST-0005,PRD-025,R105,Online,PayPal,5,620,0.1,2790,1450,1340
ORD-2025-01488,2025-05-14,2025-05-18,CUST-0082,PRD-019,R107,Distributor,PayPal,5,175,0.05,831.25,375,456.25
ORD-2025-01917,2025-05-14,2025-05-18,CUST-0145,PRD-015,R104,Distributor,Cash,4,15,0.2,48,20,28
ORD-2025-00597,2025-05-15,2025-05-19,CUST-0105,PRD-021,R106,Online,Credit Card,6,289,0,1734,720,1014
ORD-2025-01873,2025-05-15,2025-05-16,CUST-0129,PRD-026,R104,In-Store,Credit Card,2,210,0,420,190,230
ORD-2025-01938,2025-05-15,2025-05-19,CUST-0197,PRD-001,R101,In-Store,Cash,3,999,0.05,2847.15,1950,897.15
ORD-2025-02870,2025-05-15,2025-05-16,CUST-0049,PRD-010,R105,Distributor,Bank Transfer,2,799,0.05,1518.1,840,678.1
ORD-2025-03050,2025-05-15,2025-05-19,CUST-0005,PRD-023,R102,Online,Bank Transfer,2,149,0.2,238.4,130,108.4
ORD-2025-00571,2025-05-16,2025-05-20,CUST-0240,PRD-007,R106,Online,Bank Transfer,2,129,0.05,245.1,110,135.1
ORD-2025-01258,2025-05-16,2025-05-19,CUST-0085,PRD-001,R101,Online,Credit Card,2,999,0.2,1598.4,1300,298.4
ORD-2025-02489,2025-05-16,2025-05-20,CUST-0112,PRD-017,R104,In-Store,Bank Transfer,2,139,0.05,264.1,130,134.1
ORD-2025-03438,2025-05-16,2025-05-20,CUST-0226,PRD-004,R101,Online,PayPal,2,2199,0.1,3958.2,2800,1158.2
ORD-2025-00509,2025-05-17,2025-05-20,CUST-0163,PRD-025,R101,Online,PayPal,3,620,0,1860,870,990
ORD-2025-00592,2025-05-17,2025-05-21,CUST-0128,PRD-022,R101,In-Store,PayPal,3,450,0.05,1282.5,630,652.5
ORD-2025-00718,2025-05-17,2025-05-20,CUST-0136,PRD-010,R102,In-Store,Cash,3,799,0.1,2157.3,1260,897.3
ORD-2025-02825,2025-05-17,2025-05-21,CUST-0143,PRD-020,R108,In-Store,PayPal,5,230,0,1150,550,600
ORD-2025-01324,2025-05-18,2025-05-23,CUST-0064,PRD-009,R108,In-Store,PayPal,6,329,0,1974,1080,894
ORD-2025-03046,2025-05-18,2025-05-23,CUST-0011,PRD-007,R108,In-Store,Credit Card,3,129,0,387,165,222
ORD-2025-00624,2025-05-19,2025-05-20,CUST-0231,PRD-004,R101,In-Store,Cash,6,2199,0.05,12534.3,8400,4134.3
ORD-2025-01001,2025-05-19,2025-05-24,CUST-0149,PRD-013,R106,In-Store,Credit Card,6,28,0.15,142.8,84,58.8
ORD-2025-01023,2025-05-20,2025-05-22,CUST-0152,PRD-003,R101,Distributor,Credit Card,2,749,0.1,1348.2,960,388.2
ORD-2025-02258,2025-05-20,2025-05-25,CUST-0166,PRD-018,R101,In-Store,Credit Card,5,85,0.2,340,200,140
ORD-2025-02023,2025-05-21,2025-05-25,CUST-0002,PRD-001,R103,Distributor,Bank Transfer,3,999,0.05,2847.15,1950,897.15
ORD-2025-02890,2025-05-21,2025-05-25,CUST-0094,PRD-028,R102,Online,Bank Transfer,5,135,0.15,573.75,300,273.75
ORD-2025-02911,2025-05-21,2025-05-24,CUST-0095,PRD-013,R107,In-Store,Cash,2,28,0,56,28,28
ORD-2025-00644,2025-05-22,2025-05-23,CUST-0127,PRD-016,R102,In-Store,PayPal,4,24,0.2,76.8,36,40.8
ORD-2025-00668,2025-05-22,2025-05-25,CUST-0149,PRD-028,R103,In-Store,Credit Card,6,135,0,810,360,450
ORD-2025-00010,2025-05-23,2025-05-28,CUST-0231,PRD-016,R108,Online,PayPal,1,24,0.1,21.6,9,12.6
ORD-2025-00340,2025-05-23,2025-05-28,CUST-0071,PRD-003,R105,Online,Bank Transfer,2,749,0.05,1423.1,960,463.1
ORD-2025-01768,2025-05-23,2025-05-24,CUST-0216,PRD-010,R108,Online,Cash,1,799,0.05,759.05,420,339.05
ORD-2025-00116,2025-05-24,2025-05-26,CUST-0241,PRD-015,R102,Distributor,Credit Card,4,15,0,60,20,40
ORD-2025-00163,2025-05-24,2025-05-27,CUST-0025,PRD-021,R101,Online,Bank Transfer,5,289,0,1445,600,845
ORD-2025-01372,2025-05-24,2025-05-28,CUST-0060,PRD-005,R108,In-Store,Credit Card,3,39,0.15,99.45,45,54.45
ORD-2025-01430,2025-05-24,2025-05-26,CUST-0091,PRD-025,R103,Online,Bank Transfer,2,620,0,1240,580,660
ORD-2025-01468,2025-05-24,2025-05-28,CUST-0017,PRD-005,R101,Online,PayPal,3,39,0.05,111.15,45,66.15
ORD-2025-03304,2025-05-24,2025-05-26,CUST-0165,PRD-021,R105,In-Store,PayPal,4,289,0,1156,480,676
ORD-2025-00448,2025-05-26,2025-05-31,CUST-0001,PRD-025,R107,Online,PayPal,4,620,0,2480,1160,1320
ORD-2025-00914,2025-05-26,2025-05-27,CUST-0167,PRD-015,R101,Online,Credit Card,4,15,0,60,20,40
ORD-2025-01246,2025-05-26,2025-05-31,CUST-0171,PRD-005,R107,In-Store,Bank Transfer,4,39,0,156,60,96
ORD-2025-01848,2025-05-26,2025-05-30,CUST-0118,PRD-007,R106,In-Store,Credit Card,2,129,0,258,110,148
ORD-2025-02632,2025-05-26,2025-05-29,CUST-0004,PRD-021,R105,Distributor,Credit Card,1,289,0.15,245.65,120,125.65
ORD-2025-00006,2025-05-27,2025-05-30,CUST-0083,PRD-003,R102,Online,Cash,5,749,0,3745,2400,1345
ORD-2025-01435,2025-05-27,2025-05-29,CUST-0025,PRD-005,R104,In-Store,PayPal,3,39,0.05,111.15,45,66.15
ORD-2025-02455,2025-05-27,2025-06-01,CUST-0128,PRD-024,R101,Distributor,Bank Transfer,4,549,0.2,1756.8,960,796.8
ORD-2025-01924,2025-05-28,2025-06-02,CUST-0122,PRD-016,R104,Distributor,Credit Card,3,24,0.05,68.4,27,41.4
ORD-2025-03444,2025-05-28,2025-06-01,CUST-0051,PRD-009,R101,Online,PayPal,3,329,0.1,888.3,540,348.3
ORD-2025-00223,2025-05-29,2025-06-01,CUST-0009,PRD-015,R108,Distributor,Bank Transfer,4,15,0.2,48,20,28
ORD-2025-00875,2025-05-29,2025-05-31,CUST-0204,PRD-011,R102,In-Store,PayPal,6,499,0,2994,1560,1434
ORD-2025-00999,2025-05-29,2025-06-02,CUST-0138,PRD-015,R107,In-Store,Credit Card,5,15,0.05,71.25,25,46.25
ORD-2025-01004,2025-05-29,2025-05-30,CUST-0201,PRD-027,R102,In-Store,PayPal,2,260,0.2,416,230,186
ORD-2025-01649,2025-05-29,2025-06-03,CUST-0202,PRD-021,R107,Online,Cash,1,289,0,289,120,169
ORD-2025-01829,2025-05-29,2025-06-02,CUST-0133,PRD-014,R101,In-Store,PayPal,1,22,0,22,8,14
ORD-2025-01953,2025-05-29,2025-06-01,CUST-0021,PRD-026,R106,Online,Credit Card,3,210,0.1,567,285,282
ORD-2025-02242,2025-05-29,2025-05-31,CUST-0080,PRD-002,R108,Distributor,PayPal,1,1699,0.2,1359.2,1100,259.2
ORD-2025-02540,2025-05-29,2025-06-03,CUST-0237,PRD-007,R102,In-Store,Cash,1,129,0.15,109.65,55,54.65
ORD-2025-03135,2025-05-29,2025-06-02,CUST-0234,PRD-017,R103,Distributor,Bank Transfer,1,139,0,139,65,74
ORD-2025-00192,2025-05-30,2025-06-04,CUST-0091,PRD-027,R107,Distributor,Cash,5,260,0,1300,575,725
ORD-2025-00686,2025-05-30,2025-06-03,CUST-0160,PRD-016,R104,Distributor,Credit Card,1,24,0,24,9,15
ORD-2025-00880,2025-05-30,2025-06-04,CUST-0119,PRD-015,R108,In-Store,PayPal,2,15,0,30,10,20
ORD-2025-02795,2025-05-30,2025-06-04,CUST-0243,PRD-005,R106,Online,Bank Transfer,2,39,0,78,30,48
ORD-2025-03167,2025-05-30,2025-06-03,CUST-0170,PRD-004,R106,Online,PayPal,3,2199,0,6597,4200,2397
ORD-2025-03376,2025-05-30,2025-06-01,CUST-0148,PRD-011,R108,Online,Cash,2,499,0,998,520,478
ORD-2025-03377,2025-05-30,2025-06-02,CUST-0198,PRD-026,R106,Distributor,Credit Card,5,210,0,1050,475,575
ORD-2025-00751,2025-05-31,2025-06-03,CUST-0190,PRD-013,R105,In-Store,Credit Card,5,28,0,140,70,70
ORD-2025-02340,2025-05-31,2025-06-03,CUST-0044,PRD-025,R105,Online,Credit Card,1,620,0.05,589,290,299
ORD-2025-03191,2025-05-31,2025-06-03,CUST-0049,PRD-009,R101,Distributor,Credit Card,4,329,0,1316,720,596
ORD-2025-00127,2025-06-01,2025-06-03,CUST-0233,PRD-023,R102,In-Store,Credit Card,2,149,0,298,130,168
ORD-2025-00385,2025-06-01,2025-06-06,CUST-0157,PRD-013,R108,In-Store,Credit Card,5,28,0.05,133,70,63
ORD-2025-02458,2025-06-01,2025-06-02,CUST-0243,PRD-006,R102,Distributor,Cash,3,89,0.15,226.95,105,121.95
ORD-2025-00734,2025-06-02,2025-06-04,CUST-0113,PRD-017,R108,Distributor,PayPal,4,139,0.05,528.2,260,268.2
ORD-2025-02821,2025-06-03,2025-06-05,CUST-0210,PRD-014,R102,In-Store,Credit Card,5,22,0,110,40,70
ORD-2025-00409,2025-06-04,2025-06-07,CUST-0024,PRD-002,R108,Online,Credit Card,5,1699,0,8495,5500,2995
ORD-2025-01042,2025-06-04,2025-06-06,CUST-0133,PRD-026,R103,Online,Credit Card,2,210,0.05,399,190,209
ORD-2025-01382,2025-06-05,2025-06-08,CUST-0171,PRD-007,R104,Distributor,PayPal,1,129,0.05,122.55,55,67.55
ORD-2025-01456,2025-06-05,2025-06-06,CUST-0089,PRD-025,R106,In-Store,Credit Card,6,620,0.1,3348,1740,1608
ORD-2025-00149,2025-06-06,2025-06-07,CUST-0041,PRD-028,R103,In-Store,Credit Card,1,135,0.05,128.25,60,68.25
ORD-2025-02162,2025-06-06,2025-06-11,CUST-0155,PRD-015,R102,Distributor,Credit Card,2,15,0.2,24,10,14
ORD-2025-00967,2025-06-07,2025-06-09,CUST-0180,PRD-015,R106,Online,Cash,4,15,0.2,48,20,28
ORD-2025-01369,2025-06-07,2025-06-08,CUST-0197,PRD-026,R104,Online,Bank Transfer,3,210,0.05,598.5,285,313.5
ORD-2025-01970,2025-06-07,2025-06-12,CUST-0110,PRD-004,R102,Online,PayPal,1,2199,0.05,2089.05,1400,689.05
ORD-2025-02350,2025-06-07,2025-06-11,CUST-0189,PRD-019,R101,Distributor,PayPal,1,175,0.1,157.5,75,82.5
ORD-2025-02947,2025-06-07,2025-06-10,CUST-0067,PRD-027,R106,In-Store,Bank Transfer,2,260,0.05,494,230,264
ORD-2025-03060,2025-06-07,2025-06-11,CUST-0137,PRD-013,R102,In-Store,Cash,5,28,0,140,70,70
ORD-2025-03089,2025-06-07,2025-06-08,CUST-0030,PRD-013,R102,In-Store,Bank Transfer,1,28,0,28,14,14
ORD-2025-00691,2025-06-08,2025-06-09,CUST-0075,PRD-012,R102,In-Store,Bank Transfer,2,199,0.2,318.4,180,138.4
ORD-2025-01099,2025-06-08,2025-06-13,CUST-0230,PRD-021,R102,Online,Cash,1,289,0,289,120,169
ORD-2025-01930,2025-06-08,2025-06-12,CUST-0132,PRD-010,R101,Distributor,Bank Transfer,6,799,0.1,4314.6,2520,1794.6
ORD-2025-03472,2025-06-08,2025-06-13,CUST-0150,PRD-024,R107,Distributor,Credit Card,6,549,0.2,2635.2,1440,1195.2
ORD-2025-00114,2025-06-09,2025-06-11,CUST-0249,PRD-027,R108,In-Store,PayPal,3,260,0.2,624,345,279
ORD-2025-00978,2025-06-09,2025-06-12,CUST-0216,PRD-007,R103,Online,Credit Card,1,129,0,129,55,74
ORD-2025-02088,2025-06-09,2025-06-13,CUST-0194,PRD-021,R102,Distributor,Cash,6,289,0.05,1647.3,720,927.3
ORD-2025-03037,2025-06-09,2025-06-14,CUST-0023,PRD-010,R107,In-Store,Credit Card,1,799,0,799,420,379
ORD-2025-00483,2025-06-10,2025-06-13,CUST-0154,PRD-017,R103,Distributor,Credit Card,4,139,0,556,260,296
ORD-2025-00535,2025-06-10,2025-06-15,CUST-0050,PRD-016,R101,In-Store,PayPal,6,24,0.2,115.2,54,61.2
ORD-2025-00933,2025-06-10,2025-06-15,CUST-0140,PRD-026,R107,Online,Credit Card,5,210,0.2,840,475,365
ORD-2025-02877,2025-06-10,2025-06-11,CUST-0211,PRD-025,R108,Online,Cash,6,620,0,3720,1740,1980
ORD-2025-00879,2025-06-11,2025-06-15,CUST-0186,PRD-004,R106,Online,PayPal,5,2199,0.1,9895.5,7000,2895.5
ORD-2025-02752,2025-06-11,2025-06-14,CUST-0052,PRD-002,R102,Online,Credit Card,4,1699,0.05,6456.2,4400,2056.2
ORD-2025-00253,2025-06-12,2025-06-17,CUST-0247,PRD-027,R104,Online,Bank Transfer,1,260,0.05,247,115,132
ORD-2025-02555,2025-06-12,2025-06-17,CUST-0077,PRD-023,R105,In-Store,PayPal,1,149,0,149,65,84
ORD-2025-00827,2025-06-13,2025-06-16,CUST-0129,PRD-028,R102,Distributor,Cash,4,135,0.2,432,240,192
ORD-2025-01216,2025-06-13,2025-06-15,CUST-0166,PRD-018,R108,Online,Bank Transfer,5,85,0,425,200,225
ORD-2025-01837,2025-06-13,2025-06-15,CUST-0238,PRD-010,R106,Distributor,Credit Card,5,799,0.1,3595.5,2100,1495.5
ORD-2025-00307,2025-06-14,2025-06-19,CUST-0141,PRD-012,R101,In-Store,Credit Card,5,199,0,995,450,545
ORD-2025-00918,2025-06-14,2025-06-15,CUST-0026,PRD-020,R102,Distributor,Cash,4,230,0,920,440,480
ORD-2025-02855,2025-06-15,2025-06-18,CUST-0138,PRD-006,R104,Online,Bank Transfer,2,89,0.05,169.1,70,99.1
ORD-2025-01751,2025-06-16,2025-06-18,CUST-0224,PRD-011,R102,Online,Bank Transfer,5,499,0.2,1996,1300,696
ORD-2025-03093,2025-06-16,2025-06-20,CUST-0174,PRD-015,R102,Distributor,Credit Card,2,15,0,30,10,20
ORD-2025-03363,2025-06-16,2025-06-19,CUST-0217,PRD-010,R108,Distributor,Bank Transfer,6,799,0.05,4554.3,2520,2034.3
ORD-2025-01116,2025-06-17,2025-06-20,CUST-0122,PRD-027,R103,Distributor,Credit Card,3,260,0.1,702,345,357
ORD-2025-00912,2025-06-18,2025-06-19,CUST-0202,PRD-025,R101,Distributor,Credit Card,1,620,0.15,527,290,237
ORD-2025-00966,2025-06-18,2025-06-22,CUST-0225,PRD-027,R103,In-Store,Cash,6,260,0.1,1404,690,714
ORD-2025-00611,2025-06-20,2025-06-24,CUST-0198,PRD-017,R103,In-Store,Credit Card,3,139,0.2,333.6,195,138.6
ORD-2025-02090,2025-06-20,2025-06-21,CUST-0143,PRD-019,R105,Online,Credit Card,2,175,0,350,150,200
ORD-2025-00335,2025-06-21,2025-06-26,CUST-0029,PRD-019,R105,In-Store,Credit Card,6,175,0.2,840,450,390
ORD-2025-00415,2025-06-21,2025-06-26,CUST-0005,PRD-025,R102,Distributor,Bank Transfer,5,620,0,3100,1450,1650
ORD-2025-00903,2025-06-21,2025-06-24,CUST-0220,PRD-020,R101,In-Store,Cash,5,230,0,1150,550,600
ORD-2025-03145,2025-06-21,2025-06-23,CUST-0223,PRD-011,R104,Distributor,Bank Transfer,4,499,0.15,1696.6,1040,656.6
ORD-2025-00046,2025-06-22,2025-06-27,CUST-0030,PRD-015,R108,Online,Bank Transfer,1,15,0.2,12,5,7
ORD-2025-00105,2025-06-22,2025-06-27,CUST-0223,PRD-018,R103,In-Store,Cash,5,85,0.1,382.5,200,182.5
ORD-2025-00852,2025-06-22,2025-06-26,CUST-0115,PRD-013,R103,In-Store,Cash,1,28,0.05,26.6,14,12.6
ORD-2025-00946,2025-06-22,2025-06-27,CUST-0221,PRD-006,R105,In-Store,PayPal,4,89,0.2,284.8,140,144.8
ORD-2025-02345,2025-06-22,2025-06-24,CUST-0039,PRD-001,R101,Online,Bank Transfer,6,999,0.05,5694.3,3900,1794.3
ORD-2025-03061,2025-06-22,2025-06-26,CUST-0004,PRD-003,R106,In-Store,PayPal,5,749,0,3745,2400,1345
ORD-2025-03162,2025-06-22,2025-06-24,CUST-0140,PRD-015,R108,In-Store,PayPal,5,15,0,75,25,50
ORD-2025-00241,2025-06-23,2025-06-28,CUST-0222,PRD-028,R106,Online,PayPal,5,135,0.05,641.25,300,341.25
ORD-2025-01073,2025-06-23,2025-06-25,CUST-0235,PRD-014,R106,In-Store,Credit Card,6,22,0,132,48,84
ORD-2025-01097,2025-06-23,2025-06-27,CUST-0088,PRD-021,R104,Online,Cash,3,289,0,867,360,507
ORD-2025-02469,2025-06-23,2025-06-28,CUST-0226,PRD-025,R107,Online,Credit Card,2,620,0.1,1116,580,536
ORD-2025-03150,2025-06-23,2025-06-25,CUST-0015,PRD-026,R104,Distributor,Cash,6,210,0,1260,570,690
ORD-2025-01157,2025-06-24,2025-06-25,CUST-0004,PRD-007,R104,Online,PayPal,1,129,0.1,116.1,55,61.1
ORD-2025-01601,2025-06-24,2025-06-29,CUST-0064,PRD-005,R107,In-Store,Bank Transfer,2,39,0.2,62.4,30,32.4
ORD-2025-01730,2025-06-24,2025-06-26,CUST-0064,PRD-028,R103,Online,Cash,2,135,0.05,256.5,120,136.5
ORD-2025-02358,2025-06-24,2025-06-28,CUST-0054,PRD-019,R104,Online,Cash,4,175,0,700,300,400
ORD-2025-03319,2025-06-24,2025-06-26,CUST-0004,PRD-001,R106,Distributor,PayPal,4,999,0.15,3396.6,2600,796.6
ORD-2025-01134,2025-06-25,2025-06-28,CUST-0005,PRD-006,R101,Online,Cash,2,89,0.1,160.2,70,90.2
ORD-2025-02391,2025-06-25,2025-06-30,CUST-0052,PRD-001,R101,Distributor,Bank Transfer,4,999,0.15,3396.6,2600,796.6
ORD-2025-00428,2025-06-26,2025-06-29,CUST-0064,PRD-008,R105,Online,Bank Transfer,1,49,0.05,46.55,18,28.55
ORD-2025-01020,2025-06-26,2025-06-28,CUST-0119,PRD-026,R103,In-Store,Credit Card,5,210,0.15,892.5,475,417.5
ORD-2025-01813,2025-06-26,2025-06-27,CUST-0100,PRD-018,R105,Online,Bank Transfer,2,85,0.15,144.5,80,64.5
ORD-2025-02141,2025-06-26,2025-06-27,CUST-0155,PRD-028,R102,In-Store,Credit Card,4,135,0,540,240,300
ORD-2025-01745,2025-06-27,2025-06-28,CUST-0182,PRD-001,R103,Distributor,Credit Card,2,999,0.1,1798.2,1300,498.2
ORD-2025-02017,2025-06-27,2025-07-02,CUST-0089,PRD-028,R107,Distributor,PayPal,2,135,0,270,120,150
ORD-2025-03026,2025-06-27,2025-06-30,CUST-0155,PRD-022,R102,Online,Credit Card,2,450,0.2,720,420,300
ORD-2025-03306,2025-06-27,2025-06-28,CUST-0004,PRD-020,R105,Distributor,Cash,3,230,0.1,621,330,291
ORD-2025-00563,2025-06-28,2025-06-29,CUST-0220,PRD-019,R106,Distributor,Credit Card,5,175,0,875,375,500
ORD-2025-01870,2025-06-28,2025-07-02,CUST-0210,PRD-006,R107,In-Store,Bank Transfer,3,89,0.2,213.6,105,108.6
ORD-2025-02367,2025-06-28,2025-07-03,CUST-0113,PRD-006,R105,Distributor,Bank Transfer,3,89,0,267,105,162
ORD-2025-03190,2025-06-28,2025-06-30,CUST-0225,PRD-005,R104,Distributor,PayPal,5,39,0.05,185.25,75,110.25
ORD-2025-00348,2025-06-29,2025-06-30,CUST-0197,PRD-025,R106,Online,Bank Transfer,6,620,0,3720,1740,1980
ORD-2025-00478,2025-06-29,2025-07-04,CUST-0030,PRD-008,R108,Online,Credit Card,6,49,0,294,108,186
ORD-2025-00748,2025-06-29,2025-07-01,CUST-0059,PRD-005,R106,Online,Cash,6,39,0,234,90,144
ORD-2025-02004,2025-06-29,2025-07-02,CUST-0134,PRD-014,R106,Online,Bank Transfer,1,22,0,22,8,14
ORD-2025-02272,2025-06-29,2025-06-30,CUST-0214,PRD-010,R108,In-Store,PayPal,6,799,0.1,4314.6,2520,1794.6
ORD-2025-03192,2025-06-29,2025-07-03,CUST-0034,PRD-025,R102,Online,PayPal,6,620,0,3720,1740,1980
ORD-2025-01188,2025-06-30,2025-07-01,CUST-0029,PRD-015,R102,Distributor,PayPal,4,15,0.05,57,20,37
ORD-2025-01992,2025-06-30,2025-07-02,CUST-0061,PRD-025,R104,Distributor,Cash,3,620,0,1860,870,990
ORD-2025-00487,2025-07-01,2025-07-03,CUST-0207,PRD-006,R105,Online,Cash,4,89,0,356,140,216
ORD-2025-01203,2025-07-01,2025-07-03,CUST-0189,PRD-007,R101,Online,PayPal,1,129,0.15,109.65,55,54.65
ORD-2025-03054,2025-07-01,2025-07-05,CUST-0217,PRD-004,R107,In-Store,Cash,3,2199,0.1,5937.3,4200,1737.3
ORD-2025-01530,2025-07-02,2025-07-06,CUST-0215,PRD-009,R106,Distributor,Credit Card,2,329,0.05,625.1,360,265.1
ORD-2025-00537,2025-07-03,2025-07-04,CUST-0114,PRD-001,R101,Distributor,Credit Card,2,999,0,1998,1300,698
ORD-2025-00546,2025-07-03,2025-07-07,CUST-0164,PRD-028,R107,Online,PayPal,5,135,0,675,300,375
ORD-2025-01391,2025-07-03,2025-07-06,CUST-0082,PRD-012,R101,In-Store,Bank Transfer,1,199,0.1,179.1,90,89.1
ORD-2025-01510,2025-07-03,2025-07-05,CUST-0072,PRD-023,R105,Online,Cash,5,149,0.15,633.25,325,308.25
ORD-2025-02486,2025-07-03,2025-07-04,CUST-0144,PRD-011,R108,In-Store,Bank Transfer,4,499,0,1996,1040,956
ORD-2025-03106,2025-07-03,2025-07-04,CUST-0172,PRD-014,R103,Distributor,PayPal,2,22,0,44,16,28
ORD-2025-00093,2025-07-04,2025-07-08,CUST-0143,PRD-015,R105,Distributor,Bank Transfer,5,15,0.2,60,25,35
ORD-2025-01888,2025-07-04,2025-07-09,CUST-0164,PRD-006,R104,Online,Cash,2,89,0.15,151.3,70,81.3
ORD-2025-01978,2025-07-04,2025-07-07,CUST-0160,PRD-001,R107,Online,PayPal,3,999,0,2997,1950,1047
ORD-2025-02357,2025-07-04,2025-07-09,CUST-0072,PRD-018,R105,Online,Credit Card,6,85,0.15,433.5,240,193.5
ORD-2025-02998,2025-07-04,2025-07-05,CUST-0035,PRD-008,R105,Online,Cash,1,49,0.1,44.1,18,26.1
ORD-2025-00777,2025-07-05,2025-07-09,CUST-0055,PRD-021,R102,In-Store,Bank Transfer,3,289,0.05,823.65,360,463.65
ORD-2025-03429,2025-07-05,2025-07-08,CUST-0080,PRD-016,R102,In-Store,Credit Card,4,24,0.15,81.6,36,45.6
ORD-2025-00510,2025-07-06,2025-07-10,CUST-0177,PRD-001,R104,Online,Credit Card,4,999,0,3996,2600,1396
ORD-2025-01070,2025-07-06,2025-07-11,CUST-0225,PRD-025,R106,In-Store,Bank Transfer,4,620,0.05,2356,1160,1196
ORD-2025-02056,2025-07-06,2025-07-09,CUST-0228,PRD-005,R107,In-Store,Cash,2,39,0,78,30,48
ORD-2025-02711,2025-07-06,2025-07-08,CUST-0075,PRD-028,R104,In-Store,PayPal,4,135,0,540,240,300
ORD-2025-01556,2025-07-07,2025-07-12,CUST-0150,PRD-006,R108,Distributor,Bank Transfer,5,89,0,445,175,270
ORD-2025-03245,2025-07-07,2025-07-12,CUST-0161,PRD-021,R101,Distributor,PayPal,4,289,0.05,1098.2,480,618.2
ORD-2025-00735,2025-07-08,2025-07-10,CUST-0175,PRD-026,R106,Distributor,Cash,3,210,0,630,285,345
ORD-2025-00764,2025-07-08,2025-07-10,CUST-0145,PRD-019,R107,In-Store,Credit Card,6,175,0.15,892.5,450,442.5
ORD-2025-01654,2025-07-08,2025-07-09,CUST-0115,PRD-002,R108,In-Store,PayPal,6,1699,0.15,8664.9,6600,2064.9
ORD-2025-01957,2025-07-08,2025-07-12,CUST-0007,PRD-027,R102,Online,Cash,4,260,0.15,884,460,424
ORD-2025-02535,2025-07-08,2025-07-12,CUST-0216,PRD-027,R108,Distributor,Credit Card,4,260,0.1,936,460,476
ORD-2025-02638,2025-07-08,2025-07-13,CUST-0238,PRD-021,R103,In-Store,Bank Transfer,3,289,0.05,823.65,360,463.65
ORD-2025-02065,2025-07-09,2025-07-13,CUST-0065,PRD-006,R103,Online,Cash,5,89,0.15,378.25,175,203.25
ORD-2025-02100,2025-07-09,2025-07-10,CUST-0084,PRD-007,R107,Distributor,Bank Transfer,2,129,0.2,206.4,110,96.4
ORD-2025-03403,2025-07-09,2025-07-13,CUST-0118,PRD-001,R103,Online,Bank Transfer,5,999,0,4995,3250,1745
ORD-2025-00851,2025-07-11,2025-07-13,CUST-0067,PRD-007,R108,In-Store,Cash,3,129,0,387,165,222
ORD-2025-02294,2025-07-11,2025-07-12,CUST-0145,PRD-002,R103,Distributor,Cash,1,1699,0,1699,1100,599
ORD-2025-03208,2025-07-11,2025-07-12,CUST-0139,PRD-023,R101,Distributor,Cash,4,149,0,596,260,336
ORD-2025-00674,2025-07-12,2025-07-17,CUST-0147,PRD-001,R105,In-Store,Credit Card,1,999,0,999,650,349
ORD-2025-00816,2025-07-12,2025-07-13,CUST-0243,PRD-017,R104,Online,Credit Card,4,139,0.1,500.4,260,240.4
ORD-2025-00890,2025-07-12,2025-07-17,CUST-0077,PRD-008,R104,Distributor,Bank Transfer,1,49,0,49,18,31
ORD-2025-01364,2025-07-12,2025-07-17,CUST-0077,PRD-022,R107,Online,Credit Card,5,450,0,2250,1050,1200
ORD-2025-01812,2025-07-12,2025-07-15,CUST-0093,PRD-016,R105,Distributor,PayPal,4,24,0.2,76.8,36,40.8
ORD-2025-02828,2025-07-12,2025-07-16,CUST-0201,PRD-028,R108,In-Store,Bank Transfer,1,135,0.15,114.75,60,54.75
ORD-2025-00313,2025-07-13,2025-07-14,CUST-0227,PRD-020,R104,In-Store,PayPal,3,230,0,690,330,360
ORD-2025-00525,2025-07-13,2025-07-16,CUST-0188,PRD-022,R103,In-Store,PayPal,1,450,0,450,210,240
ORD-2025-00604,2025-07-13,2025-07-17,CUST-0208,PRD-017,R102,Online,Credit Card,5,139,0.05,660.25,325,335.25
ORD-2025-00787,2025-07-14,2025-07-16,CUST-0246,PRD-019,R108,In-Store,Cash,2,175,0,350,150,200
ORD-2025-01689,2025-07-14,2025-07-16,CUST-0069,PRD-025,R105,In-Store,PayPal,5,620,0.15,2635,1450,1185
ORD-2025-02954,2025-07-14,2025-07-15,CUST-0038,PRD-019,R106,Distributor,Bank Transfer,3,175,0.15,446.25,225,221.25
ORD-2025-00909,2025-07-15,2025-07-19,CUST-0130,PRD-003,R102,Online,Credit Card,5,749,0.2,2996,2400,596
ORD-2025-02032,2025-07-15,2025-07-16,CUST-0140,PRD-025,R107,Distributor,Cash,1,620,0.05,589,290,299
ORD-2025-02605,2025-07-15,2025-07-16,CUST-0201,PRD-021,R105,In-Store,Bank Transfer,6,289,0.1,1560.6,720,840.6
ORD-2025-02625,2025-07-16,2025-07-19,CUST-0190,PRD-023,R108,Distributor,PayPal,5,149,0,745,325,420
ORD-2025-02835,2025-07-17,2025-07-21,CUST-0034,PRD-021,R101,Online,PayPal,6,289,0,1734,720,1014
ORD-2025-03327,2025-07-17,2025-07-21,CUST-0053,PRD-020,R104,Distributor,Bank Transfer,2,230,0,460,220,240
ORD-2025-02957,2025-07-18,2025-07-19,CUST-0199,PRD-008,R101,Online,Credit Card,4,49,0.05,186.2,72,114.2
ORD-2025-00712,2025-07-19,2025-07-22,CUST-0243,PRD-013,R103,Distributor,PayPal,2,28,0.15,47.6,28,19.6
ORD-2025-01322,2025-07-19,2025-07-21,CUST-0123,PRD-023,R108,In-Store,PayPal,2,149,0,298,130,168
ORD-2025-01465,2025-07-19,2025-07-24,CUST-0007,PRD-028,R105,Distributor,Bank Transfer,6,135,0,810,360,450
ORD-2025-01512,2025-07-19,2025-07-21,CUST-0184,PRD-023,R107,In-Store,PayPal,5,149,0,745,325,420
ORD-2025-01584,2025-07-19,2025-07-20,CUST-0083,PRD-019,R102,Distributor,Bank Transfer,6,175,0,1050,450,600
ORD-2025-02636,2025-07-19,2025-07-23,CUST-0047,PRD-013,R101,Distributor,Credit Card,5,28,0,140,70,70
ORD-2025-02962,2025-07-19,2025-07-22,CUST-0202,PRD-026,R105,Distributor,Bank Transfer,6,210,0,1260,570,690
ORD-2025-00547,2025-07-20,2025-07-21,CUST-0010,PRD-024,R106,In-Store,Bank Transfer,4,549,0,2196,960,1236
ORD-2025-01661,2025-07-20,2025-07-24,CUST-0222,PRD-005,R106,Distributor,Bank Transfer,5,39,0,195,75,120
ORD-2025-01016,2025-07-21,2025-07-25,CUST-0177,PRD-012,R102,Distributor,Credit Card,1,199,0.15,169.15,90,79.15
ORD-2025-00227,2025-07-22,2025-07-24,CUST-0047,PRD-007,R101,In-Store,Bank Transfer,2,129,0.2,206.4,110,96.4
ORD-2025-01299,2025-07-22,2025-07-24,CUST-0077,PRD-013,R102,Online,Cash,2,28,0.05,53.2,28,25.2
ORD-2025-01359,2025-07-22,2025-07-25,CUST-0128,PRD-024,R106,Online,PayPal,5,549,0,2745,1200,1545
ORD-2025-01366,2025-07-22,2025-07-26,CUST-0112,PRD-004,R107,In-Store,PayPal,1,2199,0.05,2089.05,1400,689.05
ORD-2025-02068,2025-07-22,2025-07-24,CUST-0025,PRD-013,R104,Distributor,PayPal,1,28,0.05,26.6,14,12.6
ORD-2025-03243,2025-07-22,2025-07-25,CUST-0171,PRD-021,R108,Distributor,Credit Card,2,289,0.2,462.4,240,222.4
ORD-2025-03434,2025-07-22,2025-07-26,CUST-0203,PRD-002,R101,Distributor,Cash,5,1699,0,8495,5500,2995
ORD-2025-00620,2025-07-23,2025-07-27,CUST-0175,PRD-010,R104,Online,Bank Transfer,4,799,0.15,2716.6,1680,1036.6
ORD-2025-00647,2025-07-23,2025-07-25,CUST-0152,PRD-015,R102,In-Store,Credit Card,1,15,0.2,12,5,7
ORD-2025-01425,2025-07-23,2025-07-27,CUST-0166,PRD-018,R107,Distributor,Credit Card,5,85,0,425,200,225
ORD-2025-00034,2025-07-24,2025-07-28,CUST-0238,PRD-017,R105,Distributor,Bank Transfer,2,139,0.2,222.4,130,92.4
ORD-2025-02766,2025-07-24,2025-07-28,CUST-0229,PRD-014,R105,In-Store,Cash,3,22,0.05,62.7,24,38.7
ORD-2025-01069,2025-07-25,2025-07-29,CUST-0198,PRD-018,R102,In-Store,Cash,5,85,0,425,200,225
ORD-2025-01338,2025-07-25,2025-07-27,CUST-0195,PRD-004,R103,Online,Cash,3,2199,0.05,6267.15,4200,2067.15
ORD-2025-02140,2025-07-25,2025-07-29,CUST-0221,PRD-006,R101,Online,Bank Transfer,6,89,0,534,210,324
ORD-2025-02259,2025-07-26,2025-07-29,CUST-0042,PRD-019,R101,In-Store,Cash,3,175,0.05,498.75,225,273.75
ORD-2025-02863,2025-07-26,2025-07-28,CUST-0038,PRD-024,R107,Distributor,Cash,2,549,0,1098,480,618
ORD-2025-00244,2025-07-27,2025-08-01,CUST-0196,PRD-010,R105,Online,PayPal,6,799,0,4794,2520,2274
ORD-2025-00798,2025-07-27,2025-07-31,CUST-0228,PRD-003,R106,Distributor,PayPal,5,749,0.05,3557.75,2400,1157.75
ORD-2025-01405,2025-07-28,2025-07-31,CUST-0147,PRD-003,R102,Distributor,Credit Card,1,749,0.1,674.1,480,194.1
ORD-2025-01413,2025-07-28,2025-07-31,CUST-0185,PRD-014,R104,In-Store,PayPal,2,22,0.05,41.8,16,25.8
ORD-2025-03452,2025-07-28,2025-07-30,CUST-0228,PRD-025,R101,Online,Credit Card,5,620,0.05,2945,1450,1495
ORD-2025-00060,2025-07-29,2025-08-01,CUST-0141,PRD-010,R107,In-Store,Credit Card,6,799,0.05,4554.3,2520,2034.3
ORD-2025-00078,2025-07-29,2025-08-03,CUST-0087,PRD-002,R101,Distributor,PayPal,1,1699,0,1699,1100,599
ORD-2025-01021,2025-07-29,2025-07-31,CUST-0191,PRD-009,R102,In-Store,Bank Transfer,1,329,0.05,312.55,180,132.55
ORD-2025-01504,2025-07-29,2025-07-31,CUST-0059,PRD-017,R107,In-Store,Credit Card,2,139,0.05,264.1,130,134.1
ORD-2025-02815,2025-07-29,2025-08-03,CUST-0119,PRD-027,R106,Distributor,Credit Card,1,260,0.1,234,115,119
ORD-2025-01708,2025-07-30,2025-08-04,CUST-0134,PRD-017,R107,Online,PayPal,2,139,0,278,130,148
ORD-2025-00202,2025-07-31,2025-08-03,CUST-0046,PRD-025,R102,Distributor,Cash,6,620,0,3720,1740,1980
ORD-2025-00482,2025-07-31,2025-08-05,CUST-0005,PRD-027,R105,In-Store,PayPal,3,260,0.2,624,345,279
ORD-2025-02397,2025-07-31,2025-08-03,CUST-0003,PRD-007,R103,Online,Credit Card,3,129,0.05,367.65,165,202.65
ORD-2025-02987,2025-07-31,2025-08-04,CUST-0095,PRD-012,R104,Distributor,Bank Transfer,2,199,0.2,318.4,180,138.4
ORD-2025-00506,2025-08-01,2025-08-02,CUST-0007,PRD-022,R106,Online,Credit Card,1,450,0.1,405,210,195
ORD-2025-00817,2025-08-01,2025-08-04,CUST-0245,PRD-020,R101,Distributor,Bank Transfer,2,230,0.2,368,220,148
ORD-2025-00861,2025-08-01,2025-08-05,CUST-0230,PRD-003,R101,In-Store,Credit Card,4,749,0,2996,1920,1076
ORD-2025-01412,2025-08-01,2025-08-05,CUST-0115,PRD-002,R101,Online,Bank Transfer,5,1699,0,8495,5500,2995
ORD-2025-02142,2025-08-01,2025-08-04,CUST-0180,PRD-011,R108,Online,Credit Card,3,499,0.1,1347.3,780,567.3
ORD-2025-02213,2025-08-01,2025-08-06,CUST-0161,PRD-027,R105,Distributor,Bank Transfer,3,260,0,780,345,435
ORD-2025-02833,2025-08-01,2025-08-04,CUST-0231,PRD-009,R102,Online,PayPal,3,329,0,987,540,447
ORD-2025-02885,2025-08-01,2025-08-02,CUST-0184,PRD-015,R105,In-Store,Bank Transfer,3,15,0.05,42.75,15,27.75
ORD-2025-00330,2025-08-02,2025-08-03,CUST-0201,PRD-017,R105,In-Store,PayPal,3,139,0.15,354.45,195,159.45
ORD-2025-03045,2025-08-03,2025-08-07,CUST-0147,PRD-021,R106,In-Store,Cash,4,289,0.2,924.8,480,444.8
ORD-2025-00728,2025-08-05,2025-08-08,CUST-0039,PRD-026,R106,In-Store,Cash,6,210,0,1260,570,690
ORD-2025-01348,2025-08-05,2025-08-09,CUST-0118,PRD-019,R103,In-Store,Cash,4,175,0,700,300,400
ORD-2025-02392,2025-08-05,2025-08-09,CUST-0096,PRD-006,R104,In-Store,Bank Transfer,3,89,0.2,213.6,105,108.6
ORD-2025-02531,2025-08-05,2025-08-06,CUST-0017,PRD-003,R107,Distributor,Credit Card,6,749,0,4494,2880,1614
ORD-2025-02070,2025-08-06,2025-08-10,CUST-0100,PRD-025,R108,In-Store,PayPal,3,620,0,1860,870,990
ORD-2025-02131,2025-08-07,2025-08-12,CUST-0088,PRD-009,R102,Distributor,Credit Card,2,329,0.15,559.3,360,199.3
ORD-2025-00456,2025-08-08,2025-08-10,CUST-0148,PRD-005,R101,Distributor,PayPal,5,39,0.05,185.25,75,110.25
ORD-2025-00551,2025-08-08,2025-08-10,CUST-0115,PRD-018,R104,Distributor,PayPal,1,85,0,85,40,45
ORD-2025-01197,2025-08-08,2025-08-11,CUST-0104,PRD-022,R102,Distributor,PayPal,6,450,0,2700,1260,1440
ORD-2025-01832,2025-08-08,2025-08-10,CUST-0045,PRD-003,R104,Distributor,PayPal,5,749,0.05,3557.75,2400,1157.75
ORD-2025-03047,2025-08-08,2025-08-13,CUST-0142,PRD-001,R107,Online,Bank Transfer,1,999,0,999,650,349
ORD-2025-00017,2025-08-09,2025-08-14,CUST-0124,PRD-011,R102,Distributor,Cash,1,499,0,499,260,239
ORD-2025-00419,2025-08-09,2025-08-11,CUST-0064,PRD-006,R108,In-Store,Credit Card,5,89,0.05,422.75,175,247.75
ORD-2025-01824,2025-08-09,2025-08-14,CUST-0231,PRD-003,R101,Distributor,PayPal,2,749,0.05,1423.1,960,463.1
ORD-2025-02532,2025-08-09,2025-08-12,CUST-0039,PRD-020,R103,Distributor,Cash,1,230,0.05,218.5,110,108.5
ORD-2025-03241,2025-08-09,2025-08-12,CUST-0058,PRD-026,R101,Distributor,Cash,4,210,0,840,380,460
ORD-2025-00814,2025-08-10,2025-08-15,CUST-0176,PRD-021,R108,Online,Bank Transfer,2,289,0.1,520.2,240,280.2
ORD-2025-01520,2025-08-10,2025-08-12,CUST-0101,PRD-009,R107,Distributor,Credit Card,5,329,0.15,1398.25,900,498.25
ORD-2025-02007,2025-08-10,2025-08-12,CUST-0198,PRD-011,R101,Distributor,PayPal,4,499,0.1,1796.4,1040,756.4
ORD-2025-00161,2025-08-11,2025-08-13,CUST-0193,PRD-023,R104,Distributor,Credit Card,6,149,0,894,390,504
ORD-2025-02666,2025-08-11,2025-08-13,CUST-0001,PRD-016,R108,In-Store,Cash,3,24,0.2,57.6,27,30.6
ORD-2025-00109,2025-08-12,2025-08-13,CUST-0134,PRD-010,R101,Distributor,Bank Transfer,4,799,0.05,3036.2,1680,1356.2
ORD-2025-00876,2025-08-12,2025-08-15,CUST-0203,PRD-011,R107,Online,Cash,5,499,0,2495,1300,1195
ORD-2025-02787,2025-08-12,2025-08-17,CUST-0197,PRD-028,R106,Online,Cash,6,135,0.1,729,360,369
ORD-2025-00984,2025-08-13,2025-08-15,CUST-0063,PRD-014,R107,Online,PayPal,6,22,0.1,118.8,48,70.8
ORD-2025-00994,2025-08-13,2025-08-16,CUST-0221,PRD-006,R101,In-Store,Cash,6,89,0,534,210,324
ORD-2025-03001,2025-08-13,2025-08-18,CUST-0073,PRD-021,R103,Online,Credit Card,3,289,0.15,736.95,360,376.95
ORD-2025-03022,2025-08-13,2025-08-14,CUST-0143,PRD-024,R107,Online,Cash,6,549,0.05,3129.3,1440,1689.3
ORD-2025-03273,2025-08-13,2025-08-15,CUST-0159,PRD-015,R102,Online,Credit Card,5,15,0.05,71.25,25,46.25
ORD-2025-01874,2025-08-14,2025-08-17,CUST-0104,PRD-005,R104,In-Store,Cash,3,39,0.05,111.15,45,66.15
ORD-2025-02260,2025-08-15,2025-08-19,CUST-0071,PRD-025,R104,In-Store,Bank Transfer,5,620,0.2,2480,1450,1030
ORD-2025-03041,2025-08-15,2025-08-20,CUST-0149,PRD-003,R101,In-Store,PayPal,6,749,0.05,4269.3,2880,1389.3
ORD-2025-01285,2025-08-16,2025-08-20,CUST-0027,PRD-025,R108,Online,PayPal,3,620,0.1,1674,870,804
ORD-2025-00951,2025-08-17,2025-08-20,CUST-0152,PRD-018,R103,Online,Credit Card,4,85,0,340,160,180
ORD-2025-01511,2025-08-17,2025-08-21,CUST-0047,PRD-005,R104,Distributor,Cash,3,39,0,117,45,72
ORD-2025-01786,2025-08-17,2025-08-22,CUST-0145,PRD-011,R101,Distributor,Bank Transfer,3,499,0,1497,780,717
ORD-2025-02264,2025-08-17,2025-08-21,CUST-0215,PRD-024,R102,Online,PayPal,1,549,0.05,521.55,240,281.55
ORD-2025-02643,2025-08-17,2025-08-18,CUST-0160,PRD-009,R104,Online,Credit Card,6,329,0,1974,1080,894
ORD-2025-03091,2025-08-17,2025-08-21,CUST-0065,PRD-011,R108,In-Store,Cash,2,499,0.05,948.1,520,428.1
ORD-2025-03099,2025-08-17,2025-08-18,CUST-0038,PRD-010,R103,Distributor,Cash,6,799,0,4794,2520,2274
ORD-2025-01844,2025-08-18,2025-08-21,CUST-0245,PRD-006,R105,Distributor,Bank Transfer,2,89,0,178,70,108
ORD-2025-03329,2025-08-18,2025-08-21,CUST-0099,PRD-013,R104,Online,Cash,6,28,0.2,134.4,84,50.4
ORD-2025-01582,2025-08-19,2025-08-22,CUST-0092,PRD-008,R101,Online,Bank Transfer,1,49,0.05,46.55,18,28.55
ORD-2025-01806,2025-08-19,2025-08-22,CUST-0065,PRD-016,R103,In-Store,PayPal,6,24,0,144,54,90
ORD-2025-00662,2025-08-20,2025-08-24,CUST-0066,PRD-023,R106,In-Store,Bank Transfer,1,149,0,149,65,84
ORD-2025-01463,2025-08-21,2025-08-24,CUST-0181,PRD-026,R108,Distributor,Cash,3,210,0,630,285,345
ORD-2025-02567,2025-08-21,2025-08-23,CUST-0203,PRD-011,R102,Online,Credit Card,3,499,0,1497,780,717
ORD-2025-00650,2025-08-22,2025-08-27,CUST-0109,PRD-007,R107,Online,Cash,5,129,0.2,516,275,241
ORD-2025-01007,2025-08-22,2025-08-25,CUST-0119,PRD-005,R102,Online,PayPal,6,39,0,234,90,144
ORD-2025-03461,2025-08-22,2025-08-25,CUST-0034,PRD-015,R106,Online,Cash,1,15,0.15,12.75,5,7.75
ORD-2025-02248,2025-08-23,2025-08-25,CUST-0181,PRD-019,R108,Distributor,Cash,1,175,0.05,166.25,75,91.25
ORD-2025-02393,2025-08-23,2025-08-28,CUST-0166,PRD-026,R107,Distributor,Credit Card,5,210,0.2,840,475,365
ORD-2025-02718,2025-08-23,2025-08-24,CUST-0010,PRD-012,R104,In-Store,Cash,2,199,0.2,318.4,180,138.4
ORD-2025-00431,2025-08-24,2025-08-28,CUST-0015,PRD-018,R104,Online,PayPal,4,85,0.2,272,160,112
ORD-2025-02559,2025-08-24,2025-08-26,CUST-0087,PRD-004,R102,In-Store,Credit Card,5,2199,0.05,10445.25,7000,3445.25
ORD-2025-02772,2025-08-24,2025-08-25,CUST-0190,PRD-019,R101,Distributor,PayPal,3,175,0.2,420,225,195
ORD-2025-00479,2025-08-25,2025-08-28,CUST-0022,PRD-019,R106,Distributor,Cash,2,175,0,350,150,200
ORD-2025-01176,2025-08-25,2025-08-26,CUST-0085,PRD-016,R105,In-Store,Cash,5,24,0.2,96,45,51
ORD-2025-02418,2025-08-25,2025-08-27,CUST-0244,PRD-017,R101,Distributor,Credit Card,6,139,0.2,667.2,390,277.2
ORD-2025-02688,2025-08-25,2025-08-26,CUST-0124,PRD-019,R101,Distributor,Cash,5,175,0,875,375,500
ORD-2025-02696,2025-08-25,2025-08-29,CUST-0163,PRD-024,R106,In-Store,Credit Card,3,549,0,1647,720,927
ORD-2025-02808,2025-08-25,2025-08-30,CUST-0033,PRD-010,R101,Online,PayPal,3,799,0.15,2037.45,1260,777.45
ORD-2025-03382,2025-08-25,2025-08-26,CUST-0090,PRD-014,R108,In-Store,PayPal,5,22,0.2,88,40,48
ORD-2025-01640,2025-08-26,2025-08-29,CUST-0008,PRD-015,R104,Online,Credit Card,3,15,0.1,40.5,15,25.5
ORD-2025-00066,2025-08-27,2025-08-29,CUST-0046,PRD-022,R107,Online,Credit Card,6,450,0.05,2565,1260,1305
ORD-2025-00690,2025-08-27,2025-09-01,CUST-0188,PRD-027,R105,In-Store,Cash,3,260,0.1,702,345,357
ORD-2025-01779,2025-08-27,2025-09-01,CUST-0052,PRD-009,R102,Distributor,Credit Card,3,329,0.2,789.6,540,249.6
ORD-2025-02292,2025-08-27,2025-08-30,CUST-0185,PRD-012,R104,Distributor,Credit Card,3,199,0.05,567.15,270,297.15
ORD-2025-03453,2025-08-27,2025-08-31,CUST-0083,PRD-019,R103,In-Store,Credit Card,2,175,0,350,150,200
ORD-2025-01404,2025-08-28,2025-09-02,CUST-0249,PRD-022,R103,Distributor,Cash,1,450,0.15,382.5,210,172.5
ORD-2025-02172,2025-08-28,2025-09-01,CUST-0089,PRD-025,R108,Distributor,Cash,4,620,0,2480,1160,1320
ORD-2025-01233,2025-08-29,2025-08-31,CUST-0004,PRD-018,R107,In-Store,PayPal,6,85,0.05,484.5,240,244.5
ORD-2025-01790,2025-08-29,2025-08-31,CUST-0029,PRD-008,R103,Online,PayPal,6,49,0.1,264.6,108,156.6
ORD-2025-02270,2025-08-29,2025-09-02,CUST-0059,PRD-018,R106,Distributor,Cash,1,85,0.15,72.25,40,32.25
ORD-2025-03056,2025-08-29,2025-08-30,CUST-0085,PRD-028,R101,In-Store,Cash,1,135,0.1,121.5,60,61.5
ORD-2025-01280,2025-08-30,2025-09-04,CUST-0095,PRD-010,R101,In-Store,Bank Transfer,4,799,0.15,2716.6,1680,1036.6
ORD-2025-02286,2025-08-30,2025-09-02,CUST-0169,PRD-008,R103,In-Store,Bank Transfer,2,49,0,98,36,62
ORD-2025-02482,2025-08-30,2025-09-04,CUST-0030,PRD-008,R104,Online,Cash,6,49,0.05,279.3,108,171.3
ORD-2025-00873,2025-08-31,2025-09-05,CUST-0124,PRD-027,R103,Distributor,Credit Card,3,260,0,780,345,435
ORD-2025-00222,2025-09-01,2025-09-06,CUST-0113,PRD-021,R108,In-Store,Bank Transfer,1,289,0,289,120,169
ORD-2025-02308,2025-09-01,2025-09-04,CUST-0053,PRD-025,R101,Online,PayPal,1,620,0.2,496,290,206
ORD-2025-03084,2025-09-01,2025-09-03,CUST-0114,PRD-015,R101,In-Store,Cash,4,15,0.05,57,20,37
ORD-2025-03272,2025-09-01,2025-09-05,CUST-0210,PRD-024,R105,Online,PayPal,3,549,0,1647,720,927
ORD-2025-01951,2025-09-02,2025-09-03,CUST-0094,PRD-011,R102,Distributor,PayPal,3,499,0.05,1422.15,780,642.15
ORD-2025-02171,2025-09-02,2025-09-03,CUST-0216,PRD-008,R101,In-Store,PayPal,5,49,0,245,90,155
ORD-2025-01217,2025-09-03,2025-09-08,CUST-0142,PRD-023,R105,Online,Bank Transfer,6,149,0.05,849.3,390,459.3
ORD-2025-00430,2025-09-04,2025-09-05,CUST-0249,PRD-017,R107,Online,Credit Card,5,139,0.15,590.75,325,265.75
ORD-2025-01138,2025-09-04,2025-09-05,CUST-0111,PRD-013,R107,Distributor,PayPal,4,28,0,112,56,56
ORD-2025-02809,2025-09-04,2025-09-09,CUST-0156,PRD-011,R103,In-Store,Credit Card,2,499,0.05,948.1,520,428.1
ORD-2025-03384,2025-09-04,2025-09-07,CUST-0105,PRD-021,R105,Online,Cash,1,289,0.05,274.55,120,154.55
ORD-2025-00155,2025-09-06,2025-09-09,CUST-0158,PRD-010,R103,In-Store,PayPal,6,799,0.1,4314.6,2520,1794.6
ORD-2025-00203,2025-09-06,2025-09-11,CUST-0206,PRD-024,R105,In-Store,PayPal,2,549,0.1,988.2,480,508.2
ORD-2025-00336,2025-09-06,2025-09-08,CUST-0077,PRD-017,R101,In-Store,Cash,4,139,0.05,528.2,260,268.2
ORD-2025-00713,2025-09-06,2025-09-10,CUST-0007,PRD-005,R105,In-Store,PayPal,1,39,0.15,33.15,15,18.15
ORD-2025-01738,2025-09-06,2025-09-08,CUST-0171,PRD-026,R102,Distributor,Cash,5,210,0.05,997.5,475,522.5
ORD-2025-00183,2025-09-07,2025-09-12,CUST-0135,PRD-021,R108,Distributor,Cash,2,289,0.05,549.1,240,309.1
ORD-2025-00404,2025-09-07,2025-09-09,CUST-0100,PRD-012,R105,Distributor,PayPal,6,199,0,1194,540,654
ORD-2025-01892,2025-09-07,2025-09-10,CUST-0108,PRD-005,R106,Distributor,Cash,3,39,0.15,99.45,45,54.45
ORD-2025-02628,2025-09-07,2025-09-09,CUST-0150,PRD-011,R107,Online,Bank Transfer,3,499,0.1,1347.3,780,567.3
ORD-2025-03090,2025-09-07,2025-09-10,CUST-0107,PRD-023,R105,Online,Cash,2,149,0,298,130,168
ORD-2025-00219,2025-09-08,2025-09-09,CUST-0073,PRD-009,R105,Distributor,PayPal,4,329,0,1316,720,596
ORD-2025-01967,2025-09-08,2025-09-13,CUST-0193,PRD-006,R108,Distributor,Bank Transfer,1,89,0.15,75.65,35,40.65
ORD-2025-03168,2025-09-08,2025-09-12,CUST-0111,PRD-020,R104,Online,Credit Card,3,230,0.1,621,330,291
ORD-2025-00705,2025-09-09,2025-09-12,CUST-0186,PRD-003,R105,Online,PayPal,3,749,0.1,2022.3,1440,582.3
ORD-2025-01351,2025-09-09,2025-09-12,CUST-0048,PRD-002,R105,Distributor,PayPal,5,1699,0,8495,5500,2995
ORD-2025-01499,2025-09-09,2025-09-12,CUST-0137,PRD-028,R107,In-Store,Credit Card,2,135,0.05,256.5,120,136.5
ORD-2025-01847,2025-09-09,2025-09-11,CUST-0228,PRD-021,R103,Online,PayPal,4,289,0.1,1040.4,480,560.4
ORD-2025-02979,2025-09-09,2025-09-10,CUST-0032,PRD-018,R105,Online,Bank Transfer,2,85,0.2,136,80,56
ORD-2025-02289,2025-09-10,2025-09-11,CUST-0107,PRD-027,R101,In-Store,Cash,1,260,0.05,247,115,132
ORD-2025-02508,2025-09-10,2025-09-13,CUST-0197,PRD-016,R104,In-Store,Credit Card,4,24,0,96,36,60
ORD-2025-02985,2025-09-10,2025-09-13,CUST-0017,PRD-025,R107,Distributor,Bank Transfer,1,620,0,620,290,330
ORD-2025-01579,2025-09-11,2025-09-16,CUST-0046,PRD-024,R105,In-Store,Cash,6,549,0.15,2799.9,1440,1359.9
ORD-2025-01686,2025-09-11,2025-09-14,CUST-0014,PRD-007,R108,Distributor,Credit Card,4,129,0.05,490.2,220,270.2
ORD-2025-02648,2025-09-11,2025-09-14,CUST-0019,PRD-024,R106,Distributor,Bank Transfer,5,549,0.1,2470.5,1200,1270.5
ORD-2025-00489,2025-09-12,2025-09-16,CUST-0022,PRD-025,R102,Online,Cash,2,620,0,1240,580,660
ORD-2025-03252,2025-09-12,2025-09-16,CUST-0003,PRD-017,R102,Distributor,PayPal,4,139,0.05,528.2,260,268.2
ORD-2025-00270,2025-09-13,2025-09-14,CUST-0048,PRD-022,R104,In-Store,Cash,4,450,0.2,1440,840,600
ORD-2025-00283,2025-09-13,2025-09-17,CUST-0150,PRD-006,R103,Online,PayPal,5,89,0.15,378.25,175,203.25
ORD-2025-00848,2025-09-13,2025-09-17,CUST-0185,PRD-021,R105,Online,Bank Transfer,6,289,0.15,1473.9,720,753.9
ORD-2025-03383,2025-09-13,2025-09-15,CUST-0024,PRD-019,R108,In-Store,Cash,4,175,0,700,300,400
ORD-2025-00132,2025-09-14,2025-09-19,CUST-0222,PRD-013,R102,Distributor,Bank Transfer,3,28,0.2,67.2,42,25.2
ORD-2025-02323,2025-09-14,2025-09-16,CUST-0056,PRD-015,R103,In-Store,Bank Transfer,2,15,0,30,10,20
ORD-2025-03138,2025-09-14,2025-09-15,CUST-0165,PRD-019,R101,Online,PayPal,1,175,0.05,166.25,75,91.25
ORD-2025-00423,2025-09-15,2025-09-19,CUST-0131,PRD-004,R104,Distributor,Bank Transfer,4,2199,0,8796,5600,3196
ORD-2025-00505,2025-09-15,2025-09-19,CUST-0053,PRD-003,R102,Online,Cash,1,749,0.05,711.55,480,231.55
ORD-2025-00527,2025-09-15,2025-09-18,CUST-0187,PRD-001,R108,Distributor,Cash,4,999,0.2,3196.8,2600,596.8
ORD-2025-01868,2025-09-15,2025-09-17,CUST-0170,PRD-016,R104,Distributor,PayPal,1,24,0.2,19.2,9,10.2
ORD-2025-00910,2025-09-16,2025-09-19,CUST-0084,PRD-004,R101,Distributor,Credit Card,4,2199,0,8796,5600,3196
ORD-2025-01153,2025-09-16,2025-09-17,CUST-0151,PRD-028,R108,In-Store,Cash,4,135,0.2,432,240,192
ORD-2025-01585,2025-09-16,2025-09-19,CUST-0219,PRD-018,R102,Online,PayPal,1,85,0.05,80.75,40,40.75
ORD-2025-01748,2025-09-16,2025-09-19,CUST-0089,PRD-022,R102,Online,Credit Card,5,450,0.2,1800,1050,750
ORD-2025-02463,2025-09-16,2025-09-17,CUST-0121,PRD-025,R103,Distributor,Bank Transfer,5,620,0.1,2790,1450,1340
ORD-2025-02871,2025-09-16,2025-09-19,CUST-0126,PRD-004,R108,Distributor,Bank Transfer,3,2199,0.15,5607.45,4200,1407.45
ORD-2025-03094,2025-09-16,2025-09-20,CUST-0195,PRD-020,R101,Distributor,Cash,4,230,0.15,782,440,342
ORD-2025-03451,2025-09-16,2025-09-18,CUST-0080,PRD-016,R107,Online,PayPal,1,24,0.05,22.8,9,13.8
ORD-2025-00099,2025-09-17,2025-09-19,CUST-0068,PRD-020,R104,Online,PayPal,2,230,0,460,220,240
ORD-2025-00439,2025-09-17,2025-09-19,CUST-0206,PRD-020,R101,Distributor,PayPal,4,230,0.15,782,440,342
ORD-2025-02543,2025-09-17,2025-09-21,CUST-0200,PRD-016,R102,In-Store,PayPal,3,24,0,72,27,45
ORD-2025-00087,2025-09-18,2025-09-19,CUST-0234,PRD-010,R107,In-Store,Credit Card,2,799,0.05,1518.1,840,678.1
ORD-2025-01618,2025-09-18,2025-09-22,CUST-0070,PRD-005,R104,In-Store,Credit Card,2,39,0.05,74.1,30,44.1
ORD-2025-02094,2025-09-18,2025-09-23,CUST-0034,PRD-026,R107,Distributor,PayPal,6,210,0,1260,570,690
ORD-2025-01005,2025-09-19,2025-09-21,CUST-0073,PRD-024,R104,Distributor,PayPal,2,549,0,1098,480,618
ORD-2025-01658,2025-09-19,2025-09-22,CUST-0049,PRD-005,R107,Online,PayPal,4,39,0,156,60,96
ORD-2025-02716,2025-09-19,2025-09-22,CUST-0187,PRD-006,R105,Online,Bank Transfer,1,89,0.15,75.65,35,40.65
ORD-2025-00306,2025-09-20,2025-09-23,CUST-0217,PRD-008,R107,In-Store,PayPal,3,49,0.05,139.65,54,85.65
ORD-2025-00952,2025-09-20,2025-09-21,CUST-0176,PRD-026,R107,In-Store,Credit Card,5,210,0,1050,475,575
ORD-2025-00287,2025-09-21,2025-09-23,CUST-0039,PRD-003,R106,Online,Credit Card,5,749,0.05,3557.75,2400,1157.75
ORD-2025-00327,2025-09-21,2025-09-24,CUST-0077,PRD-023,R101,In-Store,Credit Card,1,149,0.05,141.55,65,76.55
ORD-2025-00998,2025-09-21,2025-09-24,CUST-0002,PRD-009,R107,Distributor,Bank Transfer,3,329,0,987,540,447
ORD-2025-01376,2025-09-21,2025-09-26,CUST-0146,PRD-026,R104,Online,Bank Transfer,2,210,0,420,190,230
ORD-2025-01492,2025-09-21,2025-09-24,CUST-0210,PRD-015,R105,In-Store,PayPal,2,15,0.15,25.5,10,15.5
ORD-2025-00929,2025-09-22,2025-09-27,CUST-0075,PRD-001,R101,In-Store,Bank Transfer,6,999,0,5994,3900,2094
ORD-2025-02470,2025-09-22,2025-09-25,CUST-0083,PRD-028,R106,In-Store,PayPal,6,135,0.15,688.5,360,328.5
ORD-2025-00129,2025-09-23,2025-09-27,CUST-0014,PRD-012,R106,Distributor,Credit Card,5,199,0.15,845.75,450,395.75
ORD-2025-02060,2025-09-23,2025-09-26,CUST-0124,PRD-020,R103,Distributor,PayPal,5,230,0.05,1092.5,550,542.5
ORD-2025-02649,2025-09-23,2025-09-25,CUST-0248,PRD-020,R104,Online,Cash,5,230,0.2,920,550,370
ORD-2025-00118,2025-09-24,2025-09-25,CUST-0080,PRD-007,R101,Online,Bank Transfer,2,129,0,258,110,148
ORD-2025-00485,2025-09-24,2025-09-26,CUST-0121,PRD-005,R103,In-Store,PayPal,2,39,0.05,74.1,30,44.1
ORD-2025-03024,2025-09-24,2025-09-27,CUST-0005,PRD-010,R102,Distributor,PayPal,2,799,0,1598,840,758
ORD-2025-03072,2025-09-24,2025-09-26,CUST-0020,PRD-019,R108,In-Store,Cash,1,175,0.05,166.25,75,91.25
ORD-2025-00081,2025-09-25,2025-09-30,CUST-0100,PRD-010,R104,Distributor,PayPal,4,799,0.15,2716.6,1680,1036.6
ORD-2025-00782,2025-09-25,2025-09-30,CUST-0232,PRD-005,R107,In-Store,Cash,5,39,0,195,75,120
ORD-2025-01043,2025-09-25,2025-09-28,CUST-0063,PRD-001,R108,In-Store,Cash,4,999,0.1,3596.4,2600,996.4
ORD-2025-01349,2025-09-26,2025-09-29,CUST-0008,PRD-026,R106,In-Store,Bank Transfer,5,210,0.05,997.5,475,522.5
ORD-2025-02041,2025-09-27,2025-09-30,CUST-0222,PRD-009,R103,Distributor,Credit Card,3,329,0.05,937.65,540,397.65
ORD-2025-02132,2025-09-27,2025-09-29,CUST-0105,PRD-010,R107,Distributor,Credit Card,2,799,0,1598,840,758
ORD-2025-02788,2025-09-27,2025-09-28,CUST-0021,PRD-022,R105,Distributor,Bank Transfer,6,450,0.05,2565,1260,1305
ORD-2025-02992,2025-09-28,2025-10-02,CUST-0220,PRD-027,R104,Online,Cash,2,260,0,520,230,290
ORD-2025-03083,2025-09-28,2025-10-03,CUST-0027,PRD-006,R108,Online,Cash,1,89,0.15,75.65,35,40.65
ORD-2025-03212,2025-09-29,2025-10-03,CUST-0215,PRD-027,R104,In-Store,Credit Card,5,260,0.15,1105,575,530
ORD-2025-03463,2025-09-29,2025-10-01,CUST-0132,PRD-014,R105,Online,Cash,2,22,0.2,35.2,16,19.2
ORD-2025-00717,2025-09-30,2025-10-03,CUST-0093,PRD-005,R106,Distributor,Cash,5,39,0,195,75,120
ORD-2025-01990,2025-09-30,2025-10-03,CUST-0164,PRD-027,R101,Online,Credit Card,5,260,0.05,1235,575,660
ORD-2025-03262,2025-09-30,2025-10-01,CUST-0038,PRD-011,R107,Online,Credit Card,1,499,0.05,474.05,260,214.05
ORD-2025-03385,2025-10-01,2025-10-03,CUST-0148,PRD-007,R102,Online,Credit Card,4,129,0.1,464.4,220,244.4
ORD-2025-00397,2025-10-02,2025-10-04,CUST-0141,PRD-003,R107,Online,PayPal,4,749,0.05,2846.2,1920,926.2
ORD-2025-00579,2025-10-02,2025-10-04,CUST-0240,PRD-002,R101,Distributor,PayPal,5,1699,0.1,7645.5,5500,2145.5
ORD-2025-00824,2025-10-02,2025-10-07,CUST-0201,PRD-002,R101,In-Store,Bank Transfer,3,1699,0,5097,3300,1797
ORD-2025-01225,2025-10-02,2025-10-03,CUST-0113,PRD-011,R101,Online,Credit Card,1,499,0,499,260,239
ORD-2025-02316,2025-10-02,2025-10-05,CUST-0031,PRD-025,R104,Distributor,Credit Card,6,620,0.15,3162,1740,1422
ORD-2025-02693,2025-10-02,2025-10-05,CUST-0026,PRD-018,R105,In-Store,Credit Card,6,85,0.2,408,240,168
ORD-2025-02699,2025-10-02,2025-10-05,CUST-0114,PRD-003,R103,Distributor,Cash,1,749,0,749,480,269
ORD-2025-03339,2025-10-02,2025-10-07,CUST-0158,PRD-017,R104,In-Store,Cash,6,139,0.05,792.3,390,402.3
ORD-2025-00144,2025-10-03,2025-10-08,CUST-0120,PRD-013,R107,In-Store,Cash,3,28,0,84,42,42
ORD-2025-01971,2025-10-04,2025-10-07,CUST-0239,PRD-014,R101,In-Store,Bank Transfer,4,22,0,88,32,56
ORD-2025-00615,2025-10-05,2025-10-06,CUST-0031,PRD-026,R104,In-Store,Bank Transfer,6,210,0.05,1197,570,627
ORD-2025-00897,2025-10-05,2025-10-06,CUST-0071,PRD-024,R105,In-Store,Bank Transfer,1,549,0.05,521.55,240,281.55
ORD-2025-01851,2025-10-05,2025-10-10,CUST-0153,PRD-017,R105,Online,Cash,4,139,0.2,444.8,260,184.8
ORD-2025-03019,2025-10-05,2025-10-09,CUST-0020,PRD-026,R105,Distributor,Cash,1,210,0.2,168,95,73
ORD-2025-03123,2025-10-05,2025-10-08,CUST-0112,PRD-021,R108,Online,Bank Transfer,5,289,0.05,1372.75,600,772.75
ORD-2025-01314,2025-10-06,2025-10-09,CUST-0249,PRD-017,R104,Online,PayPal,5,139,0.15,590.75,325,265.75
ORD-2025-01341,2025-10-06,2025-10-10,CUST-0202,PRD-015,R101,Distributor,Credit Card,2,15,0.15,25.5,10,15.5
ORD-2025-00097,2025-10-07,2025-10-09,CUST-0097,PRD-011,R103,Distributor,Credit Card,6,499,0.1,2694.6,1560,1134.6
ORD-2025-00504,2025-10-07,2025-10-09,CUST-0128,PRD-023,R107,Distributor,Credit Card,4,149,0.05,566.2,260,306.2
ORD-2025-01297,2025-10-07,2025-10-12,CUST-0149,PRD-002,R105,Distributor,Credit Card,1,1699,0.15,1444.15,1100,344.15
ORD-2025-02422,2025-10-07,2025-10-11,CUST-0020,PRD-003,R106,Distributor,Cash,6,749,0.05,4269.3,2880,1389.3
ORD-2025-03073,2025-10-07,2025-10-12,CUST-0031,PRD-023,R101,In-Store,Credit Card,5,149,0.05,707.75,325,382.75
ORD-2025-00981,2025-10-08,2025-10-11,CUST-0197,PRD-012,R108,Distributor,Cash,6,199,0,1194,540,654
ORD-2025-01370,2025-10-08,2025-10-13,CUST-0164,PRD-019,R106,In-Store,Credit Card,6,175,0.1,945,450,495
ORD-2025-02283,2025-10-08,2025-10-13,CUST-0126,PRD-027,R103,Distributor,PayPal,5,260,0,1300,575,725
ORD-2025-02337,2025-10-08,2025-10-12,CUST-0049,PRD-014,R102,Online,Cash,5,22,0.1,99,40,59
ORD-2025-00271,2025-10-09,2025-10-14,CUST-0003,PRD-016,R106,In-Store,Cash,6,24,0.15,122.4,54,68.4
ORD-2025-01976,2025-10-09,2025-10-11,CUST-0239,PRD-022,R108,Distributor,Cash,4,450,0.2,1440,840,600
ORD-2025-00216,2025-10-10,2025-10-14,CUST-0088,PRD-015,R108,Online,PayPal,5,15,0,75,25,50
ORD-2025-01505,2025-10-10,2025-10-11,CUST-0017,PRD-011,R106,Online,Bank Transfer,3,499,0,1497,780,717
ORD-2025-01567,2025-10-10,2025-10-13,CUST-0228,PRD-003,R102,In-Store,Cash,6,749,0.2,3595.2,2880,715.2
ORD-2025-01937,2025-10-10,2025-10-11,CUST-0045,PRD-016,R104,Distributor,Credit Card,3,24,0.15,61.2,27,34.2
ORD-2025-02402,2025-10-10,2025-10-11,CUST-0042,PRD-023,R108,Online,Bank Transfer,5,149,0,745,325,420
ORD-2025-03203,2025-10-12,2025-10-16,CUST-0074,PRD-004,R106,In-Store,Bank Transfer,4,2199,0.1,7916.4,5600,2316.4
ORD-2025-01969,2025-10-13,2025-10-15,CUST-0230,PRD-023,R102,Online,Credit Card,4,149,0.15,506.6,260,246.6
ORD-2025-02210,2025-10-13,2025-10-15,CUST-0007,PRD-024,R108,Online,PayPal,3,549,0.05,1564.65,720,844.65
ORD-2025-01061,2025-10-14,2025-10-17,CUST-0091,PRD-009,R104,Online,PayPal,6,329,0.05,1875.3,1080,795.3
ORD-2025-01076,2025-10-14,2025-10-16,CUST-0086,PRD-010,R104,Distributor,PayPal,2,799,0.05,1518.1,840,678.1
ORD-2025-03493,2025-10-14,2025-10-16,CUST-0043,PRD-019,R101,In-Store,PayPal,3,175,0.2,420,225,195
ORD-2025-00377,2025-10-15,2025-10-17,CUST-0020,PRD-021,R108,Online,Cash,5,289,0,1445,600,845
ORD-2025-01278,2025-10-15,2025-10-16,CUST-0248,PRD-013,R101,In-Store,Cash,5,28,0.15,119,70,49
ORD-2025-01501,2025-10-15,2025-10-17,CUST-0083,PRD-025,R107,In-Store,Credit Card,4,620,0.2,1984,1160,824
ORD-2025-02080,2025-10-15,2025-10-19,CUST-0007,PRD-001,R102,In-Store,PayPal,4,999,0.05,3796.2,2600,1196.2
ORD-2025-02484,2025-10-15,2025-10-20,CUST-0051,PRD-012,R106,Distributor,Cash,1,199,0,199,90,109
ORD-2025-00259,2025-10-16,2025-10-20,CUST-0202,PRD-003,R101,In-Store,PayPal,2,749,0,1498,960,538
ORD-2025-00609,2025-10-16,2025-10-19,CUST-0016,PRD-024,R105,Distributor,PayPal,5,549,0.15,2333.25,1200,1133.25
ORD-2025-02009,2025-10-16,2025-10-18,CUST-0170,PRD-013,R103,Online,PayPal,5,28,0.1,126,70,56
ORD-2025-00220,2025-10-17,2025-10-22,CUST-0014,PRD-008,R105,Online,PayPal,5,49,0,245,90,155
ORD-2025-00239,2025-10-17,2025-10-20,CUST-0246,PRD-009,R107,Distributor,PayPal,5,329,0.15,1398.25,900,498.25
ORD-2025-02053,2025-10-17,2025-10-19,CUST-0147,PRD-022,R106,In-Store,Bank Transfer,4,450,0,1800,840,960
ORD-2025-03226,2025-10-17,2025-10-22,CUST-0119,PRD-009,R101,In-Store,Credit Card,4,329,0.15,1118.6,720,398.6
ORD-2025-03448,2025-10-17,2025-10-22,CUST-0199,PRD-008,R106,In-Store,Credit Card,3,49,0.05,139.65,54,85.65
ORD-2025-01100,2025-10-18,2025-10-20,CUST-0119,PRD-015,R101,In-Store,Credit Card,1,15,0.05,14.25,5,9.25
ORD-2025-01271,2025-10-18,2025-10-23,CUST-0157,PRD-007,R102,In-Store,Bank Transfer,5,129,0,645,275,370
ORD-2025-01757,2025-10-18,2025-10-22,CUST-0068,PRD-016,R108,In-Store,PayPal,2,24,0.05,45.6,18,27.6
ORD-2025-01979,2025-10-18,2025-10-22,CUST-0161,PRD-001,R103,In-Store,Credit Card,2,999,0.05,1898.1,1300,598.1
ORD-2025-00632,2025-10-19,2025-10-20,CUST-0245,PRD-019,R105,Distributor,Cash,4,175,0.05,665,300,365
ORD-2025-00660,2025-10-19,2025-10-23,CUST-0081,PRD-014,R103,Online,PayPal,6,22,0.15,112.2,48,64.2
ORD-2025-01353,2025-10-19,2025-10-23,CUST-0129,PRD-028,R105,In-Store,Credit Card,6,135,0.05,769.5,360,409.5
ORD-2025-01477,2025-10-19,2025-10-22,CUST-0222,PRD-016,R101,In-Store,Credit Card,1,24,0.1,21.6,9,12.6
ORD-2025-00094,2025-10-20,2025-10-25,CUST-0007,PRD-004,R104,Online,PayPal,6,2199,0.1,11874.6,8400,3474.6
ORD-2025-00599,2025-10-20,2025-10-25,CUST-0117,PRD-005,R101,Distributor,PayPal,3,39,0.1,105.3,45,60.3
ORD-2025-02030,2025-10-20,2025-10-21,CUST-0110,PRD-005,R105,In-Store,Bank Transfer,1,39,0.15,33.15,15,18.15
ORD-2025-03407,2025-10-20,2025-10-23,CUST-0067,PRD-005,R106,Distributor,Bank Transfer,6,39,0.1,210.6,90,120.6
ORD-2025-00030,2025-10-21,2025-10-23,CUST-0048,PRD-012,R102,Online,Credit Card,4,199,0.1,716.4,360,356.4
ORD-2025-01365,2025-10-22,2025-10-26,CUST-0019,PRD-025,R104,Distributor,Cash,3,620,0.15,1581,870,711
ORD-2025-01439,2025-10-22,2025-10-23,CUST-0005,PRD-006,R102,Online,Credit Card,3,89,0.05,253.65,105,148.65
ORD-2025-02012,2025-10-22,2025-10-26,CUST-0028,PRD-004,R105,Distributor,PayPal,4,2199,0,8796,5600,3196
ORD-2025-01173,2025-10-23,2025-10-24,CUST-0212,PRD-013,R105,Online,PayPal,4,28,0.05,106.4,56,50.4
ORD-2025-01550,2025-10-23,2025-10-28,CUST-0025,PRD-021,R103,In-Store,PayPal,3,289,0.05,823.65,360,463.65
ORD-2025-03068,2025-10-23,2025-10-24,CUST-0216,PRD-007,R105,In-Store,PayPal,3,129,0.1,348.3,165,183.3
ORD-2025-03316,2025-10-23,2025-10-28,CUST-0022,PRD-005,R104,In-Store,Cash,2,39,0,78,30,48
ORD-2025-00098,2025-10-24,2025-10-27,CUST-0175,PRD-028,R108,Distributor,Credit Card,1,135,0.05,128.25,60,68.25
ORD-2025-01113,2025-10-24,2025-10-28,CUST-0073,PRD-010,R102,Distributor,Cash,6,799,0.2,3835.2,2520,1315.2
ORD-2025-02307,2025-10-24,2025-10-28,CUST-0225,PRD-026,R106,Online,Bank Transfer,2,210,0.05,399,190,209
ORD-2025-03133,2025-10-24,2025-10-28,CUST-0204,PRD-009,R104,Distributor,Bank Transfer,5,329,0.1,1480.5,900,580.5
ORD-2025-03256,2025-10-24,2025-10-25,CUST-0095,PRD-005,R103,Distributor,Credit Card,3,39,0.2,93.6,45,48.6
ORD-2025-00159,2025-10-25,2025-10-30,CUST-0079,PRD-016,R103,In-Store,Credit Card,6,24,0.2,115.2,54,61.2
ORD-2025-01165,2025-10-25,2025-10-29,CUST-0004,PRD-006,R102,In-Store,Bank Transfer,3,89,0.05,253.65,105,148.65
ORD-2025-01925,2025-10-25,2025-10-28,CUST-0217,PRD-009,R108,In-Store,Cash,6,329,0.1,1776.6,1080,696.6
ORD-2025-03141,2025-10-25,2025-10-29,CUST-0049,PRD-020,R108,In-Store,Cash,5,230,0.05,1092.5,550,542.5
ORD-2025-03277,2025-10-25,2025-10-29,CUST-0188,PRD-024,R103,Distributor,Credit Card,4,549,0.1,1976.4,960,1016.4
ORD-2025-00039,2025-10-26,2025-10-27,CUST-0171,PRD-011,R105,Distributor,Bank Transfer,6,499,0.15,2544.9,1560,984.9
ORD-2025-00199,2025-10-26,2025-10-28,CUST-0017,PRD-020,R104,Distributor,Bank Transfer,1,230,0,230,110,120
ORD-2025-01470,2025-10-26,2025-10-29,CUST-0029,PRD-005,R108,Online,Cash,3,39,0.15,99.45,45,54.45
ORD-2025-02147,2025-10-26,2025-10-29,CUST-0072,PRD-015,R106,In-Store,Bank Transfer,5,15,0.15,63.75,25,38.75
ORD-2025-02432,2025-10-26,2025-10-29,CUST-0250,PRD-016,R103,Online,Cash,3,24,0,72,27,45
ORD-2025-02841,2025-10-26,2025-10-30,CUST-0168,PRD-015,R103,Distributor,Bank Transfer,4,15,0,60,20,40
ORD-2025-02852,2025-10-26,2025-10-28,CUST-0098,PRD-005,R101,Distributor,Cash,5,39,0,195,75,120
ORD-2025-03291,2025-10-26,2025-10-31,CUST-0061,PRD-007,R104,Distributor,PayPal,3,129,0,387,165,222
ORD-2025-00443,2025-10-27,2025-11-01,CUST-0023,PRD-003,R103,Distributor,PayPal,3,749,0.1,2022.3,1440,582.3
ORD-2025-01406,2025-10-27,2025-10-29,CUST-0016,PRD-012,R101,Online,Cash,2,199,0,398,180,218
ORD-2025-02737,2025-10-27,2025-10-30,CUST-0094,PRD-020,R103,Distributor,PayPal,5,230,0,1150,550,600
ORD-2025-00150,2025-10-28,2025-11-02,CUST-0199,PRD-007,R103,Online,PayPal,1,129,0.05,122.55,55,67.55
ORD-2025-00218,2025-10-28,2025-11-02,CUST-0053,PRD-016,R105,In-Store,Credit Card,2,24,0.2,38.4,18,20.4
ORD-2025-00975,2025-10-28,2025-10-29,CUST-0159,PRD-002,R106,Distributor,Bank Transfer,1,1699,0.05,1614.05,1100,514.05
ORD-2025-02805,2025-10-28,2025-10-31,CUST-0039,PRD-026,R101,Distributor,Cash,6,210,0.2,1008,570,438
ORD-2025-01415,2025-10-29,2025-11-02,CUST-0177,PRD-016,R102,Online,Bank Transfer,2,24,0.05,45.6,18,27.6
ORD-2025-02111,2025-10-29,2025-10-30,CUST-0022,PRD-020,R108,In-Store,Cash,2,230,0.2,368,220,148
ORD-2025-01560,2025-10-30,2025-10-31,CUST-0142,PRD-021,R102,In-Store,PayPal,1,289,0.1,260.1,120,140.1
ORD-2025-01657,2025-10-30,2025-10-31,CUST-0249,PRD-010,R106,Distributor,PayPal,5,799,0.05,3795.25,2100,1695.25
ORD-2025-02668,2025-10-30,2025-11-02,CUST-0163,PRD-006,R103,Online,Bank Transfer,1,89,0.2,71.2,35,36.2
ORD-2025-03443,2025-10-30,2025-11-02,CUST-0112,PRD-012,R106,In-Store,Bank Transfer,5,199,0,995,450,545
ORD-2025-02319,2025-10-31,2025-11-02,CUST-0095,PRD-021,R108,In-Store,Bank Transfer,3,289,0.05,823.65,360,463.65
ORD-2025-02013,2025-11-01,2025-11-04,CUST-0021,PRD-013,R106,Distributor,Cash,6,28,0,168,84,84
ORD-2025-02252,2025-11-01,2025-11-04,CUST-0165,PRD-002,R108,Distributor,Bank Transfer,1,1699,0,1699,1100,599
ORD-2025-03313,2025-11-01,2025-11-03,CUST-0111,PRD-017,R101,Online,Credit Card,5,139,0,695,325,370
ORD-2025-00332,2025-11-02,2025-11-05,CUST-0179,PRD-020,R104,Distributor,PayPal,4,230,0.05,874,440,434
ORD-2025-01063,2025-11-02,2025-11-05,CUST-0148,PRD-022,R104,Distributor,Cash,3,450,0.2,1080,630,450
ORD-2025-00776,2025-11-03,2025-11-07,CUST-0109,PRD-027,R104,In-Store,Cash,3,260,0.1,702,345,357
ORD-2025-01737,2025-11-03,2025-11-04,CUST-0059,PRD-027,R101,Online,Credit Card,1,260,0.1,234,115,119
ORD-2025-00277,2025-11-04,2025-11-07,CUST-0011,PRD-005,R103,Distributor,Bank Transfer,2,39,0,78,30,48
ORD-2025-00709,2025-11-04,2025-11-06,CUST-0075,PRD-013,R102,Distributor,Credit Card,1,28,0,28,14,14
ORD-2025-01101,2025-11-04,2025-11-09,CUST-0080,PRD-019,R108,Online,Cash,6,175,0.05,997.5,450,547.5
ORD-2025-02104,2025-11-04,2025-11-07,CUST-0171,PRD-013,R106,In-Store,Bank Transfer,2,28,0.15,47.6,28,19.6
ORD-2025-02561,2025-11-04,2025-11-07,CUST-0087,PRD-002,R104,In-Store,PayPal,5,1699,0,8495,5500,2995
ORD-2025-02732,2025-11-04,2025-11-07,CUST-0111,PRD-003,R105,In-Store,PayPal,6,749,0,4494,2880,1614
ORD-2025-03059,2025-11-04,2025-11-05,CUST-0029,PRD-025,R107,Distributor,Bank Transfer,6,620,0.15,3162,1740,1422
ORD-2025-03000,2025-11-05,2025-11-09,CUST-0214,PRD-008,R107,Distributor,Credit Card,1,49,0.15,41.65,18,23.65
ORD-2025-03134,2025-11-05,2025-11-06,CUST-0102,PRD-023,R103,Online,Credit Card,5,149,0.05,707.75,325,382.75
ORD-2025-01182,2025-11-06,2025-11-09,CUST-0149,PRD-019,R105,Distributor,Cash,2,175,0,350,150,200
ORD-2025-02642,2025-11-06,2025-11-09,CUST-0063,PRD-009,R103,In-Store,PayPal,1,329,0.05,312.55,180,132.55
ORD-2025-00601,2025-11-08,2025-11-10,CUST-0130,PRD-001,R102,Distributor,Credit Card,6,999,0.05,5694.3,3900,1794.3
ORD-2025-02119,2025-11-08,2025-11-09,CUST-0141,PRD-018,R105,Online,PayPal,5,85,0.15,361.25,200,161.25
ORD-2025-02544,2025-11-08,2025-11-12,CUST-0089,PRD-025,R102,Online,Cash,4,620,0.05,2356,1160,1196
ORD-2025-00710,2025-11-09,2025-11-12,CUST-0037,PRD-020,R101,Online,Bank Transfer,5,230,0.05,1092.5,550,542.5
ORD-2025-01044,2025-11-09,2025-11-13,CUST-0026,PRD-005,R108,Online,PayPal,2,39,0,78,30,48
ORD-2025-01632,2025-11-09,2025-11-14,CUST-0199,PRD-014,R103,Online,PayPal,6,22,0,132,48,84
ORD-2025-02812,2025-11-09,2025-11-10,CUST-0218,PRD-004,R108,Online,PayPal,2,2199,0,4398,2800,1598
ORD-2025-02872,2025-11-09,2025-11-10,CUST-0151,PRD-025,R101,In-Store,Credit Card,2,620,0.1,1116,580,536
ORD-2025-02941,2025-11-09,2025-11-13,CUST-0166,PRD-023,R108,Online,Credit Card,1,149,0.15,126.65,65,61.65
ORD-2025-00200,2025-11-11,2025-11-16,CUST-0220,PRD-022,R105,Distributor,Bank Transfer,1,450,0.05,427.5,210,217.5
ORD-2025-00442,2025-11-11,2025-11-16,CUST-0096,PRD-015,R108,Online,PayPal,3,15,0.05,42.75,15,27.75
ORD-2025-00976,2025-11-11,2025-11-13,CUST-0227,PRD-008,R103,In-Store,Cash,3,49,0,147,54,93
ORD-2025-01229,2025-11-11,2025-11-16,CUST-0135,PRD-028,R107,Distributor,PayPal,2,135,0,270,120,150
ORD-2025-02365,2025-11-12,2025-11-13,CUST-0179,PRD-005,R101,Distributor,Credit Card,2,39,0,78,30,48
ORD-2025-03335,2025-11-12,2025-11-13,CUST-0001,PRD-023,R106,Online,Bank Transfer,4,149,0.2,476.8,260,216.8
ORD-2025-03431,2025-11-12,2025-11-15,CUST-0082,PRD-008,R104,Online,Credit Card,5,49,0,245,90,155
ORD-2025-03433,2025-11-12,2025-11-14,CUST-0063,PRD-017,R107,Online,Bank Transfer,1,139,0.2,111.2,65,46.2
ORD-2025-01304,2025-11-13,2025-11-17,CUST-0211,PRD-021,R108,Online,Cash,1,289,0.05,274.55,120,154.55
ORD-2025-02348,2025-11-13,2025-11-14,CUST-0240,PRD-022,R105,Online,PayPal,5,450,0.05,2137.5,1050,1087.5
ORD-2025-02862,2025-11-13,2025-11-15,CUST-0120,PRD-011,R101,In-Store,Credit Card,6,499,0.2,2395.2,1560,835.2
ORD-2025-00797,2025-11-14,2025-11-15,CUST-0071,PRD-018,R103,In-Store,PayPal,4,85,0,340,160,180
ORD-2025-00856,2025-11-14,2025-11-15,CUST-0031,PRD-008,R108,Online,PayPal,6,49,0,294,108,186
ORD-2025-01174,2025-11-14,2025-11-19,CUST-0218,PRD-011,R101,In-Store,Cash,1,499,0.05,474.05,260,214.05
ORD-2025-01272,2025-11-14,2025-11-18,CUST-0136,PRD-027,R101,In-Store,Cash,5,260,0.05,1235,575,660
ORD-2025-03074,2025-11-14,2025-11-17,CUST-0036,PRD-023,R104,Distributor,Bank Transfer,6,149,0.05,849.3,390,459.3
ORD-2025-00281,2025-11-15,2025-11-17,CUST-0015,PRD-021,R103,Distributor,Cash,3,289,0.1,780.3,360,420.3
ORD-2025-00874,2025-11-15,2025-11-20,CUST-0229,PRD-023,R107,Online,Cash,5,149,0,745,325,420
ORD-2025-01368,2025-11-15,2025-11-20,CUST-0193,PRD-016,R102,Online,PayPal,3,24,0.2,57.6,27,30.6
ORD-2025-02354,2025-11-15,2025-11-16,CUST-0017,PRD-010,R108,In-Store,PayPal,3,799,0,2397,1260,1137
ORD-2025-02918,2025-11-15,2025-11-16,CUST-0216,PRD-017,R101,Distributor,Credit Card,6,139,0.05,792.3,390,402.3
ORD-2025-03188,2025-11-15,2025-11-16,CUST-0185,PRD-005,R106,Online,Cash,6,39,0.15,198.9,90,108.9
ORD-2025-03371,2025-11-15,2025-11-16,CUST-0007,PRD-022,R101,Distributor,Credit Card,6,450,0.05,2565,1260,1305
ORD-2025-01347,2025-11-16,2025-11-17,CUST-0026,PRD-028,R103,Distributor,Cash,2,135,0.05,256.5,120,136.5
ORD-2025-01354,2025-11-16,2025-11-18,CUST-0131,PRD-010,R105,Online,Cash,5,799,0.15,3395.75,2100,1295.75
ORD-2025-02169,2025-11-16,2025-11-17,CUST-0050,PRD-026,R101,Distributor,Cash,4,210,0.05,798,380,418
ORD-2025-02702,2025-11-16,2025-11-20,CUST-0169,PRD-001,R101,Distributor,Bank Transfer,2,999,0,1998,1300,698
ORD-2025-02312,2025-11-17,2025-11-19,CUST-0144,PRD-002,R101,Distributor,Credit Card,4,1699,0.05,6456.2,4400,2056.2
ORD-2025-02799,2025-11-18,2025-11-23,CUST-0155,PRD-014,R108,Online,Cash,3,22,0.05,62.7,24,38.7
ORD-2025-02966,2025-11-18,2025-11-19,CUST-0121,PRD-028,R102,Distributor,Credit Card,5,135,0,675,300,375
ORD-2025-03370,2025-11-18,2025-11-22,CUST-0189,PRD-025,R107,In-Store,Credit Card,5,620,0.05,2945,1450,1495
ORD-2025-00595,2025-11-19,2025-11-20,CUST-0066,PRD-006,R108,Online,Credit Card,3,89,0,267,105,162
ORD-2025-00742,2025-11-19,2025-11-23,CUST-0048,PRD-011,R102,Distributor,Credit Card,2,499,0.05,948.1,520,428.1
ORD-2025-01904,2025-11-19,2025-11-20,CUST-0154,PRD-018,R108,In-Store,Bank Transfer,1,85,0.05,80.75,40,40.75
ORD-2025-02705,2025-11-19,2025-11-24,CUST-0138,PRD-007,R104,Distributor,Credit Card,5,129,0,645,275,370
ORD-2025-03381,2025-11-19,2025-11-24,CUST-0164,PRD-020,R103,In-Store,PayPal,6,230,0,1380,660,720
ORD-2025-00038,2025-11-20,2025-11-24,CUST-0057,PRD-015,R106,In-Store,Bank Transfer,1,15,0.05,14.25,5,9.25
ORD-2025-00980,2025-11-20,2025-11-22,CUST-0181,PRD-026,R105,Distributor,PayPal,2,210,0.2,336,190,146
ORD-2025-01680,2025-11-20,2025-11-23,CUST-0013,PRD-001,R107,Online,Bank Transfer,6,999,0.15,5094.9,3900,1194.9
ORD-2025-02487,2025-11-20,2025-11-24,CUST-0186,PRD-008,R104,Distributor,PayPal,1,49,0.1,44.1,18,26.1
ORD-2025-00131,2025-11-22,2025-11-25,CUST-0082,PRD-011,R108,Distributor,PayPal,5,499,0.1,2245.5,1300,945.5
ORD-2025-00333,2025-11-22,2025-11-23,CUST-0143,PRD-026,R102,In-Store,Bank Transfer,2,210,0.05,399,190,209
ORD-2025-00096,2025-11-23,2025-11-25,CUST-0142,PRD-022,R107,Distributor,Bank Transfer,1,450,0.1,405,210,195
ORD-2025-00757,2025-11-23,2025-11-26,CUST-0148,PRD-014,R102,Distributor,Bank Transfer,4,22,0.05,83.6,32,51.6
ORD-2025-01003,2025-11-23,2025-11-26,CUST-0129,PRD-009,R104,Online,Credit Card,5,329,0.1,1480.5,900,580.5
ORD-2025-01305,2025-11-23,2025-11-28,CUST-0170,PRD-006,R102,Distributor,PayPal,5,89,0,445,175,270
ORD-2025-03224,2025-11-23,2025-11-26,CUST-0105,PRD-021,R108,Distributor,Cash,6,289,0,1734,720,1014
ORD-2025-00341,2025-11-24,2025-11-29,CUST-0048,PRD-010,R105,In-Store,Credit Card,2,799,0.05,1518.1,840,678.1
ORD-2025-02971,2025-11-24,2025-11-27,CUST-0073,PRD-019,R104,Distributor,Bank Transfer,6,175,0.05,997.5,450,547.5
ORD-2025-03246,2025-11-24,2025-11-28,CUST-0025,PRD-007,R102,Online,Cash,6,129,0.15,657.9,330,327.9
ORD-2025-00706,2025-11-25,2025-11-29,CUST-0196,PRD-026,R103,Online,Bank Transfer,3,210,0,630,285,345
ORD-2025-00282,2025-11-26,2025-11-30,CUST-0189,PRD-016,R104,In-Store,Credit Card,1,24,0,24,9,15
ORD-2025-01201,2025-11-27,2025-11-30,CUST-0154,PRD-006,R108,In-Store,Bank Transfer,5,89,0,445,175,270
ORD-2025-02245,2025-11-27,2025-12-02,CUST-0185,PRD-014,R102,In-Store,Cash,4,22,0.15,74.8,32,42.8
ORD-2025-00240,2025-11-28,2025-12-01,CUST-0210,PRD-012,R106,Online,Credit Card,1,199,0.2,159.2,90,69.2
ORD-2025-03346,2025-11-29,2025-12-02,CUST-0018,PRD-003,R101,In-Store,Cash,1,749,0.15,636.65,480,156.65
ORD-2025-03497,2025-11-29,2025-12-03,CUST-0130,PRD-013,R106,Online,Cash,3,28,0,84,42,42
ORD-2025-00572,2025-11-30,2025-12-02,CUST-0225,PRD-006,R105,Online,Credit Card,4,89,0,356,140,216
ORD-2025-01587,2025-11-30,2025-12-03,CUST-0058,PRD-020,R108,Online,Cash,2,230,0.05,437,220,217
ORD-2025-00652,2025-12-01,2025-12-05,CUST-0003,PRD-011,R103,Online,PayPal,5,499,0,2495,1300,1195
ORD-2025-01202,2025-12-01,2025-12-02,CUST-0204,PRD-001,R108,Distributor,Credit Card,3,999,0,2997,1950,1047
ORD-2025-02939,2025-12-01,2025-12-03,CUST-0211,PRD-013,R102,Online,Bank Transfer,1,28,0.1,25.2,14,11.2
ORD-2025-02235,2025-12-02,2025-12-05,CUST-0199,PRD-012,R102,In-Store,Cash,6,199,0.05,1134.3,540,594.3
ORD-2025-01630,2025-12-03,2025-12-06,CUST-0136,PRD-025,R107,Online,Credit Card,6,620,0,3720,1740,1980
ORD-2025-02189,2025-12-04,2025-12-05,CUST-0111,PRD-004,R104,Distributor,Cash,5,2199,0,10995,7000,3995
ORD-2025-02991,2025-12-04,2025-12-07,CUST-0180,PRD-021,R103,Distributor,Credit Card,2,289,0.2,462.4,240,222.4
ORD-2025-00299,2025-12-05,2025-12-06,CUST-0220,PRD-002,R105,Online,Cash,3,1699,0.2,4077.6,3300,777.6
ORD-2025-00813,2025-12-05,2025-12-08,CUST-0205,PRD-001,R101,In-Store,Bank Transfer,2,999,0.2,1598.4,1300,298.4
ORD-2025-00882,2025-12-05,2025-12-09,CUST-0118,PRD-024,R108,Online,Cash,1,549,0.05,521.55,240,281.55
ORD-2025-00974,2025-12-05,2025-12-07,CUST-0159,PRD-013,R108,Distributor,PayPal,4,28,0,112,56,56
ORD-2025-01373,2025-12-05,2025-12-10,CUST-0014,PRD-026,R104,In-Store,Credit Card,6,210,0.1,1134,570,564
ORD-2025-02452,2025-12-05,2025-12-10,CUST-0060,PRD-001,R107,Distributor,Credit Card,3,999,0,2997,1950,1047
ORD-2025-03215,2025-12-05,2025-12-06,CUST-0195,PRD-028,R101,Distributor,Bank Transfer,6,135,0.2,648,360,288
ORD-2025-00319,2025-12-06,2025-12-08,CUST-0165,PRD-018,R102,In-Store,Cash,4,85,0,340,160,180
ORD-2025-00357,2025-12-06,2025-12-11,CUST-0001,PRD-001,R106,Online,Bank Transfer,2,999,0,1998,1300,698
ORD-2025-00634,2025-12-06,2025-12-08,CUST-0143,PRD-022,R103,Distributor,Cash,5,450,0.1,2025,1050,975
ORD-2025-01169,2025-12-06,2025-12-08,CUST-0113,PRD-023,R105,Distributor,Bank Transfer,2,149,0,298,130,168
ORD-2025-01388,2025-12-06,2025-12-08,CUST-0131,PRD-019,R102,Distributor,Bank Transfer,1,175,0.05,166.25,75,91.25
ORD-2025-01502,2025-12-06,2025-12-11,CUST-0180,PRD-020,R105,In-Store,Bank Transfer,5,230,0,1150,550,600
ORD-2025-01755,2025-12-06,2025-12-10,CUST-0048,PRD-001,R102,In-Store,Bank Transfer,6,999,0.05,5694.3,3900,1794.3
ORD-2025-02697,2025-12-06,2025-12-10,CUST-0166,PRD-021,R106,Distributor,Credit Card,6,289,0.1,1560.6,720,840.6
ORD-2025-02525,2025-12-07,2025-12-10,CUST-0024,PRD-026,R101,Distributor,PayPal,2,210,0,420,190,230
ORD-2025-02924,2025-12-07,2025-12-10,CUST-0040,PRD-017,R101,Online,PayPal,3,139,0,417,195,222
ORD-2025-00681,2025-12-08,2025-12-11,CUST-0086,PRD-015,R107,In-Store,Credit Card,5,15,0,75,25,50
ORD-2025-01058,2025-12-08,2025-12-10,CUST-0181,PRD-016,R105,In-Store,Credit Card,2,24,0.1,43.2,18,25.2
ORD-2025-01529,2025-12-08,2025-12-10,CUST-0156,PRD-021,R104,Online,Credit Card,6,289,0,1734,720,1014
ORD-2025-00255,2025-12-09,2025-12-11,CUST-0007,PRD-008,R108,Distributor,Credit Card,1,49,0.2,39.2,18,21.2
ORD-2025-01287,2025-12-09,2025-12-12,CUST-0214,PRD-024,R105,Online,PayPal,5,549,0,2745,1200,1545
ORD-2025-01306,2025-12-09,2025-12-11,CUST-0056,PRD-010,R106,In-Store,Credit Card,1,799,0.15,679.15,420,259.15
ORD-2025-02412,2025-12-09,2025-12-13,CUST-0089,PRD-003,R105,Distributor,Bank Transfer,1,749,0,749,480,269
ORD-2025-02629,2025-12-10,2025-12-13,CUST-0050,PRD-007,R106,Online,Bank Transfer,3,129,0.05,367.65,165,202.65
ORD-2025-01960,2025-12-11,2025-12-15,CUST-0100,PRD-005,R107,Online,PayPal,2,39,0.05,74.1,30,44.1
ORD-2025-02154,2025-12-11,2025-12-15,CUST-0011,PRD-005,R104,In-Store,Credit Card,1,39,0.2,31.2,15,16.2
ORD-2025-02925,2025-12-11,2025-12-13,CUST-0241,PRD-003,R105,Distributor,Credit Card,6,749,0.1,4044.6,2880,1164.6
ORD-2025-00421,2025-12-12,2025-12-15,CUST-0043,PRD-005,R104,Online,Credit Card,6,39,0.2,187.2,90,97.2
ORD-2025-00711,2025-12-12,2025-12-15,CUST-0061,PRD-021,R106,Online,Bank Transfer,3,289,0,867,360,507
ORD-2025-01554,2025-12-12,2025-12-16,CUST-0056,PRD-007,R108,In-Store,PayPal,5,129,0.15,548.25,275,273.25
ORD-2025-01974,2025-12-12,2025-12-13,CUST-0181,PRD-016,R108,In-Store,Credit Card,3,24,0.15,61.2,27,34.2
ORD-2025-02620,2025-12-12,2025-12-15,CUST-0002,PRD-004,R105,Online,Cash,4,2199,0,8796,5600,3196
ORD-2025-03334,2025-12-12,2025-12-16,CUST-0205,PRD-013,R106,Distributor,Bank Transfer,3,28,0,84,42,42
ORD-2025-03498,2025-12-12,2025-12-13,CUST-0112,PRD-022,R105,Distributor,PayPal,3,450,0.05,1282.5,630,652.5
ORD-2025-00342,2025-12-13,2025-12-14,CUST-0197,PRD-011,R107,Distributor,Cash,1,499,0,499,260,239
ORD-2025-00490,2025-12-13,2025-12-14,CUST-0068,PRD-019,R103,Distributor,PayPal,3,175,0.05,498.75,225,273.75
ORD-2025-00538,2025-12-13,2025-12-16,CUST-0105,PRD-023,R108,Online,Credit Card,3,149,0,447,195,252
ORD-2025-01469,2025-12-13,2025-12-14,CUST-0130,PRD-002,R102,Distributor,Credit Card,6,1699,0.1,9174.6,6600,2574.6
ORD-2025-01471,2025-12-13,2025-12-14,CUST-0183,PRD-011,R104,Online,Bank Transfer,4,499,0,1996,1040,956
ORD-2025-00749,2025-12-14,2025-12-18,CUST-0202,PRD-006,R102,Distributor,Cash,3,89,0,267,105,162
ORD-2025-01092,2025-12-14,2025-12-16,CUST-0037,PRD-019,R101,Online,Cash,1,175,0,175,75,100
ORD-2025-01791,2025-12-14,2025-12-16,CUST-0032,PRD-004,R108,Online,Bank Transfer,6,2199,0.15,11214.9,8400,2814.9
ORD-2025-02395,2025-12-14,2025-12-18,CUST-0093,PRD-011,R106,Distributor,Cash,1,499,0.05,474.05,260,214.05
ORD-2025-03012,2025-12-14,2025-12-17,CUST-0047,PRD-005,R106,In-Store,PayPal,2,39,0,78,30,48
ORD-2025-03071,2025-12-14,2025-12-17,CUST-0206,PRD-026,R101,Distributor,PayPal,4,210,0.05,798,380,418
ORD-2025-03114,2025-12-14,2025-12-15,CUST-0244,PRD-027,R108,In-Store,PayPal,2,260,0.05,494,230,264
ORD-2025-03287,2025-12-14,2025-12-16,CUST-0146,PRD-026,R108,In-Store,Credit Card,3,210,0,630,285,345
ORD-2025-01446,2025-12-15,2025-12-19,CUST-0173,PRD-007,R105,Distributor,Bank Transfer,6,129,0.15,657.9,330,327.9
ORD-2025-01720,2025-12-15,2025-12-16,CUST-0205,PRD-008,R105,Distributor,PayPal,3,49,0.2,117.6,54,63.6
ORD-2025-01862,2025-12-15,2025-12-19,CUST-0175,PRD-001,R102,Distributor,Cash,4,999,0.05,3796.2,2600,1196.2
ORD-2025-02301,2025-12-15,2025-12-18,CUST-0065,PRD-005,R108,Online,Bank Transfer,5,39,0.15,165.75,75,90.75
ORD-2025-02811,2025-12-15,2025-12-16,CUST-0012,PRD-027,R106,Distributor,Bank Transfer,3,260,0,780,345,435
ORD-2025-02298,2025-12-16,2025-12-20,CUST-0197,PRD-023,R108,Online,Bank Transfer,3,149,0.15,379.95,195,184.95
ORD-2025-02507,2025-12-16,2025-12-18,CUST-0046,PRD-006,R103,Online,Bank Transfer,5,89,0.1,400.5,175,225.5
ORD-2025-03085,2025-12-16,2025-12-17,CUST-0153,PRD-011,R104,Online,Bank Transfer,4,499,0.15,1696.6,1040,656.6
ORD-2025-02534,2025-12-17,2025-12-20,CUST-0171,PRD-012,R108,Distributor,Credit Card,2,199,0.15,338.3,180,158.3
ORD-2025-00413,2025-12-18,2025-12-20,CUST-0220,PRD-008,R103,Distributor,PayPal,2,49,0.15,83.3,36,47.3
ORD-2025-00640,2025-12-18,2025-12-22,CUST-0061,PRD-027,R104,In-Store,Cash,5,260,0.15,1105,575,530
ORD-2025-01767,2025-12-18,2025-12-21,CUST-0218,PRD-027,R106,Distributor,Bank Transfer,1,260,0.05,247,115,132
ORD-2025-02409,2025-12-18,2025-12-20,CUST-0138,PRD-005,R104,Distributor,Bank Transfer,3,39,0.05,111.15,45,66.15
ORD-2025-02446,2025-12-19,2025-12-24,CUST-0048,PRD-026,R103,Online,Bank Transfer,2,210,0,420,190,230
ORD-2025-02712,2025-12-19,2025-12-21,CUST-0204,PRD-005,R106,In-Store,Credit Card,1,39,0.05,37.05,15,22.05
ORD-2025-01082,2025-12-20,2025-12-21,CUST-0073,PRD-010,R105,Online,PayPal,5,799,0.05,3795.25,2100,1695.25
ORD-2025-01220,2025-12-20,2025-12-22,CUST-0115,PRD-002,R105,In-Store,Credit Card,3,1699,0.05,4842.15,3300,1542.15
ORD-2025-01907,2025-12-20,2025-12-21,CUST-0051,PRD-003,R107,Distributor,Cash,5,749,0,3745,2400,1345
ORD-2025-00022,2025-12-21,2025-12-23,CUST-0198,PRD-026,R104,In-Store,PayPal,6,210,0,1260,570,690
ORD-2025-00953,2025-12-21,2025-12-23,CUST-0048,PRD-025,R102,In-Store,Bank Transfer,6,620,0.05,3534,1740,1794
ORD-2025-01548,2025-12-21,2025-12-25,CUST-0099,PRD-012,R101,Distributor,Cash,5,199,0,995,450,545
ORD-2025-02701,2025-12-21,2025-12-23,CUST-0024,PRD-015,R107,In-Store,Bank Transfer,2,15,0,30,10,20
ORD-2025-01869,2025-12-22,2025-12-23,CUST-0166,PRD-007,R102,In-Store,PayPal,1,129,0.15,109.65,55,54.65
ORD-2025-02589,2025-12-22,2025-12-23,CUST-0246,PRD-002,R108,Online,PayPal,2,1699,0,3398,2200,1198
ORD-2025-03187,2025-12-22,2025-12-27,CUST-0115,PRD-005,R102,In-Store,Credit Card,2,39,0,78,30,48
ORD-2025-00839,2025-12-23,2025-12-28,CUST-0016,PRD-024,R104,Distributor,Bank Transfer,2,549,0,1098,480,618
ORD-2025-01171,2025-12-23,2025-12-26,CUST-0164,PRD-008,R103,Distributor,PayPal,3,49,0,147,54,93
ORD-2025-01619,2025-12-23,2025-12-27,CUST-0197,PRD-023,R108,Online,Bank Transfer,6,149,0.2,715.2,390,325.2
ORD-2025-02742,2025-12-23,2025-12-25,CUST-0249,PRD-010,R104,In-Store,Cash,6,799,0.1,4314.6,2520,1794.6
ORD-2025-03301,2025-12-23,2025-12-25,CUST-0166,PRD-009,R102,In-Store,Credit Card,5,329,0,1645,900,745
ORD-2025-00196,2025-12-24,2025-12-29,CUST-0193,PRD-027,R107,Online,Cash,2,260,0,520,230,290
ORD-2025-00252,2025-12-24,2025-12-29,CUST-0022,PRD-003,R105,In-Store,Credit Card,1,749,0.05,711.55,480,231.55
ORD-2025-00355,2025-12-24,2025-12-25,CUST-0215,PRD-021,R104,In-Store,PayPal,5,289,0.15,1228.25,600,628.25
ORD-2025-00457,2025-12-24,2025-12-26,CUST-0106,PRD-027,R107,Distributor,Cash,2,260,0.05,494,230,264
ORD-2025-00820,2025-12-24,2025-12-28,CUST-0164,PRD-016,R101,Distributor,Cash,5,24,0,120,45,75
ORD-2025-02263,2025-12-25,2025-12-28,CUST-0161,PRD-026,R108,Distributor,Bank Transfer,1,210,0.15,178.5,95,83.5
ORD-2025-02975,2025-12-25,2025-12-26,CUST-0073,PRD-006,R102,Online,Credit Card,1,89,0,89,35,54
ORD-2025-00032,2025-12-26,2025-12-28,CUST-0171,PRD-001,R102,Online,Cash,3,999,0.2,2397.6,1950,447.6
ORD-2025-00458,2025-12-26,2025-12-30,CUST-0053,PRD-019,R104,Distributor,Cash,4,175,0.15,595,300,295
ORD-2025-01653,2025-12-27,2026-01-01,CUST-0237,PRD-010,R102,Online,Bank Transfer,6,799,0.15,4074.9,2520,1554.9
ORD-2025-02490,2025-12-27,2025-12-30,CUST-0032,PRD-018,R103,Online,Cash,4,85,0.1,306,160,146
ORD-2025-00056,2025-12-28,2026-01-01,CUST-0145,PRD-015,R101,In-Store,Bank Transfer,4,15,0.15,51,20,31
ORD-2025-00401,2025-12-28,2025-12-31,CUST-0237,PRD-018,R102,Distributor,Credit Card,4,85,0.1,306,160,146
ORD-2025-00795,2025-12-28,2025-12-30,CUST-0161,PRD-026,R108,Distributor,Cash,1,210,0,210,95,115
ORD-2025-00667,2025-12-29,2025-12-31,CUST-0235,PRD-023,R102,In-Store,Bank Transfer,3,149,0.15,379.95,195,184.95
ORD-2025-00741,2025-12-29,2026-01-01,CUST-0173,PRD-006,R107,Distributor,Bank Transfer,3,89,0.1,240.3,105,135.3
ORD-2025-01256,2025-12-29,2026-01-01,CUST-0110,PRD-014,R104,In-Store,Cash,3,22,0,66,24,42
ORD-2025-02385,2025-12-29,2025-12-30,CUST-0209,PRD-012,R106,Online,Credit Card,1,199,0.2,159.2,90,69.2
ORD-2025-03066,2025-12-29,2025-12-30,CUST-0236,PRD-011,R104,Distributor,Bank Transfer,2,499,0,998,520,478
ORD-2025-00495,2025-12-30,2026-01-01,CUST-0063,PRD-008,R106,Online,Cash,1,49,0.1,44.1,18,26.1
ORD-2025-02241,2025-12-30,2026-01-01,CUST-0099,PRD-004,R108,Distributor,PayPal,2,2199,0.1,3958.2,2800,1158.2
